{"type":"FeatureCollection","features":[{"type":"Feature","id":85578,"geometry":{"type":"Polygon","coordinates":[[[149.79341318600001,-33.247756323134446],[149.79325851999999,-33.248363086134439],[149.793460775,-33.249136410134433],[149.793544056,-33.249243485134421],[149.79410322999999,-33.249540918134429],[149.79432927799999,-33.249362458134428],[149.79463860800001,-33.249540918134429],[149.794924143,-33.249790762134424],[149.79544762500001,-33.249790762134424],[149.79586402999999,-33.249564713134419],[149.79606628400001,-33.249743172134416],[149.79636371699999,-33.250040605134423],[149.796494588,-33.249993016134425],[149.79672063699999,-33.250004914134422],[149.79678012299999,-33.250040605134423],[149.79756534500001,-33.249314870134434],[149.79724411800001,-33.248422572134437],[149.79648269,-33.24763734913445],[149.79569746799999,-33.24761355513445],[149.79488845200001,-33.248363086134439],[149.794817067,-33.248434469134438],[149.79474568399999,-33.248398777134447],[149.79469809400001,-33.248065653134454],[149.794602916,-33.247839604134441],[149.794376868,-33.24761355513445],[149.79398425700001,-33.247625452134457],[149.79341318600001,-33.247744425134456],[149.79341318600001,-33.247756323134446]]]},"properties":{"OBJECTID":85578,"FireName":"Eskdale Rd","FireNo":"20011071581","FireType":1,"StartDate":1578574800000,"EndDate":1579006800000,"AreaHa":7.5322811300000003}},{"type":"Feature","id":91582,"geometry":{"type":"Polygon","coordinates":[[[150.25540855400001,-33.522412784999986],[150.25429809299999,-33.521724423999991],[150.25329658300001,-33.521103584000009],[150.252895798,-33.521119525000003],[150.252720563,-33.521532206000003],[150.25254246099999,-33.521565598999992],[150.252625878,-33.521755186999982],[150.252526534,-33.521989144000003],[150.252889447,-33.522760516999995],[150.25291989900001,-33.523238265999993],[150.252668849,-33.523251776999992],[150.25278813700001,-33.523393792],[150.25225692699999,-33.52362145299999],[150.25042950100001,-33.522536418999991],[150.248887612,-33.522307990999991],[150.24791679200001,-33.522365098000023],[150.24660333099999,-33.523735667999993],[150.24508557199999,-33.528110457000004],[150.24481579499999,-33.528763912000002],[150.24445768199999,-33.529996324999992],[150.24466782100001,-33.53055440699999],[150.24518914699999,-33.530584238000003],[150.24515074799999,-33.530702820000023],[150.244853315,-33.532249468999993],[150.244555883,-33.534034066000018],[150.24474621799999,-33.535532949],[150.24402053899999,-33.535746139999986],[150.24280234899999,-33.53643460899999],[150.24208626399999,-33.53745628099999],[150.24131659599999,-33.537474905999993],[150.239264905,-33.537500710000003],[150.238540806,-33.538772641999998],[150.238699674,-33.540493640999991],[150.23875320900001,-33.541496682999991],[150.23859211499999,-33.542530715999995],[150.23834643199999,-33.542575232000004],[150.23743925400001,-33.542504983000001],[150.23626930899999,-33.543015559000004],[150.23345056799999,-33.544312214000001],[150.232758757,-33.545906852000002],[150.23107418800001,-33.547410827000007],[150.23093250900001,-33.547127468999982],[150.23114666000001,-33.545414255999994],[150.23082543199999,-33.544843185999994],[150.23011159500001,-33.544843185000012],[150.22811285,-33.54245182799999],[150.22747039500001,-33.542309060000008],[150.22689932399999,-33.542951514000002],[150.22700640100001,-33.544129347999984],[150.22589995199999,-33.546806242000009],[150.226292562,-33.547805615000009],[150.22600702899999,-33.548376685000001],[150.22576926799999,-33.548388573999979],[150.22600005300001,-33.548289263000008],[150.224415239,-33.548139222999993],[150.21723810500001,-33.547019099000011],[150.21621192800001,-33.547038948999976],[150.21531825899999,-33.547190583000003],[150.21454377699999,-33.547888747999998],[150.21483064399999,-33.549068790000014],[150.21420572900001,-33.549899127000003],[150.21420139,-33.55163077800001],[150.21403763800001,-33.552471496999985],[150.21410183,-33.552601751000005],[150.213607556,-33.553621078999996],[150.21364402099999,-33.553605391999994],[150.21355282799999,-33.553689770000005],[150.21327088499999,-33.554041218000002],[150.213287482,-33.554411318],[150.21357453499999,-33.554787508999986],[150.213547664,-33.555180482000004],[150.213350741,-33.555545772000016],[150.21326884300001,-33.555877873999989],[150.21322812,-33.556258608],[150.21331780400001,-33.556570721999968],[150.213682549,-33.556745909999989],[150.213917829,-33.556773177999993],[150.21391058699999,-33.556847962000006],[150.21386636599999,-33.557514859000008],[150.21433118499999,-33.557945144000023],[150.214673554,-33.558639827],[150.21490939200001,-33.559103120999985],[150.21548994700001,-33.559478759999983],[150.216255168,-33.559782221000006],[150.216346918,-33.559610978000009],[150.217964661,-33.559554215999995],[150.21903541899999,-33.559768366999997],[150.21956365899999,-33.560253778000003],[150.21900686399999,-33.560639248999976],[150.218835544,-33.560996168999999],[150.21934950599999,-33.56105327600001],[150.21987774799999,-33.560539311999996],[150.220648694,-33.560910507999992],[150.22154812900001,-33.561096107000019],[150.221776557,-33.562466678000014],[150.222147753,-33.563723031999999],[150.221590959,-33.564279826000003],[150.22171944900001,-33.565493351000008],[150.22283303699999,-33.56549335199999],[150.223189956,-33.565821716999984],[150.22327815599999,-33.565813215999995],[150.22312430900001,-33.565964171000005],[150.223396753,-33.566214465999991],[150.22355091099999,-33.567806557999994],[150.22272105100001,-33.568447133999989],[150.222661714,-33.568791284],[150.22269592500001,-33.568828287999992],[150.22257754699999,-33.568907207999999],[150.222725309,-33.569102919000009],[150.22360439799999,-33.569339141999997],[150.224275371,-33.569823312999993],[150.22433277100001,-33.569784265999985],[150.22494599699999,-33.569933425999984],[150.22503165800001,-33.570176132000007],[150.225360024,-33.570061916999983],[150.22635939599999,-33.571018460000005],[150.22710759099999,-33.571513029999998],[150.227112326,-33.571581577000018],[150.22709026000001,-33.57153551799999],[150.22710155199999,-33.572251370999979],[150.227456679,-33.572373828999993],[150.22618047700001,-33.572717324999999],[150.22628862900001,-33.573077549999994],[150.22728918499999,-33.572799432999979],[150.22747437699999,-33.572889457000002],[150.22731961599999,-33.572926164000002],[150.22701976900001,-33.572960271999989],[150.22681910599999,-33.572997515999987],[150.22681840600001,-33.573241996000014],[150.22689137399999,-33.573410605000021],[150.22722577299999,-33.573424067000019],[150.227373935,-33.573469132000007],[150.22752019000001,-33.573573787000008],[150.227715897,-33.573691478000022],[150.22788986800001,-33.573820607000002],[150.228104008,-33.573807516000002],[150.228108529,-33.573803928999993],[150.228314388,-33.574184991000024],[150.22832559099999,-33.574229914999989],[150.22841241899999,-33.574410762000021],[150.22847850599999,-33.574488786000003],[150.22854757600001,-33.574616639000006],[150.22856447000001,-33.574636884],[150.22864055299999,-33.574851196999987],[150.228714669,-33.574984051999984],[150.22886188199999,-33.575058911000006],[150.22894330899999,-33.575185964999982],[150.22900642900001,-33.575217195999997],[150.22917267299999,-33.575285368999985],[150.23008787000001,-33.576169051000008],[150.23009695299999,-33.576315025999989],[150.23017107199999,-33.576447879000021],[150.23037619600001,-33.576494215999993],[150.230666179,-33.576520185],[150.231195461,-33.576765153999993],[150.23130278799999,-33.576926434000015],[150.23158820200001,-33.577135577],[150.231403747,-33.577334202000024],[150.231365866,-33.577404914999995],[150.23131823,-33.577498466000009],[150.23195946600001,-33.577407864999977],[150.23197440300001,-33.577125668000001],[150.23207361199999,-33.577171584000006],[150.23277360599999,-33.578274962000002],[150.234955447,-33.577951651000014],[150.235040621,-33.578497413000001],[150.23533236899999,-33.578541025],[150.235339963,-33.578761722000003],[150.23525016799999,-33.579432379000004],[150.23502849799999,-33.579413109999997],[150.233566545,-33.579680967999998],[150.23193005900001,-33.580059397000021],[150.23037671099999,-33.580511226000013],[150.23012864,-33.580248053000012],[150.22932265399999,-33.579786325999997],[150.22838975299999,-33.579550741000006],[150.227752057,-33.579708191000009],[150.22753373699999,-33.579828948999996],[150.22740489399999,-33.579832525999997],[150.22716083700001,-33.579844943000005],[150.226352386,-33.579994980000009],[150.226389646,-33.580299945000007],[150.227028262,-33.58011389899999],[150.22751660500001,-33.580081912000004],[150.22798915800001,-33.580142597999995],[150.22860271799999,-33.580338827999995],[150.22898469500001,-33.580558490000001],[150.22959064099999,-33.58112665500002],[150.229727981,-33.580975879000022],[150.23075528699999,-33.581344363999989],[150.230748686,-33.581361831000009],[150.230759713,-33.581365899999987],[150.230773664,-33.581350954999991],[150.23155798499999,-33.581632276000022],[150.23206276299999,-33.581353758000006],[150.23253478699999,-33.581016182000006],[150.232549049,-33.581029502000007],[150.23257088299999,-33.581015082000015],[150.232558447,-33.581001036000011],[150.232946828,-33.580843998999988],[150.233209921,-33.580828750999984],[150.23321198100001,-33.580834001999982],[150.23327066300001,-33.58083026900001],[150.233268842,-33.580825335],[150.23339222999999,-33.580818184000009],[150.23390260400001,-33.580829599999994],[150.23390273699999,-33.580833446000028],[150.23464512999999,-33.580847723000012],[150.235316138,-33.580747787000007],[150.23578727099999,-33.580590741000009],[150.23651538499999,-33.580462250999993],[150.237172117,-33.579048851000003],[150.23754331399999,-33.578834700000009],[150.23808583100001,-33.578934637000003],[150.238242875,-33.57927727900001],[150.238347973,-33.579366611000012],[150.23838564299999,-33.57944860100001],[150.238461204,-33.579462859000003],[150.238528411,-33.579519982999969],[150.238602617,-33.579489541000001],[150.23914231099999,-33.579591368999992],[150.239442123,-33.580219546000002],[150.23972766,-33.580290931000008],[150.24041294400001,-33.580319484],[150.24044149700001,-33.58017671599999],[150.239884703,-33.579948288000004],[150.23994181099999,-33.579491432000012],[150.240284454,-33.57922017300001],[150.240227347,-33.578977467999991],[150.24029873000001,-33.578706210000014],[150.24061282,-33.578663379999995],[150.24061282,-33.578492058000002],[150.23981332100001,-33.578049478000011],[150.239898982,-33.577578344999999],[150.23984187400001,-33.577221426000015],[150.24005602599999,-33.57702155100003],[150.24047005200001,-33.576821676999991],[150.240455776,-33.576279159999984],[150.24041294599999,-33.575922239999983],[150.24013641600001,-33.575978675999984],[150.24043182200001,-33.575653552000013],[150.24004645299999,-33.575455808999983],[150.240062024,-33.575323187000016],[150.24019270100001,-33.575319945999986],[150.24118482700001,-33.575485202000017],[150.24160885200001,-33.575816682000003],[150.24169533200001,-33.576009438],[150.24199729700001,-33.576594618999991],[150.24232223000001,-33.576905995999986],[150.24329502200001,-33.577231814000015],[150.24387901700001,-33.577686120999992],[150.24473211899999,-33.577967516999983],[150.24531010300001,-33.577926758999986],[150.24552687799999,-33.578045054999997],[150.245959723,-33.577875794000001],[150.24620530300001,-33.577994565999987],[150.246461684,-33.576652553999985],[150.24609973700001,-33.57660871400001],[150.24646078200001,-33.574887377000003],[150.24631018400001,-33.574245942999994],[150.24668522299999,-33.573204738999998],[150.246930693,-33.571791713999993],[150.246953848,-33.571767226000006],[150.24762571700001,-33.572527958999999],[150.24805434199999,-33.573163649999984],[150.24835225199999,-33.573653311999998],[150.248793611,-33.574336991999992],[150.24884807399999,-33.574333452000005],[150.248784707,-33.574517262999997],[150.248889999,-33.574978556000005],[150.24810383400001,-33.575418906000003],[150.247946644,-33.5754333],[150.24723764000001,-33.575101460999981],[150.24715175599999,-33.575338083999995],[150.247020811,-33.575871873000004],[150.24690561599999,-33.576358304999999],[150.24688000699999,-33.576602006000002],[150.246871465,-33.576603534],[150.24687622799999,-33.576637957999978],[150.24687498,-33.576649828999997],[150.24687780599999,-33.576649359000008],[150.24688884599999,-33.576729151000016],[150.24776281499999,-33.576802274999991],[150.24789536,-33.577115319999983],[150.24818581,-33.576942881999997],[150.249447387,-33.577007062999989],[150.24938264299999,-33.577226007999997],[150.24999991799999,-33.577501738999999],[150.24956624800001,-33.579038488999998],[150.24959887599999,-33.579339288],[150.248508966,-33.579533297000012],[150.24864228199999,-33.579911954999993],[150.24977951400001,-33.579772662000011],[150.24975506000001,-33.579600372000002],[150.249750581,-33.57958855199999],[150.25015575699999,-33.57938399199999],[150.25013746400001,-33.579449057999994],[150.25033725500001,-33.579978278000006],[150.25063241500001,-33.580376037000015],[150.25077505799999,-33.58055095400001],[150.250766782,-33.581170960999984],[150.25152849899999,-33.581235597999992],[150.251832138,-33.581366385999992],[150.252403628,-33.580959263000004],[150.25299779700001,-33.580915214000008],[150.253074309,-33.580659296999997],[150.253673824,-33.580806191000015],[150.25390286199999,-33.580773112000024],[150.25390277899999,-33.580730025999998],[150.25407350899999,-33.58074768300002],[150.25435931600001,-33.581065113000008],[150.25441450100001,-33.581061286999997],[150.25435661700001,-33.581203008999985],[150.25392374,-33.581193396999971],[150.25411790699999,-33.581541197999996],[150.25436812699999,-33.581918869999996],[150.25445222100001,-33.582502763000008],[150.254376525,-33.583092648999994],[150.254241756,-33.583748014000015],[150.25432071,-33.584493997000003],[150.254406617,-33.585020681999993],[150.25429381199999,-33.585342583999996],[150.25456419899999,-33.585444000999999],[150.25465977799999,-33.585665575999997],[150.254635694,-33.586065779999991],[150.25570379199999,-33.587616113999992],[150.25607853100001,-33.587662595999987],[150.256260158,-33.586607530999977],[150.256613786,-33.585880687000014],[150.25727507299999,-33.584798094000021],[150.257561407,-33.581875230000001],[150.257013481,-33.581538670000008],[150.256875052,-33.581230273999999],[150.25677049500001,-33.580932171000015],[150.256948311,-33.580716662000015],[150.25727602699999,-33.580447229999997],[150.25743984900001,-33.580219532000008],[150.257490085,-33.580218979000016],[150.257900664,-33.576772611000003],[150.25816729300001,-33.576991713000005],[150.25904951699999,-33.576128689000022],[150.25961621600001,-33.575330225999998],[150.260241364,-33.574485346999992],[150.26036469499999,-33.574200953999991],[150.26092890300001,-33.574386980000007],[150.26153565800001,-33.575927045999997],[150.26232473600001,-33.576206905999982],[150.26258941200001,-33.576166125999976],[150.26236479299999,-33.576726899000001],[150.26216455400001,-33.577652756999996],[150.260196573,-33.577704588000017],[150.26003383099999,-33.578345025999987],[150.25902091099999,-33.58063637699999],[150.25900866399999,-33.581924196999978],[150.25898981099999,-33.582520118999987],[150.259195019,-33.583240273000008],[150.25933271599999,-33.58429288100001],[150.25871106700001,-33.585924995999989],[150.258011498,-33.587316844999997],[150.25795867100001,-33.588985421000004],[150.25844363600001,-33.590074291999997],[150.259997266,-33.590223287000008],[150.26060456499999,-33.590847393999994],[150.260194187,-33.59230198800001],[150.26148505200001,-33.593738864000024],[150.262049437,-33.593918338000009],[150.26339779899999,-33.594544527000004],[150.26382415699999,-33.595484251999999],[150.26384772899999,-33.595485323000005],[150.26374470600001,-33.595855608999983],[150.264403837,-33.597186911000016],[150.26459957099999,-33.597453772999998],[150.26508888500001,-33.597970152999999],[150.26530293299999,-33.598232505999988],[150.26553181599999,-33.598566749],[150.265679084,-33.598777530999996],[150.265662537,-33.598784750999997],[150.26614585300001,-33.59989336400001],[150.26638715499999,-33.600439592000001],[150.266523828,-33.600867296000004],[150.26678444300001,-33.601415724999988],[150.26717758500001,-33.60187868300001],[150.26723712500001,-33.602051772999999],[150.26757780299999,-33.60229020400002],[150.26841816800001,-33.602759605999999],[150.268736819,-33.602959861000002],[150.269254069,-33.602958557000022],[150.26931156699999,-33.602971365000002],[150.26975557099999,-33.60267703800001],[150.27016255199999,-33.602426616999999],[150.27062434600001,-33.602205531000024],[150.27067372600001,-33.602216014000014],[150.27095666,-33.602327817999999],[150.27167645200001,-33.602949529000014],[150.27173969399999,-33.603371880000012],[150.271843324,-33.603930715000011],[150.271696633,-33.604514872000003],[150.271464151,-33.605145239999999],[150.27057727299999,-33.605998902999993],[150.270568174,-33.605992920999995],[150.27035980299999,-33.606265832000012],[150.270282571,-33.606454956],[150.270261949,-33.606634507000024],[150.270259756,-33.606653724999994],[150.270439157,-33.607473478999999],[150.270311341,-33.608272136999986],[150.27030127399999,-33.608296548000006],[150.27030274200001,-33.608301071999989],[150.27016391500001,-33.608748241000008],[150.26989041600001,-33.609393339999983],[150.26988358599999,-33.60941193],[150.27029580600001,-33.610933850999999],[150.27050652,-33.611846114999985],[150.27048520100001,-33.611833054000009],[150.27064618700001,-33.612329286999994],[150.27069092100001,-33.612344098000008],[150.27101439,-33.613046853],[150.270961761,-33.613072118000005],[150.27136700599999,-33.61378235899997],[150.271482604,-33.613913720000006],[150.272135332,-33.613827942000022],[150.27273230500001,-33.613340190000009],[150.27346196600001,-33.612984171000001],[150.274011621,-33.612950394000002],[150.27417444400001,-33.613073451000005],[150.274316078,-33.613086596999999],[150.27457557899999,-33.613107228000004],[150.27477950599999,-33.613081908000019],[150.274937884,-33.613145033000016],[150.27521312600001,-33.613231607000017],[150.275370942,-33.613312609000012],[150.27577392500001,-33.613303602000009],[150.27604692099999,-33.613348379999984],[150.276451025,-33.613416919000002],[150.27641156600001,-33.61365160299998],[150.276201727,-33.613864643000007],[150.276024597,-33.61405753199999],[150.275831719,-33.614297781000012],[150.27581414299999,-33.61431266000001],[150.27582143000001,-33.614318166000011],[150.275194666,-33.614997454999987],[150.274751544,-33.615488610999989],[150.27438893300001,-33.616138974000002],[150.27439833899999,-33.616926348000014],[150.27465743799999,-33.617390050999987],[150.27527419899999,-33.617360713000004],[150.275750601,-33.617442775000008],[150.27565700100001,-33.618242190999993],[150.275597608,-33.618498500999983],[150.276113141,-33.61896785199999],[150.27895272200001,-33.618973150999999],[150.28060915899999,-33.619610718000004],[150.281108069,-33.619521508000012],[150.280805773,-33.620430837000008],[150.281818931,-33.621397726000012],[150.28342064,-33.623780137999987],[150.28450346299999,-33.622530150000024],[150.28728017500001,-33.622362132999989],[150.28745531300001,-33.62220158600001],[150.28753082200001,-33.622248327999984],[150.28761048800001,-33.622331615],[150.287580601,-33.622363651999983],[150.287507586,-33.623328123000007],[150.28748067500001,-33.624186264000009],[150.28616255899999,-33.625302301000026],[150.285752454,-33.62556934900001],[150.28548065300001,-33.625846586000009],[150.28591634,-33.625899397999994],[150.285764054,-33.626070717999987],[150.28564983999999,-33.626184932000008],[150.28563080399999,-33.626413360999997],[150.28596393000001,-33.626584681000004],[150.286078143,-33.62667034199999],[150.28620187499999,-33.626936841999985],[150.28632560599999,-33.62713671600001],[150.28659050300001,-33.627451280999999],[150.28875310699999,-33.627255525999999],[150.289820134,-33.627147108000017],[150.29221715400001,-33.626518057999995],[150.29241702900001,-33.626299148000015],[150.292988098,-33.626137344999989],[150.29334926600001,-33.626121642000015],[150.294472883,-33.625023757000001],[150.295739032,-33.624531814999997],[150.29585563099999,-33.624441351999998],[150.29880334000001,-33.623181933000005],[150.300049183,-33.621634807000007],[150.29940776399999,-33.620261129000006],[150.29910380600001,-33.61903794599997],[150.299083766,-33.618335006999992],[150.29966523900001,-33.618198187999994],[150.30154501300001,-33.616699126999997],[150.304401068,-33.616336795000009],[150.304667679,-33.616763365999986],[150.304908082,-33.616935082999994],[150.30545757600001,-33.616935084000012],[150.30596276099999,-33.616766689999984],[150.30995053999999,-33.619560741000001],[150.309370616,-33.617580177000008],[150.31247553200001,-33.616753207000009],[150.31495876599999,-33.616664052000012],[150.31612544000001,-33.614125877000021],[150.31966635699999,-33.614763241999995],[150.32038019699999,-33.614691857999986],[150.32152233599999,-33.613978019000001],[150.32223617400001,-33.613335562999993],[150.32309277900001,-33.612978644999984],[150.324306304,-33.612693110000002],[150.325091525,-33.611479584000016],[150.325118401,-33.611419112],[150.32544854700001,-33.610997638000015],[150.32545251400001,-33.611000533000023],[150.32696006500001,-33.612035007999992],[150.32712565200001,-33.612241726000015],[150.327660076,-33.612908886999989],[150.32810367799999,-33.613777220999999],[150.32615179300001,-33.614665316999989],[150.32355769899999,-33.61557526],[150.32208580899999,-33.616151656999996],[150.32170516599999,-33.617395742000014],[150.31977418400001,-33.617604350999997],[150.31905491200001,-33.61873374000001],[150.31935693899999,-33.620028401000013],[150.31933890299999,-33.620044516],[150.31930783499999,-33.620018464000005],[150.31769001800001,-33.619964283000016],[150.31469744,-33.620109216000003],[150.31443766500001,-33.620329071000015],[150.31087796400001,-33.621369960000003],[150.307527556,-33.621833727999999],[150.30519063,-33.622713094000019],[150.30316064799999,-33.623348649000015],[150.30234346500001,-33.624267137999986],[150.29990296400001,-33.626318873999999],[150.29912257300001,-33.626616091000002],[150.29852189100001,-33.626301886999997],[150.29796271800001,-33.626623113000015],[150.29749872299999,-33.626980031999992],[150.29683247400001,-33.627420231999984],[150.29599966200001,-33.628026995000006],[150.29558325599999,-33.629026368000005],[150.297165597,-33.630632503999998],[150.29814413099999,-33.630585592999999],[150.299108851,-33.631203462000009],[150.300682252,-33.630128640999999],[150.303073318,-33.628892742000005],[150.30432848300001,-33.628419199],[150.306022205,-33.627597396000006],[150.307573617,-33.626613444000007],[150.308939979,-33.626099818000014],[150.30875284199999,-33.626440345999995],[150.31135730400001,-33.627964044000009],[150.311323526,-33.628461316000006],[150.307866362,-33.630631237999999],[150.30788666699999,-33.631318706000009],[150.30765967100001,-33.631388141000002],[150.30734794599999,-33.631042409999978],[150.30608683200001,-33.631780041999995],[150.30657453699999,-33.632373771000005],[150.30658033200001,-33.632399654000018],[150.306637438,-33.632532904000001],[150.30686586799999,-33.632551939999992],[150.307907207,-33.632014256999987],[150.30799384700001,-33.634947731999993],[150.30882541099999,-33.636061125000012],[150.30739903599999,-33.636796382999989],[150.30566263,-33.636050909000012],[150.304550898,-33.636265201000008],[150.30438332599999,-33.637066609000016],[150.30448235399999,-33.637163101999988],[150.303567773,-33.637860357999998],[150.30359632700001,-33.638393355999987],[150.30333934399999,-33.638840694999978],[150.30293959400001,-33.638878767000008],[150.30280634600001,-33.639021534999976],[150.302577918,-33.639221409000001],[150.30141673899999,-33.639706820000008],[150.301456019,-33.639806389999997],[150.30123130000001,-33.639918748999989],[150.30049842599999,-33.639652249000015],[150.29967988999999,-33.640071033999988],[150.29957827999999,-33.640256216000004],[150.29785806199999,-33.641192605999997],[150.29675285299999,-33.641677395000002],[150.297002416,-33.642191860999979],[150.29788183100001,-33.642716217999997],[150.29948616499999,-33.642825047000002],[150.30158962799999,-33.642884408000015],[150.30196630500001,-33.64276589],[150.30206803600001,-33.642792621000005],[150.30269212900001,-33.642628797],[150.30368198599999,-33.64225760099999],[150.304462449,-33.641886405000022],[150.30517628800001,-33.641324852999993],[150.30557603700001,-33.641048835999996],[150.30561410799999,-33.640829926000002],[150.305794948,-33.640658604000002],[150.30609951900001,-33.640668121000004],[150.30611373900001,-33.640852990000006],[150.30612930199999,-33.64083452500001],[150.30609852800001,-33.641103810999986],[150.30636026799999,-33.641294167999995],[150.30665710299999,-33.641203469000004],[150.30665720499999,-33.641236664999987],[150.30740078700001,-33.641034410999985],[150.30966127600001,-33.640320572999997],[150.31083910800001,-33.640986822000009],[150.31094474299999,-33.640410638000013],[150.31105958099999,-33.640503892000005],[150.31115986399999,-33.639739237000008],[150.311188418,-33.639567915999997],[150.31117889999999,-33.639120578000004],[150.311164625,-33.638977809000011],[150.31137877500001,-33.638606613999983],[150.31152630299999,-33.638468606000011],[150.31245285700001,-33.639962156000017],[150.312467978,-33.63994023499999],[150.31335146800001,-33.640989079999997],[150.31426056800001,-33.642708427000017],[150.31447307100001,-33.642654270000008],[150.315309227,-33.643752750999987],[150.315283247,-33.643756913000004],[150.31531215199999,-33.643803250999987],[150.31500799299999,-33.643935054000018],[150.31442015600001,-33.644064090999983],[150.31374629600001,-33.644178789999984],[150.31354557,-33.644551564000011],[150.31344520799999,-33.644967352000002],[150.31323014500001,-33.645225425999996],[150.312986408,-33.645727237999999],[150.312929059,-33.646300736999976],[150.312800022,-33.646644836000007],[150.312570623,-33.646816885999989],[150.312312547,-33.647361711000016],[150.31234122199999,-33.647562435000005],[150.312613634,-33.647791835],[150.31261363499999,-33.648121596000003],[150.31258495899999,-33.648723771],[150.31312978299999,-33.648938833999999],[150.313860995,-33.649225581999985],[150.314692568,-33.649584019999992],[150.31565245499999,-33.650106309999991],[150.31569644199999,-33.650144966000006],[150.31631510099999,-33.650411465999994],[150.31683858299999,-33.650592305000011],[150.31824722299999,-33.650382911999998],[150.318409027,-33.650240145000005],[150.31855179499999,-33.649745217000003],[150.31855058400001,-33.649688354000013],[150.318922125,-33.649627031999998],[150.31940959799999,-33.650085830999991],[150.31963899900001,-33.649368957],[150.319997435,-33.649010519999997],[150.32074298399999,-33.648967506999981],[150.320898443,-33.64889054799999],[150.32110877400001,-33.648895109000001],[150.321958954,-33.648703628000014],[150.32218291000001,-33.648254673000004],[150.32219106900001,-33.648250632999982],[150.322864931,-33.647505085000006],[150.32375385500001,-33.647031948999995],[150.32366800099999,-33.646809511000022],[150.32480109100001,-33.646659857000024],[150.32533647100001,-33.646528987000011],[150.32469401500001,-33.646386219999997],[150.324008026,-33.646339982999983],[150.32451687400001,-33.645707946999991],[150.325480239,-33.645999898000007],[150.32546702499999,-33.646001613999999],[150.32573802900001,-33.646460703999978],[150.32529353000001,-33.646999721000014],[150.32424974,-33.647039402000004],[150.324241328,-33.646988936],[150.323825543,-33.647003273000003],[150.32346710499999,-33.647318697999985],[150.32275023,-33.647963885000003],[150.32234878099999,-33.648422683999996],[150.32188998199999,-33.649139556999977],[150.321474196,-33.649325945000015],[150.321144433,-33.64968438199999],[150.320599609,-33.649454982000002],[150.320241173,-33.649397631999996],[150.31963899900001,-33.649454982000002],[150.31941307400001,-33.650346126000017],[150.31940040200001,-33.650330804999996],[150.318753757,-33.651867269999983],[150.318825954,-33.652298206000005],[150.31937458300001,-33.653001871000008],[150.320034279,-33.653803359999991],[150.320743927,-33.653914167000018],[150.32177082199999,-33.653912580000004],[150.322167355,-33.654923037000003],[150.322111514,-33.655804416999992],[150.32225668199999,-33.656642447999999],[150.32270728899999,-33.657749489999986],[150.32313678700001,-33.658617536000001],[150.32321417899999,-33.658881604000015],[150.322682292,-33.660396720999984],[150.322102239,-33.661624545000024],[150.322024532,-33.662290767000002],[150.32206159,-33.66293562300001],[150.322065708,-33.663722886999999],[150.32240230900001,-33.664827459000001],[150.323419731,-33.665135755999977],[150.324416775,-33.665181210999982],[150.32511692599999,-33.665601890000019],[150.32551382700001,-33.665682045999993],[150.32687042000001,-33.666093074000003],[150.327581463,-33.666314268000001],[150.32754503300001,-33.666417770999985],[150.327773751,-33.666374086000012],[150.32785936600001,-33.666400717999998],[150.32787709199999,-33.666354347000009],[150.328779013,-33.666182071000016],[150.32892837099999,-33.666433480999991],[150.32886069400001,-33.666433334000004],[150.32838567600001,-33.667033717999985],[150.32829395600001,-33.667162986999983],[150.328028687,-33.667382386999989],[150.327785124,-33.667878048999988],[150.32781319200001,-33.667878839000018],[150.32759468399999,-33.668257005999983],[150.32746412099999,-33.668788505000002],[150.327531744,-33.669553290999993],[150.32710762799999,-33.669983022999993],[150.326577735,-33.670143303000017],[150.32534375,-33.670192916999994],[150.32470217700001,-33.670274438000021],[150.32466577899999,-33.670712558999995],[150.32482992600001,-33.67130768900001],[150.32520443499999,-33.672479864999985],[150.325435833,-33.673114615999992],[150.325515252,-33.673497996999998],[150.32568945099999,-33.673768930999984],[150.326752607,-33.674078192999978],[150.327438054,-33.674054863000009],[150.32797366200001,-33.674448113000004],[150.32847959,-33.674325476000007],[150.32916288000001,-33.673634182000008],[150.329578943,-33.672727192000018],[150.33014580899999,-33.672109707000004],[150.330537679,-33.671984596000009],[150.33103180000001,-33.672243353000006],[150.331817132,-33.672680149999991],[150.33218837800001,-33.673222496999983],[150.332202989,-33.673396652999983],[150.331830303,-33.673467387999999],[150.33184692200001,-33.673668119999988],[150.33193197,-33.673870329000032],[150.33235944699999,-33.674070394999994],[150.33247193299999,-33.674492650999987],[150.33254814200001,-33.674980916000017],[150.33254187200001,-33.675553272000009],[150.33263558900001,-33.676213661000006],[150.332744838,-33.676740805999998],[150.33277726599999,-33.676722506000011],[150.332796237,-33.676818471999994],[150.334257079,-33.677556087000021],[150.335530758,-33.678442312999984],[150.33663257000001,-33.678981322999988],[150.33785433099999,-33.679332078999998],[150.33922695999999,-33.679972320000012],[150.3401896,-33.680584632000006],[150.340792566,-33.681017447000009],[150.341211289,-33.681503539999994],[150.34150009800001,-33.682502080000006],[150.34204571500001,-33.683315315999991],[150.34247434700001,-33.684221445999995],[150.343047493,-33.684882605999995],[150.343787378,-33.685318350999999],[150.34505371200001,-33.685708164000005],[150.34548531900001,-33.686518933999999],[150.34615503200001,-33.687010406000013],[150.346638789,-33.686868137999994],[150.347130752,-33.686458879000014],[150.34828544199999,-33.686025686000001],[150.3488663,-33.685694662000003],[150.348899657,-33.685351880999995],[150.34846040400001,-33.684789038999995],[150.34772108600001,-33.684334250000013],[150.347325125,-33.683848666000003],[150.347112834,-33.683328860999993],[150.34699003399999,-33.68286822799999],[150.34696610099999,-33.682161636999993],[150.34707727700001,-33.6815152],[150.347568663,-33.680380766000013],[150.34779329899999,-33.679755845999992],[150.34780501899999,-33.679374435000007],[150.347854197,-33.678516749000018],[150.34756004900001,-33.677689857000004],[150.34719103,-33.677071269999985],[150.34716123199999,-33.676555385],[150.34704957400001,-33.675732410000002],[150.346948419,-33.675310408000009],[150.34691803699999,-33.674813594000007],[150.346643787,-33.674082541999994],[150.34646779400001,-33.674087671000009],[150.34688248099999,-33.674029614000005],[150.34682342900001,-33.674011686000007],[150.346936363,-33.674010609999989],[150.346463696,-33.672221223000015],[150.34518830499999,-33.670888725000005],[150.34535962699999,-33.670546083000005],[150.34602587500001,-33.670450904999996],[150.34690151800001,-33.670222475999999],[150.347187053,-33.669898869999997],[150.347835105,-33.669730857000012],[150.34902681,-33.670063035999995],[150.351295935,-33.670493383],[150.352238242,-33.670465878999998],[150.35230623000001,-33.671039832000012],[150.353283632,-33.670798386999991],[150.353745664,-33.671547762000003],[150.35523699300001,-33.671293457000012],[150.356447586,-33.670890001999993],[150.357663151,-33.668459046000002],[150.35756728699999,-33.666930337000004],[150.35839253200001,-33.666065389000025],[150.359197268,-33.664937601999966],[150.36115636700001,-33.665241864000002],[150.361992593,-33.664949624000002],[150.36273370500001,-33.66403514000001],[150.363486653,-33.662552108],[150.363620779,-33.662711780000002],[150.36360515199999,-33.662839037000005],[150.363545665,-33.664147740000004],[150.36419300200001,-33.664691509000022],[150.36418774699999,-33.664724405000008],[150.363964092,-33.666210515999992],[150.36480300599999,-33.666765131999995],[150.365301923,-33.666775775000005],[150.36567010799999,-33.666395999000017],[150.36694667399999,-33.666631940999984],[150.36819487700001,-33.66662872600002],[150.369260357,-33.666770694],[150.369794912,-33.666782078000004],[150.37026520500001,-33.66539066],[150.37099699000001,-33.665758284000006],[150.37128284799999,-33.666066999999984],[150.371115301,-33.666750550000003],[150.37041641799999,-33.667451299999996],[150.37059667400001,-33.668558390999991],[150.37092674199999,-33.669430128999998],[150.37104207799999,-33.670327115000006],[150.37166452599999,-33.670966532999998],[150.37291279300001,-33.670963272000016],[150.37447093899999,-33.671324399000007],[150.37608828200001,-33.670911502999999],[150.37701127599999,-33.67105037999999],[150.37833806399999,-33.670810189999976],[150.37959085700001,-33.670657869000003],[150.38097083599999,-33.671015134000001],[150.38115861200001,-33.670937043999984],[150.38119816599999,-33.670961467000005],[150.381990358,-33.670709900999988],[150.38285743700001,-33.670340645999985],[150.383435787,-33.670084538999994],[150.38385648400001,-33.66968004400001],[150.384478575,-33.669530158000001],[150.38496762299999,-33.669412327000003],[150.385046894,-33.669412213000008],[150.38596709000001,-33.669719539999996],[150.387159873,-33.670370951999992],[150.38798498099999,-33.67020949700003],[150.38967443000001,-33.669768127000012],[150.390621753,-33.669102334999991],[150.391836168,-33.669038529999995],[150.391957491,-33.668881579999983],[150.392067086,-33.668865646999983],[150.39265589300001,-33.668374164000006],[150.393937384,-33.667949801999981],[150.39516256900001,-33.667528376999989],[150.39589459999999,-33.66740846399999],[150.39656594100001,-33.667499476000017],[150.397590468,-33.667819246000001],[150.39830502999999,-33.667774663000003],[150.39854554199999,-33.667779729000017],[150.39950414899999,-33.66782858400002],[150.40077301700001,-33.667139662000004],[150.40159359099999,-33.66712710800001],[150.40172642799999,-33.667121976999994],[150.40199640200001,-33.667166546999994],[150.40238621099999,-33.667096494999974],[150.402593252,-33.667088497000002],[150.40447925999999,-33.666938270000024],[150.40556111999999,-33.66721165400002],[150.40566269300001,-33.667230870000012],[150.40622119,-33.667403276999991],[150.406477043,-33.66738492999999],[150.40680219800001,-33.667446441999999],[150.407615639,-33.667303276999995],[150.40815103200001,-33.667264877999983],[150.408888972,-33.667181530000001],[150.40923544699999,-33.667169504000007],[150.40964116999999,-33.667096567999991],[150.410154826,-33.667038544999997],[150.410201914,-33.666995761000003],[150.41027521699999,-33.666982582000003],[150.410786661,-33.666575851000005],[150.411706364,-33.666892193999992],[150.411761232,-33.666982762000004],[150.41187200499999,-33.666949168999999],[150.41198675000001,-33.666988635000003],[150.412432819,-33.666779091000002],[150.41258895000001,-33.666731740999992],[150.41303776300001,-33.666494910000026],[150.41350587599999,-33.66627500300001],[150.414248684,-33.66600386999999],[150.414685069,-33.665886323000002],[150.415299377,-33.665924910000008],[150.41588957100001,-33.666032681000004],[150.41596124599999,-33.666056881999992],[150.41755337699999,-33.666477815000022],[150.41820526699999,-33.666611831000004],[150.41859145199999,-33.666739204999999],[150.41955102,-33.666848710999993],[150.419780626,-33.666708517999993],[150.419828892,-33.66670427599999],[150.421181096,-33.66649136800001],[150.42147623599999,-33.666563821999986],[150.422273827,-33.666604323000016],[150.422920328,-33.666927922000013],[150.42362314499999,-33.667276547000036],[150.424360167,-33.667435044000008],[150.424540382,-33.667322607999971],[150.42460015200001,-33.667341723000014],[150.424610398,-33.667278924000016],[150.424767143,-33.66718113000001],[150.424644011,-33.667072907999987],[150.424687425,-33.666806815000022],[150.42369301900001,-33.665474078999985],[150.422328037,-33.664610694000004],[150.421820682,-33.664354022000005],[150.42330457400001,-33.664620353000004],[150.42361728500001,-33.664589628999984],[150.424144337,-33.665367232000001],[150.42538165600001,-33.665272054999981],[150.42561960200001,-33.66529584900001],[150.425619603,-33.666104866000012],[150.426404824,-33.666437991000024],[150.427642144,-33.666580758000009],[150.42895084899999,-33.666699730999994],[150.42995022100001,-33.666699729999998],[150.43035473,-33.666533168999997],[150.430568881,-33.666081071000008],[150.43137789599999,-33.666580758000016],[150.431615843,-33.666794908999996],[150.43268660199999,-33.667365979999992],[150.433781154,-33.666985265999998],[150.435042267,-33.666580757999995],[150.435898874,-33.666319018000003],[150.43616061399999,-33.665581384999996],[150.435470571,-33.664653393999998],[150.43525641900001,-33.66393955600001],[150.43535159800001,-33.662392906000001],[150.435304008,-33.661774245999986],[150.43587507999999,-33.661322149],[150.43658891800001,-33.660965229999995],[150.43754070200001,-33.660822462000006],[150.437969004,-33.660489338000005],[150.43825454,-33.659965855999999],[150.43832041499999,-33.659455328000014],[150.43936289999999,-33.659152843000001],[150.440741914,-33.658823598000005],[150.44092355800001,-33.658469540999995],[150.44108305,-33.657900332999994],[150.44102365200001,-33.657016478999985],[150.440930098,-33.656322755000019],[150.43996718899999,-33.656088112999988],[150.43938195199999,-33.655622745999999],[150.43870059700001,-33.655513202999998],[150.437198408,-33.656149979999995],[150.43683770800001,-33.655808531999988],[150.43436392500001,-33.655542492000002],[150.43359410400001,-33.656795565000003],[150.43292454799999,-33.656967735000002],[150.432305888,-33.657229475999998],[150.43149687100001,-33.657610188999989],[150.43092580199999,-33.657681572999984],[150.430449909,-33.657515010999987],[150.430069194,-33.657300860000007],[150.42959330100001,-33.656991531000003],[150.42923638299999,-33.657158090999999],[150.42818942,-33.657086708000008],[150.427856295,-33.657110502999998],[150.42730901900001,-33.657491217000008],[150.42652379699999,-33.657419832999999],[150.426081813,-33.658233084000003],[150.424647556,-33.657849812000009],[150.42456557200001,-33.657802191999998],[150.425165846,-33.65754218099999],[150.426287395,-33.656999005999985],[150.426190534,-33.656695912000011],[150.42695028200001,-33.656659734999977],[150.42831212999999,-33.656707413000014],[150.42942916000001,-33.656440820000022],[150.42994062899999,-33.656335524000021],[150.42995096800001,-33.655987929000013],[150.43009583599999,-33.655778390000009],[150.43047047300001,-33.655612278],[150.43072028,-33.655580311000008],[150.43073365500001,-33.655591074000021],[150.43143074599999,-33.65613037100001],[150.43218328099999,-33.655764341000001],[150.432929433,-33.655612863999998],[150.433652741,-33.655270072000008],[150.43420146,-33.655042923000018],[150.43469740800001,-33.654671547999996],[150.435734986,-33.654311413999999],[150.436566642,-33.65416168900002],[150.43764990899999,-33.654184161000003],[150.43770528499999,-33.654129127999994],[150.43820695100001,-33.654374122999997],[150.439063557,-33.654897603999999],[150.439563244,-33.654778631000013],[150.439524608,-33.654639545999999],[150.43963827100001,-33.654673870000003],[150.44105798699999,-33.654894122000016],[150.44204656900001,-33.655224705999984],[150.44306649000001,-33.655460510999994],[150.44371934399999,-33.655569440000015],[150.44393653,-33.654977566000007],[150.443135211,-33.654102214999995],[150.44193410700001,-33.653242435999978],[150.44030189899999,-33.65249299000002],[150.43834358000001,-33.652127106000002],[150.437826237,-33.651257029],[150.43768346900001,-33.650804931000003],[150.436969632,-33.650614574000002],[150.43618441000001,-33.650566985000012],[150.43544677599999,-33.650685959000008],[150.434352225,-33.650543189999979],[150.432798889,-33.650646747000003],[150.43276601599999,-33.650552285000003],[150.43084621,-33.650846342999991],[150.43017352000001,-33.65134583599999],[150.43007491399999,-33.651043864000002],[150.429233208,-33.650601250999991],[150.428991854,-33.65017112799999],[150.42943460000001,-33.649175237000001],[150.42983565899999,-33.649087960999999],[150.43016763099999,-33.649421652999983],[150.43176251400001,-33.649502523999992],[150.433650951,-33.649303217999986],[150.43419502500001,-33.648372170999991],[150.43695205500001,-33.647967426999998],[150.43864900899999,-33.647857257000005],[150.43890866800001,-33.648982930000017],[150.439576348,-33.651477656999965],[150.44093194000001,-33.651935125999998],[150.44240445200001,-33.651965618000006],[150.44313417999999,-33.652925775999996],[150.44321833399999,-33.651982463999992],[150.44372556900001,-33.651992960000001],[150.443746043,-33.651943069000005],[150.444387729,-33.652194539000014],[150.444770758,-33.651567763999985],[150.445850202,-33.651184735999976],[150.44637251500001,-33.65121955599998],[150.447103752,-33.65048831899999],[150.44745196100001,-33.649513335999977],[150.44874032999999,-33.649025845000004],[150.44961085,-33.649199949000007],[150.45093404100001,-33.649931186000018],[150.45211795,-33.650279393999995],[150.453301856,-33.649931186000003],[150.45406791400001,-33.648782099000009],[150.455042897,-33.648364248999997],[150.45612234199999,-33.648259786999986],[150.457132145,-33.647215163000013],[150.45866342100001,-33.646959949999989],[150.45965149200001,-33.647066767999995],[150.46104486799999,-33.647573450000003],[150.46201601000001,-33.647784568000013],[150.46349383200001,-33.647911239000017],[150.464042737,-33.646982321000017],[150.46454942099999,-33.645208933999982],[150.46543611499999,-33.644955592000002],[150.466913938,-33.644913368999994],[150.46813842,-33.644828922000009],[150.46864510399999,-33.644364463000009],[150.46822286599999,-33.64254884999999],[150.46767396199999,-33.641873275000009],[150.46775840800001,-33.640395451999993],[150.46770615599999,-33.639872922999984],[150.46807914600001,-33.639499933000003],[150.469982716,-33.637406006000006],[150.471410392,-33.636739757999983],[150.472742891,-33.635883151000002],[150.47245735499999,-33.634645832000011],[150.47198146299999,-33.633122977000014],[150.472647712,-33.631695299999997],[150.47474163800001,-33.631409765000015],[150.47616931499999,-33.630553159000002],[150.47645485000001,-33.628744768999987],[150.477977705,-33.627221913000021],[150.48064270099999,-33.625889414999989],[150.483022162,-33.624081023999999],[150.484925731,-33.622558169999991],[150.48701965800001,-33.622177456000017],[150.487876263,-33.623034062999992],[150.48958947400001,-33.623319598000002],[150.49244482700001,-33.623319598000002],[150.49491946699999,-33.623605131999994],[150.49729892799999,-33.62293888300001],[150.499868746,-33.621796742000008],[150.50272409900001,-33.62017870899998],[150.503866241,-33.619131746000001],[150.50691194999999,-33.618084783],[150.508815519,-33.617037820000007],[150.511290159,-33.616086035999999],[150.51309854900001,-33.614943894000007],[150.51443104699999,-33.61332586000001],[150.51557318799999,-33.612374076000009],[150.51766711400001,-33.613040325],[150.51890443400001,-33.612849968999996],[150.52099835999999,-33.611517471000013],[150.52356817699999,-33.611422291999993],[150.52480549800001,-33.611707828],[150.52528138900001,-33.612659612000009],[150.52490067599999,-33.614848716000004],[150.52509103200001,-33.616371571000009],[150.524424783,-33.619036567000002],[150.52480549699999,-33.621416029000002],[150.52718495799999,-33.621701563999991],[150.52899334899999,-33.620749780999986],[150.53127763099999,-33.620464243999997],[150.53280048600001,-33.619893173000008],[150.53261012900001,-33.618846211000005],[150.53194388200001,-33.61779924799999],[150.53013548999999,-33.617037820000007],[150.52870781300001,-33.615895679000012],[150.528136741,-33.612945146999984],[150.52804156400001,-33.611517471000013],[150.528517456,-33.610089794000004],[150.52931161000001,-33.609997299000014],[150.53020916400001,-33.610315810999985],[150.53108681200001,-33.610132955000005],[150.53177925,-33.609846202],[150.532419772,-33.609233187999983],[150.53318120099999,-33.608281404999993],[150.53222941499999,-33.606853727000015],[150.53070656,-33.605997120999987],[150.53051620400001,-33.604664621999994],[150.53127763099999,-33.602761054000005],[150.53261012999999,-33.601238199000008],[150.534799233,-33.599429808000004],[150.537749765,-33.598382846000007],[150.539558156,-33.597716596999994],[150.54031958300001,-33.596669634000008],[150.540224405,-33.594290171999987],[150.54174725799999,-33.591910711000004],[150.54336529299999,-33.590197500999992],[150.54593510999999,-33.590483034999998],[150.54717242999999,-33.591910712000022],[150.546506182,-33.593528744999986],[150.545649575,-33.595908206000018],[150.54669653900001,-33.597240705000019],[150.549742248,-33.597811775999986],[150.55212170999999,-33.597526239999993],[150.55297831600001,-33.596669634000008],[150.55450117000001,-33.594099816000011],[150.556024025,-33.593243209999997],[150.55868902200001,-33.592481782999982],[150.55992634099999,-33.592196245999993],[150.56087812600001,-33.593338387000003],[150.56230580299999,-33.591720355999982],[150.56287687299999,-33.590292677999983],[150.562591338,-33.58867464499999],[150.56211544600001,-33.585248221000022],[150.561354018,-33.582107333000017],[150.56116366099999,-33.578871264999997],[150.56192508999999,-33.576967696000033],[150.562400981,-33.575540020000012],[150.56116366099999,-33.573446093999991],[150.558308307,-33.571542526000023],[150.55669027600001,-33.571637705000001],[150.55469152699999,-33.572399130999983],[150.551931354,-33.573065380999999],[150.55012296199999,-33.573065380000017],[150.54812421599999,-33.572208774000018],[150.54679171699999,-33.571161812],[150.54631582499999,-33.569924492000013],[150.546982074,-33.568116102999994],[150.547648323,-33.566402890000006],[150.54707725200001,-33.564975213000004],[150.5442219,-33.563642715],[150.54193761600001,-33.563166823000017],[150.541461725,-33.561643967999998],[150.54079547699999,-33.560121111999983],[150.538225657,-33.560406649000001],[150.53765458699999,-33.562215037999977],[150.53594137499999,-33.562500572999994],[150.535751017,-33.563642715],[150.53546548200001,-33.565260748999989],[150.533752271,-33.567164317000007],[150.53203905800001,-33.568782350999989],[150.52937406199999,-33.569448600000001],[150.524329604,-33.569448599999994],[150.52261639299999,-33.570685920000024],[150.52099835999999,-33.572303952999988],[150.518618898,-33.575159306999979],[150.51604908100001,-33.577824302999986],[150.515763545,-33.579156800999989],[150.515287653,-33.581821796999989],[150.51376479800001,-33.582202510000002],[150.511670872,-33.582583224000011],[150.51052873099999,-33.582583224999993],[150.506055344,-33.581536261999986],[150.50234338499999,-33.581060369000006],[150.497965177,-33.580298942000013],[150.495776073,-33.58163144000001],[150.49244482700001,-33.582107332000014],[150.489399117,-33.583249472999988],[150.48721001300001,-33.582488047000012],[150.485496802,-33.580394120999983],[150.483022162,-33.579918228000011],[150.47988127400001,-33.580965190999997],[150.47826323999999,-33.581916976000009],[150.475693423,-33.583249474000013],[150.46988753700001,-33.584201258000007],[150.467413201,-33.584759978999983],[150.46690153500001,-33.584589424000015],[150.46648749400001,-33.584227138000003],[150.466066082,-33.58431035400001],[150.46547908400001,-33.584268489000003],[150.46316754,-33.58504172899999],[150.458721685,-33.586528762],[150.45752076299999,-33.586930405999993],[150.45729383299999,-33.587282252000001],[150.45891112300001,-33.589132770999996],[150.458766121,-33.591239107],[150.45423775899999,-33.592224586000015],[150.45329043199999,-33.594257562000003],[150.451602124,-33.594877632000028],[150.44780791700001,-33.594218046999977],[150.44584512899999,-33.596565689999991],[150.443143486,-33.596640264000015],[150.44183504399999,-33.597354238999998],[150.44121516199999,-33.597448426000014],[150.44019446499999,-33.598059426999995],[150.44011045799999,-33.598826217000017],[150.43851725600001,-33.598965687000025],[150.435338341,-33.599435474999993],[150.43270724499999,-33.599316760999983],[150.43090087300001,-33.599844232000017],[150.42970979099999,-33.601501470000024],[150.42802492000001,-33.602216677999998],[150.42710110300001,-33.601955374999996],[150.426181031,-33.601789520000011],[150.42499240500001,-33.602006894999995],[150.42498726900001,-33.60192297399999],[150.42490373800001,-33.601930528000011],[150.42490380999999,-33.601931684000014],[150.423733156,-33.602656606999986],[150.42097945,-33.603783266000015],[150.42018517700001,-33.603663455999992],[150.419111405,-33.603730727999995],[150.41898057899999,-33.603826445999999],[150.41817153299999,-33.604789006999987],[150.417208155,-33.604858263000004],[150.416434552,-33.605102247999994],[150.41536565000001,-33.605763257],[150.41486810699999,-33.606580640999987],[150.412406242,-33.606166832000007],[150.41154512099999,-33.606189942999997],[150.409706083,-33.60629371600001],[150.40781287999999,-33.606600854000007],[150.40608201200001,-33.607583053999988],[150.40595344499999,-33.607633269999994],[150.40520882600001,-33.608202429000009],[150.40462591299999,-33.608396730000003],[150.40335375399999,-33.609725455999993],[150.402424153,-33.610497334999998],[150.399597849,-33.612048096999992],[150.399433816,-33.612329397000011],[150.39925785099999,-33.612394225999992],[150.39845835400001,-33.613650581999998],[150.398695272,-33.61359591099999],[150.39855383299999,-33.613838457999975],[150.398300245,-33.613720428000001],[150.39817688599999,-33.613815063000004],[150.397683997,-33.615094634000002],[150.39465344499999,-33.616318940000028],[150.393374115,-33.617615893],[150.39178946499999,-33.617689809000005],[150.39038764099999,-33.617373969000006],[150.385450367,-33.61941653100002],[150.38483522300001,-33.619333049999987],[150.38451329599999,-33.619289362000025],[150.38274952099999,-33.618214363],[150.381200025,-33.618539357999992],[150.380428521,-33.618594573000003],[150.377736449,-33.617106229999997],[150.37610906800001,-33.617179039999989],[150.374777612,-33.617365457000012],[150.37395917500001,-33.616552643000006],[150.37004894899999,-33.61326138199999],[150.36681073599999,-33.613546294000002],[150.36510556799999,-33.613366832999994],[150.363769545,-33.612300687000008],[150.36307787600001,-33.611140930000012],[150.36356515599999,-33.609183346999991],[150.362092058,-33.607005039000001],[150.36237353000001,-33.606188072000023],[150.36235258799999,-33.605471996999995],[150.36235601199999,-33.605359632000003],[150.36220901199999,-33.604722633999998],[150.361855913,-33.604492458000003],[150.36162432,-33.602686030000008],[150.36143526800001,-33.602841720999983],[150.36142662899999,-33.602665778000009],[150.36123048900001,-33.601244647000016],[150.36093467200001,-33.601045355000018],[150.361482494,-33.600248520000001],[150.362019237,-33.60005077400001],[150.362066594,-33.599901369000001],[150.36192873600001,-33.598173116000005],[150.36160552199999,-33.597056127999998],[150.36107840400001,-33.597151269000001],[150.36084339600001,-33.596921027],[150.360748478,-33.596828033000008],[150.36036191100001,-33.596399686000012],[150.36025362199999,-33.595989650999982],[150.35986309899999,-33.595458171999994],[150.35972796999999,-33.595152097999993],[150.35908702099999,-33.594524120000024],[150.358791908,-33.594067496000008],[150.35832888799999,-33.593254060000007],[150.35794036799999,-33.592774136999992],[150.35750014300001,-33.592553699000007],[150.35737258699999,-33.592521888999997],[150.35650428400001,-33.592585732999993],[150.356270016,-33.592438962000024],[150.355984621,-33.592439613000025],[150.355430082,-33.592454526000026],[150.355116065,-33.592308113999998],[150.35495015000001,-33.592002862000001],[150.35465704699999,-33.591597794000009],[150.354462305,-33.591344936000013],[150.353744831,-33.591131936999986],[150.35362922900001,-33.591067420000023],[150.35330573600001,-33.591059209999997],[150.35217885099999,-33.591447827000017],[150.35150207699999,-33.59142828800001],[150.350952237,-33.591490866000015],[150.35061039000001,-33.591422617999989],[150.35026428500001,-33.591392544000001],[150.350035617,-33.591385940000009],[150.349928003,-33.591363305000016],[150.34931054800001,-33.591302659000007],[150.34868946099999,-33.591190281999992],[150.34809917999999,-33.591077075999991],[150.34747414500001,-33.590861560999997],[150.34709063299999,-33.590510520000009],[150.34692200500001,-33.590231770999999],[150.34684931300001,-33.589845951000008],[150.34668935299999,-33.589695387000013],[150.34643204,-33.589418385999991],[150.34607835899999,-33.589040732000001],[150.345667015,-33.588767861000001],[150.34537199100001,-33.588311204],[150.34504221899999,-33.587752240999983],[150.344687564,-33.587348800000008],[150.34428313800001,-33.587256402999984],[150.343785309,-33.58714069900001],[150.34319407800001,-33.587001685999979],[150.34269526700001,-33.586860194999993],[150.342666192,-33.586841973000013],[150.34269329399999,-33.586808628999997],[150.34224426399999,-33.586356092000017],[150.341766406,-33.585955943000009],[150.34121314199999,-33.585196482000001],[150.34089030600001,-33.584817988000005],[150.340604189,-33.584593365000003],[150.34022467400001,-33.584345433999999],[150.33980155,-33.58376314800001],[150.339514455,-33.583512740000003],[150.33895799999999,-33.583476013000002],[150.33852476199999,-33.583435987999991],[150.33814624199999,-33.58321383300003],[150.33770710100001,-33.583019106999991],[150.336958931,-33.582806836000003],[150.33646310500001,-33.582742668999998],[150.336117368,-33.582571248999983],[150.33582438299999,-33.582166135000001],[150.33568739,-33.581808467999984],[150.33567459899999,-33.581473290000005],[150.335653936,-33.580931849999999],[150.33552120300001,-33.580706795999994],[150.33440814400001,-33.580505246999991],[150.33424311499999,-33.580461797000005],[150.33415567899999,-33.580455713000013],[150.33350486699999,-33.580369866000005],[150.33303593100001,-33.580201728999995],[150.33250637099999,-33.580061020000002],[150.331918153,-33.579999303000001],[150.33136113699999,-33.580049264000017],[150.329949347,-33.58033766400002],[150.32993948699999,-33.580335343999984],[150.32956100499999,-33.580449368000004],[150.329005556,-33.580438380999972],[150.32832198200001,-33.580301761999991],[150.327476539,-33.579962984999995],[150.326563609,-33.579471144999978],[150.32595675900001,-33.578919522999996],[150.325321078,-33.578420283999996],[150.32480469000001,-33.577814625999999],[150.32445277299999,-33.577538234999999],[150.32378499500001,-33.577348682000014],[150.321650796,-33.578265524999999],[150.320706371,-33.577923775000016],[150.32052308300001,-33.577928655000001],[150.31978381100001,-33.577948328000019],[150.31949875000001,-33.577749439999991],[150.31899219799999,-33.577401588999969],[150.318700288,-33.577022216000003],[150.31820888499999,-33.576261013999975],[150.31779784400001,-33.575721350999984],[150.31755760799999,-33.575349205000023],[150.31731264000001,-33.574581445],[150.317208494,-33.574274506000002],[150.31718305499999,-33.573604142999997],[150.317069127,-33.573039372000004],[150.31696889599999,-33.572835563999988],[150.316645233,-33.572431222000027],[150.31616952300001,-33.572082540999993],[150.31606049300001,-33.571646683999987],[150.315737816,-33.571268124000014],[150.31526211600001,-33.570919437999997],[150.31485779799999,-33.57082694599999],[150.31457179500001,-33.570602262000001],[150.31415868100001,-33.570277719000003],[150.31383699599999,-33.569924936999996],[150.31357886500001,-33.569622083999995],[150.31349967400001,-33.569159622999983],[150.31330021599999,-33.568777783000023],[150.31300054600001,-33.568192132000007],[150.31277615299999,-33.567965808999993],[150.312362084,-33.567615474999975],[150.311923076,-33.567420659000007],[150.31079574500001,-33.566960210000005],[150.310445238,-33.566659801999997],[150.310112842,-33.566023393999984],[150.30972275799999,-33.565491752999989],[150.30890149699999,-33.564971548999999],[150.30824594699999,-33.564756654000021],[150.30758552200001,-33.564412837999988],[150.307055123,-33.564246238000003],[150.30646507899999,-33.564132833999999],[150.306089652,-33.563987929999996],[150.305832541,-33.563710842999988],[150.30582941099999,-33.56368677199999],[150.30592396099999,-33.563682610999976],[150.30559218299999,-33.562246093000006],[150.304512518,-33.560597107000007],[150.30390653000001,-33.559245275000009],[150.30379757700001,-33.55880940599998],[150.30396968900001,-33.558469328999998],[150.30417162200001,-33.558102652000002],[150.304084695,-33.557433916000001],[150.304069105,-33.557021382999991],[150.304059362,-33.556763549000024],[150.30473296900001,-33.556642466999996],[150.30499063799999,-33.556119456999994],[150.30503371099999,-33.555627941000012],[150.30455716399999,-33.555253430999983],[150.304630059,-33.554735315999999],[150.30459049300001,-33.55450408199998],[150.30433633999999,-33.554304342000009],[150.304197571,-33.553895071000007],[150.304798847,-33.55349200400002],[150.305400117,-33.553088933000012],[150.305874303,-33.552585990999994],[150.306164698,-33.552113727999995],[150.306123181,-33.551830928000015],[150.305854407,-33.551244442000005],[150.30562033199999,-33.550760269999991],[150.304992766,-33.550467191000017],[150.30491168699999,-33.549953155999987],[150.30467372300001,-33.549365849999987],[150.30436053299999,-33.548419207000002],[150.304011688,-33.547344462000005],[150.30380939899999,-33.546885254999999],[150.30360808500001,-33.546451832000002],[150.30329432100001,-33.546305287999999],[150.303009403,-33.54610636000001],[150.30262821299999,-33.545806745],[150.30208917300001,-33.545408070000015],[150.30135857499999,-33.544833801000003],[150.301240065,-33.544756284000016],[150.30113524800001,-33.544633238999992],[150.30082052099999,-33.544460903999997],[150.30029414800001,-33.544397408000002],[150.299304874,-33.544076451000002],[150.29920494300001,-33.544074449000014],[150.29862168700001,-33.544183563000004],[150.29825413699999,-33.544244902999992],[150.29790959799999,-33.544099157999995],[150.29731775900001,-33.543934143000001],[150.29679528,-33.543973764999983],[150.29648833799999,-33.544007688000008],[150.29614283199999,-33.54383615599999],[150.295826175,-33.543612242000009],[150.29476470500001,-33.543253152999995],[150.29389673,-33.543121226000004],[150.29330587300001,-33.542981975000004],[150.29280933699999,-33.542891850000004],[150.29265538000001,-33.542895915000003],[150.29249560100001,-33.542745277999998],[150.29183831700001,-33.542478729000017],[150.29083651600001,-33.542066412999993],[150.29032931500001,-33.541692660000031],[150.29014554099999,-33.541723318000017],[150.289772175,-33.541629930999996],[150.289522941,-33.541559077999985],[150.28948342199999,-33.541327838000001],[150.28938814,-33.541252924000005],[150.28901768700001,-33.541236885000025],[150.28799966700001,-33.541212111999997],[150.28768885599999,-33.541142879000013],[150.28747041700001,-33.541071209999984],[150.28714797399999,-33.540692572999994],[150.28703428200001,-33.540127769000009],[150.2869235,-33.539640315000021],[150.286730041,-33.539413131999979],[150.28591206799999,-33.538970123000034],[150.285163434,-33.538731756999994],[150.28443978000001,-33.538337871000003],[150.283677598,-33.537738524999995],[150.28332923799999,-33.537489606999998],[150.28308182800001,-33.537265941000001],[150.28309815700001,-33.537252094999985],[150.281987813,-33.536269980000014],[150.28176529300001,-33.533916034999983],[150.28187301299999,-33.53321088000002],[150.281859322,-33.532846032000016],[150.28167280700001,-33.532345268999975],[150.281373317,-33.532218513000004],[150.281136562,-33.532224743000022],[150.28001011500001,-33.532612712999999],[150.27990655299999,-33.532471425999979],[150.279699835,-33.532509546999997],[150.27912277300001,-33.532328073000009],[150.278869251,-33.53182906899999],[150.278522565,-33.531529163000009],[150.278015689,-33.531430118000003],[150.27740512400001,-33.531249516999999],[150.276833332,-33.531208358000015],[150.27680914699999,-33.530562858999993],[150.27691479999999,-33.529801575000008],[150.27688974200001,-33.529702173999993],[150.277207062,-33.529448317000003],[150.2770893,-33.529024735000014],[150.27466247500001,-33.526770016000008],[150.27412422200001,-33.527013366999974],[150.27419487399999,-33.527460822000002],[150.27378984500001,-33.528270884000023],[150.27367035899999,-33.528257413000006],[150.273211723,-33.528550381000009],[150.272703914,-33.529322216999994],[150.27185153900001,-33.529850255999996],[150.270859863,-33.530241478999983],[150.27026401399999,-33.530453756999997],[150.26892672299999,-33.530573101000002],[150.26858741800001,-33.530469624000006],[150.26836747199999,-33.529969717999982],[150.26808365799999,-33.529555765999994],[150.267669996,-33.529257587000011],[150.267230165,-33.529156741999998],[150.26614420600001,-33.528819985000034],[150.26575785200001,-33.528597908000009],[150.26562882100001,-33.528103275999996],[150.265058533,-33.527532991000001],[150.26494722999999,-33.527306230000001],[150.26466688100001,-33.527141335999985],[150.26462944599999,-33.527103902],[150.264587318,-33.527094539999993],[150.264535685,-33.527064170999999],[150.264330581,-33.527037488000005],[150.263986993,-33.526961134999993],[150.262844852,-33.525961761999987],[150.26248996300001,-33.525606876000005],[150.259610624,-33.525017411999997],[150.25540855400001,-33.522412784999986]],[[150.33058376899999,-33.631335238000013],[150.32931337599999,-33.627876713000013],[150.32979347200001,-33.628587030999988],[150.33078578499999,-33.629696207999991],[150.33402449799999,-33.631197356000008],[150.334911471,-33.633506468999997],[150.335886741,-33.634504761000009],[150.33571551899999,-33.638282861000015],[150.33597021200001,-33.639272328999994],[150.33773051099999,-33.63883318700001],[150.338503245,-33.639207643999988],[150.339725356,-33.640039032000004],[150.341430785,-33.640224827000004],[150.34356473,-33.639227108000021],[150.34418759299999,-33.640999730999987],[150.34494573399999,-33.641850916000017],[150.345819003,-33.642436209999985],[150.34723582999999,-33.642734993999994],[150.34856406500001,-33.642435511000016],[150.349225445,-33.641793714000009],[150.34945838199999,-33.642335427999996],[150.350898062,-33.643052107000017],[150.35239621299999,-33.643024583000006],[150.35266476800001,-33.642404167999992],[150.352441849,-33.641534679999992],[150.35082129899999,-33.639740707999998],[150.34870388100001,-33.639039306999983],[150.34709073400001,-33.638169793000017],[150.34660117600001,-33.636698219999978],[150.34651141399999,-33.636603762999989],[150.34693670499999,-33.636398715000006],[150.34731204799999,-33.635319027999998],[150.34711920399999,-33.632681399999981],[150.34790839799999,-33.631496093000003],[150.35071256000001,-33.631556239999995],[150.35145443799999,-33.634148385000003],[150.353423924,-33.63464857999999],[150.35744186400001,-33.635307065999996],[150.35878185300001,-33.636251712000011],[150.35990794099999,-33.637478025000007],[150.3612215,-33.637567249000007],[150.36102592500001,-33.637767423],[150.360293783,-33.637736921000005],[150.3588944,-33.638035013999996],[150.35721648800001,-33.63928130099999],[150.35847987899999,-33.639934484000001],[150.357378415,-33.642147256999998],[150.35426163400001,-33.643809979999986],[150.353233921,-33.643609065999996],[150.35277901800001,-33.644493847999996],[150.351458065,-33.644554993000007],[150.35101959400001,-33.647229173999996],[150.351711161,-33.647929802999997],[150.35048334000001,-33.649603081000009],[150.35129551,-33.649859036000009],[150.353608697,-33.649998058000001],[150.35584425299999,-33.650344099999991],[150.35675969499999,-33.650721501000014],[150.35717715499999,-33.652073420999997],[150.355337851,-33.651471539999989],[150.35397074100001,-33.651406486999996],[150.353187983,-33.651819091999997],[150.35290077100001,-33.652814809999995],[150.35254118500001,-33.653379601000005],[150.35129245600001,-33.653639083999991],[150.35075963200001,-33.654271718000011],[150.34979593,-33.655002449999984],[150.349942833,-33.655792785000017],[150.35088899799999,-33.65702963199999],[150.350563365,-33.657881394000007],[150.35073768399999,-33.658499292000016],[150.35073504900001,-33.65849730099999],[150.35026983399999,-33.658624177999997],[150.35015768900001,-33.658552532000002],[150.350452633,-33.657306523000003],[150.349868265,-33.656828836000003],[150.34859533400001,-33.657874950999997],[150.34768640799999,-33.658213248999999],[150.34664700299999,-33.658620299000013],[150.34617115399999,-33.658788981999997],[150.346530728,-33.659619670000012],[150.34710850600001,-33.660311917999984],[150.347042684,-33.661061905000018],[150.34643084999999,-33.661478135000017],[150.34551528399999,-33.662030957999995],[150.34472689500001,-33.662622291999995],[150.34465474699999,-33.662903890000003],[150.34427459599999,-33.663331556999999],[150.34395098799999,-33.663788413000006],[150.34349413199999,-33.663255413999998],[150.34309438299999,-33.662798556999995],[150.34288499199999,-33.662360736999972],[150.34255474899999,-33.661940426000015],[150.34258351299999,-33.661921636000002],[150.34401644100001,-33.662070302000011],[150.34517868899999,-33.661844821000003],[150.345839885,-33.661214972000003],[150.346247804,-33.660472335000001],[150.345540777,-33.66003809],[150.345673675,-33.659712124000002],[150.34553413500001,-33.659236452000023],[150.34569969899999,-33.658814633999988],[150.346277544,-33.658111429000016],[150.34774892999999,-33.657570532999998],[150.34854054499999,-33.656871906999996],[150.34957882399999,-33.656500596000008],[150.348756571,-33.655409520000006],[150.34838276400001,-33.653648228000009],[150.34856990599999,-33.652877470000007],[150.34931366500001,-33.652902259000015],[150.350063197,-33.652331189999998],[150.349867539,-33.652219386999995],[150.350275901,-33.652001172999995],[150.34976429100001,-33.651244761999983],[150.349593454,-33.651002555999987],[150.34858761300001,-33.65008644800001],[150.347960914,-33.64959591600001],[150.347483138,-33.648899856000021],[150.34668654199999,-33.648137313000007],[150.34605986599999,-33.647646772999991],[150.34499558799999,-33.647474819999999],[150.34434886400001,-33.646476941000003],[150.343064524,-33.645346082000003],[150.34238760100001,-33.645331523999999],[150.34109493,-33.645631704999985],[150.33939398199999,-33.645296914000014],[150.338585564,-33.644921693000001],[150.33726018799999,-33.643968796000017],[150.337937262,-33.642820505000003],[150.337384684,-33.642242066000016],[150.335957076,-33.641137866000008],[150.334091898,-33.640352200999999],[150.33201033700001,-33.639747627999995],[150.332035233,-33.639745281999993],[150.332257258,-33.639481717999999],[150.332952514,-33.638900378000002],[150.33350342599999,-33.638375553999992],[150.333245089,-33.637505272999988],[150.33237563599999,-33.636800704999992],[150.33175556099999,-33.636101515999997],[150.33123224799999,-33.635732406999985],[150.33118215600001,-33.635045525000024],[150.33139154,-33.634036252999998],[150.330742308,-33.633127708000011],[150.33058376899999,-33.631335238000013]],[[150.277293001,-33.596592628999971],[150.27700859500001,-33.595056841999998],[150.27869279399999,-33.594737977000001],[150.278221922,-33.597108122999977],[150.27810296600001,-33.597452382000014],[150.27755728299999,-33.597575933000002],[150.27702428200001,-33.598299289000011],[150.27768323399999,-33.598667075999998],[150.277281179,-33.599830578999992],[150.27649182499999,-33.600457241000008],[150.27568074499999,-33.599962298000037],[150.27468075199999,-33.600035673000029],[150.27467014999999,-33.600057128999993],[150.27464088900001,-33.600038500999965],[150.27435096599999,-33.598740307999989],[150.27433451799999,-33.597451849000024],[150.27478821,-33.59670401799999],[150.27491353900001,-33.596925752000004],[150.277293001,-33.596592628999971]],[[150.35354119499999,-33.658446159000015],[150.35450490599999,-33.65771539899999],[150.35500926200001,-33.65801244799998],[150.35511674099999,-33.658694589],[150.35551916399999,-33.659526169000003],[150.355969827,-33.660179876000008],[150.35668581799999,-33.660553009000012],[150.35881015199999,-33.660995722999999],[150.35871741299999,-33.661039127999999],[150.35822325199999,-33.661289653000004],[150.357351397,-33.661175529000005],[150.35555761399999,-33.661065578999988],[150.354446868,-33.659610553],[150.35356094900001,-33.659197984999984],[150.35259173399999,-33.660107525000001],[150.352395444,-33.659982128999999],[150.352341185,-33.659710827000005],[150.35226635800001,-33.659654292000006],[150.35354119499999,-33.658446159000015]],[[150.28842717500001,-33.576150521000024],[150.28847000100001,-33.576046520999995],[150.288588003,-33.576102570000018],[150.28906296299999,-33.576952635000012],[150.28963503099999,-33.577613997],[150.28985000099999,-33.577723726999977],[150.289523957,-33.578734464999997],[150.29104829900001,-33.579366511000025],[150.291002604,-33.57955385799999],[150.288129742,-33.579319637000005],[150.288129742,-33.579124846999996],[150.28735642000001,-33.579095103999997],[150.287534878,-33.578381264000015],[150.28795128199999,-33.578024346000014],[150.28777282300001,-33.576953588999984],[150.28842717500001,-33.576150521000024]],[[150.28554588200001,-33.600994117999996],[150.28822228300001,-33.601057223000005],[150.288267491,-33.601960216999998],[150.288026911,-33.601839927000015],[150.28684669899999,-33.601897034000018],[150.28554588200001,-33.600994117999996]],[[150.267166073,-33.591568747999986],[150.268034175,-33.590252129999989],[150.269118908,-33.588391657000003],[150.26929881699999,-33.588109386999996],[150.26946072699999,-33.588367828999999],[150.2694175,-33.588383075000003],[150.26852836200001,-33.589625509999991],[150.268394755,-33.589663756],[150.26761211199999,-33.590982265999997],[150.26705493899999,-33.591952969999994],[150.267166073,-33.591568747999986]],[[150.26496372,-33.594583006000015],[150.266502476,-33.593970829999996],[150.266489689,-33.594034569000002],[150.26664698100001,-33.594085923000009],[150.265085172,-33.594715744000005],[150.26496372,-33.594583006000015]],[[150.29621491899999,-33.618125410000019],[150.29661548600001,-33.618003337000005],[150.296667528,-33.618091808999992],[150.29656296600001,-33.618231008000009],[150.29621491899999,-33.618125410000019]]]},"properties":{"OBJECTID":91582,"FireName":"Grose Valley","FireNo":"19122065204","FireType":1,"StartDate":1576800000000,"EndDate":1580774400000,"AreaHa":19895.552675120001}},{"type":"Feature","id":91612,"geometry":{"type":"Polygon","coordinates":[[[149.83951579500001,-33.01482688113753],[149.83958800299999,-33.014835900137527],[149.83934280899999,-33.014849014137518],[149.83951579500001,-33.01482688113753],[149.83927551900001,-33.01479686813753],[149.83844587499999,-33.014246331137549],[149.83778390399999,-33.013757284137547],[149.837268545,-33.013443683137545],[149.836881288,-33.01334799413754],[149.836779976,-33.013331114137536],[149.83652644,-33.013296060137549],[149.83634334300001,-33.013191238137537],[149.836144808,-33.01304309013755],[149.835911821,-33.012908381137549],[149.83559449500001,-33.012757219137548],[149.835223703,-33.012676254137553],[149.83488685200001,-33.012596149137558],[149.83445645800001,-33.012756955137554],[149.834124304,-33.013020430137558],[149.83402564299999,-33.01340431913755],[149.83409464100001,-33.013849709137546],[149.83421659699999,-33.014239199137535],[149.834490781,-33.014646867137522],[149.83488682800001,-33.014971760137527],[149.835289526,-33.015110780137512],[149.83572872299999,-33.015179171137518],[149.83586008099999,-33.015219802137516],[149.835831466,-33.015428963137516],[149.83606012000001,-33.015925383137514],[149.83628762399999,-33.016385995137512],[149.836387777,-33.016632308137488],[149.83567399,-33.017365479137496],[149.83612669300001,-33.018215092137488],[149.83741557499999,-33.018615584137486],[149.838120804,-33.017988259137503],[149.83812574699999,-33.017992203137496],[149.83851518399999,-33.018198279137486],[149.839159628,-33.018398515137477],[149.83967426000001,-33.018530055137468],[149.84039793299999,-33.018549308137473],[149.84036236700001,-33.018765116137473],[149.84024410999999,-33.019054482137463],[149.839775441,-33.019029387137458],[149.83953083399999,-33.019357480137479],[149.83954533799999,-33.019481144137458],[149.83846954200001,-33.020301473137444],[149.839857475,-33.020510620137451],[149.839704563,-33.020786784137442],[149.83928300900001,-33.020903936137444],[149.83855931799999,-33.020884676137435],[149.837919476,-33.020827661137446],[149.83715444000001,-33.020845172137435],[149.836344591,-33.020792040137451],[149.83580129699999,-33.021091125137453],[149.83534877299999,-33.021567292137441],[149.835454548,-33.022209850137415],[149.83610016899999,-33.022445907137424],[149.837037541,-33.022496124137419],[149.838056454,-33.022436970137427],[149.83891344200001,-33.022632341137424],[149.83969467399999,-33.023116098137429],[149.84001762400001,-33.023897008137411],[149.840335955,-33.024534692137408],[149.840897754,-33.024808478137373],[149.84184324899999,-33.025109297137391],[149.84375166500001,-33.025416601137394],[149.85062832599999,-33.03081177413732],[149.85271509099999,-33.0321970661373],[149.852994438,-33.033815031137266],[149.857839095,-33.036283382137249],[149.859144998,-33.038068776137223],[149.86019939100001,-33.0390955391372],[149.85872403400001,-33.042569456137166],[149.86222443700001,-33.045546394137126],[149.861937141,-33.0471774191371],[149.85545632500001,-33.046753503137111],[149.85561797099999,-33.044743179137136],[149.85308358699999,-33.043559334137143],[149.85243624500001,-33.041089863137188],[149.851179949,-33.040832099137177],[149.85099149499999,-33.045518499137117],[149.84903945799999,-33.044798944137128],[149.84819331099999,-33.043193992137162],[149.84175339000001,-33.042675921137153],[149.84235123900001,-33.041300504137169],[149.841680854,-33.040530500137187],[149.841513803,-33.039578400137195],[149.84171413000001,-33.038641387137218],[149.84187615299999,-33.037776961137233],[149.84161094800001,-33.037023514137239],[149.840708552,-33.036564310137251],[149.83952083599999,-33.036404467137224],[149.83827545299999,-33.036451909137234],[149.83709293300001,-33.036755461137226],[149.836100012,-33.037419516137206],[149.83526375,-33.038192747137217],[149.83438189,-33.038875620137212],[149.83339022499999,-33.039378410137203],[149.83233368699999,-33.039691222137193],[149.83120984000001,-33.039841426137201],[149.83011834800001,-33.039877049137196],[149.829077149,-33.039546048137197],[149.82858288700001,-33.039205248137193],[149.82866936799999,-33.0390344831372],[149.828837322,-33.038299363137213],[149.828884415,-33.037775831137232],[149.82844026800001,-33.037617184137225],[149.82861417300001,-33.037218324137235],[149.82836637400001,-33.03693550413724],[149.82843256300001,-33.036809677137228],[149.82810669899999,-33.036026215137248],[149.82660528700001,-33.035451343137261],[149.82438914299999,-33.035066946137256],[149.82081103900001,-33.036138487137237],[149.81901499200001,-33.036867833137244],[149.81857240599999,-33.037363378137229],[149.81879102299999,-33.039157806137197],[149.819566923,-33.041204967137176],[149.82038039700001,-33.04253130513716],[149.82034009399999,-33.042572046137153],[149.820106627,-33.042577356137159],[149.82001626799999,-33.042541975137169],[149.81973076700001,-33.042606244137168],[149.81971185500001,-33.042647363137149],[149.81949404599999,-33.042722670137145],[149.81950207899999,-33.042973309137153],[149.81954935799999,-33.04300065613716],[149.81954643500001,-33.043007013137135],[149.819906532,-33.043230863137161],[149.819949224,-33.043231952137141],[149.82029679199999,-33.043432995137145],[149.820548809,-33.043331711137135],[149.820879719,-33.043479456137149],[149.82096080599999,-33.043477611137142],[149.82123882799999,-33.043930892137134],[149.821289716,-33.043979647137121],[149.821267307,-33.044067837137135],[149.82176902200001,-33.046003286137093],[149.82270625500001,-33.047367454137095],[149.82287232100001,-33.047351984137094],[149.822980468,-33.047619192137084],[149.823279219,-33.048029804137073],[149.82332053900001,-33.048437866137071],[149.823333951,-33.049010641137073],[149.823366892,-33.049586353137052],[149.823442664,-33.050175224137071],[149.823406538,-33.050737859137058],[149.82325415599999,-33.05131084513706],[149.82305810299999,-33.051891208137029],[149.823046285,-33.05253929713701],[149.823269998,-33.053247694137013],[149.82352145499999,-33.053981068137013],[149.82371935099999,-33.054710419136988],[149.82380393400001,-33.055130276137],[149.82368191800001,-33.055172011136996],[149.823056587,-33.055574425136996],[149.822782703,-33.055879258136976],[149.82272045900001,-33.056149413136971],[149.82263714300001,-33.056867945136972],[149.82265342299999,-33.05737519313697],[149.82313129600001,-33.057901794136946],[149.82378803899999,-33.058398059136948],[149.82378816900001,-33.058431817136963],[149.82364768799999,-33.059254542136941],[149.82358909800001,-33.060112934136924],[149.82379428799999,-33.061028782136916],[149.82430089100001,-33.0619198631369],[149.824583026,-33.062863455136871],[149.824481773,-33.063798540136872],[149.824086147,-33.064647165136869],[149.82361424600001,-33.065428778136855],[149.82320160500001,-33.06619739813685],[149.82283254800001,-33.066849511136837],[149.82244253900001,-33.06714044613684],[149.82169403500001,-33.067332392136827],[149.82082734599999,-33.067433437136835],[149.81980626199999,-33.06748100213683],[149.81904526899999,-33.067529660136834],[149.81882834499999,-33.068167566136822],[149.818772018,-33.068886607136818],[149.81897687200001,-33.069611222136814],[149.81942890900001,-33.070328588136775],[149.819715151,-33.071085348136776],[149.819557487,-33.071864319136779],[149.819044934,-33.072544847136747],[149.81865525800001,-33.073229146136754],[149.81868878700001,-33.074067922136742],[149.819230761,-33.074844087136718],[149.82006635400001,-33.075339457136721],[149.82093932999999,-33.075590118136716],[149.821831919,-33.075438406136733],[149.822622835,-33.075162557136721],[149.82344744700001,-33.075117463136728],[149.824258313,-33.075251907136725],[149.82500413599999,-33.07552352413672],[149.82555952000001,-33.075984234136698],[149.82603008000001,-33.076526753136704],[149.82652218199999,-33.077054226136681],[149.826665795,-33.077371329136689],[149.82683817899999,-33.076975082136691],[149.82710065399999,-33.078674986136683],[149.827997318,-33.079300261136666],[149.82789893,-33.081729979136639],[149.828069494,-33.082621885136625],[149.828257339,-33.084050875136604],[149.82928049399999,-33.084983061136604],[149.829284368,-33.086191216136591],[149.82895349,-33.088049764136557],[149.82760556700001,-33.088744624136538],[149.82694099700001,-33.094552567136461],[149.82750337300001,-33.096194180136436],[149.82651988000001,-33.101716981136384],[149.82579162100001,-33.102939482136357],[149.82494270199999,-33.103018529136371],[149.82490631799999,-33.104094310136347],[149.826002114,-33.104624204136343],[149.82576592000001,-33.105950361136301],[149.82433912799999,-33.106316839136298],[149.824323789,-33.1058394321363],[149.823768046,-33.106210397136316],[149.82452504599999,-33.107686154136296],[149.82445993600001,-33.110076412136266],[149.824492537,-33.111090901136244],[149.82479569099999,-33.112057210136243],[149.82471198799999,-33.112437726136235],[149.82391573199999,-33.115224665136203],[149.82410065900001,-33.115216734136197],[149.823124702,-33.119652921136137],[149.82274903699999,-33.12121416713611],[149.82074604600001,-33.122931845136094],[149.81908609499999,-33.124283383136067],[149.81897871000001,-33.125360768136062],[149.817705953,-33.125509107136068],[149.816024871,-33.126204169136052],[149.81542672099999,-33.127471840136032],[149.81426116200001,-33.12875237413602],[149.81442935300001,-33.134003843135936],[149.817743724,-33.135541070135929],[149.821777102,-33.137360464135902],[149.82534475599999,-33.137936227135896],[149.82765680899999,-33.139197409135868],[149.82923302200001,-33.144058476135804],[149.830608125,-33.149282425135745],[149.83091486199999,-33.1517927271357],[149.830912724,-33.151792660135719],[149.83111293799999,-33.160208500135603],[149.83121273699999,-33.16110201113559],[149.83073359700001,-33.163860016135551],[149.83075282799999,-33.164456768135537],[149.83249033000001,-33.165492092135537],[149.833299692,-33.166369414135509],[149.83433541299999,-33.167659601135497],[149.835413225,-33.168053031135486],[149.83620006000001,-33.168253826135498],[149.835831493,-33.169154017135483],[149.83764240900001,-33.172456924135439],[149.83829878899999,-33.175189006135398],[149.83961853599999,-33.176472659135378],[149.84335107199999,-33.177701081135375],[149.84663084900001,-33.17810370613536],[149.84673409000001,-33.176906953135372],[149.84468528799999,-33.175042882135401],[149.84574719,-33.172749222135423],[149.84741538500001,-33.171636036135453],[149.84689679100001,-33.168781398135472],[149.84795468900001,-33.166368367135512],[149.85004457900001,-33.165126031135536],[149.84970655999999,-33.163461645135556],[149.84948335300001,-33.160958552135611],[149.847611581,-33.160165419135595],[149.844464485,-33.159915575135614],[149.844506843,-33.159424636135611],[149.84397349599999,-33.158302186135614],[149.84332144699999,-33.157899083135625],[149.84320028299999,-33.156349154135661],[149.84551443500001,-33.155460070135661],[149.84542416100001,-33.154864944135667],[149.845190067,-33.15421339513567],[149.845100976,-33.153914812135682],[149.84657086199999,-33.153336700135689],[149.84635743499999,-33.151131976135716],[149.847057183,-33.150817333135727],[149.846554193,-33.14844008613575],[149.846663928,-33.143062815135821],[149.847912409,-33.137778859135899],[149.84869186,-33.136429091135909],[149.84880534999999,-33.136493270135929],[149.85229625599999,-33.132020036135984],[149.85329576000001,-33.130822927135995],[149.85346821799999,-33.12996267413601],[149.85312346800001,-33.128701761136021],[149.85371968000001,-33.127882035136025],[149.854404007,-33.127571374136039],[149.85524906800001,-33.126728113136032],[149.85577550599999,-33.125876798136062],[149.85666125099999,-33.124885483136062],[149.85677454500001,-33.123695774136074],[149.85683297,-33.122057462136098],[149.85650978199999,-33.121184687136122],[149.85640430300001,-33.120168338136125],[149.856509262,-33.119195413136147],[149.85817185400001,-33.117118887136165],[149.85931812699999,-33.117450803136165],[149.86035564400001,-33.114440898136195],[149.86719820600001,-33.115357962136187],[149.876047223,-33.112525519136227],[149.881455856,-33.095678359136457],[149.877328242,-33.095296383136464],[149.87860156100001,-33.090847541136519],[149.87792111600001,-33.087399544136552],[149.87754543599999,-33.08562575313659],[149.87915566300001,-33.077546884136687],[149.87778535999999,-33.077292023136685],[149.87867476100001,-33.073258170136747],[149.89195917699999,-33.0699870221368],[149.89123444000001,-33.072106085136753],[149.89423635,-33.07366048613676],[149.895241277,-33.073159267136738],[149.89764479499999,-33.073772016136743],[149.898715896,-33.071835926136778],[149.89718503399999,-33.070151732136807],[149.89836635099999,-33.068117513136826],[149.919860379,-33.062644595136895],[149.923306518,-33.06390117513687],[149.92584146199999,-33.061643659136912],[149.92595485199999,-33.061640984136901],[149.92591131699999,-33.061613003136905],[149.931644323,-33.061733771136879],[149.931750403,-33.061886340136901],[149.93235996000001,-33.066554089136837],[149.934776623,-33.067229967136825],[149.93481644799999,-33.067334081136828],[149.93885524699999,-33.065088478136872],[149.94153885,-33.062974422136882],[149.943628437,-33.060774869136914],[149.94353571900001,-33.060767279136918],[149.94395801100001,-33.060450522136911],[149.94409008,-33.060044360136928],[149.945123413,-33.05993249713692],[149.94623367599999,-33.06065459713691],[149.94731295700001,-33.060400084136916],[149.948269729,-33.060549195136907],[149.94943411700001,-33.06080788313691],[149.95049320999999,-33.061985019136898],[149.95072757400001,-33.062895437136895],[149.951921766,-33.062906575136893],[149.95262149499999,-33.063115022136898],[149.954511121,-33.063402653136876],[149.955755133,-33.063704662136871],[149.95622115699999,-33.064742132136885],[149.95633430000001,-33.06477699013687],[149.95603882699999,-33.065173968136861],[149.95577474199999,-33.065409224136864],[149.955322158,-33.066106933136844],[149.95569413000001,-33.066663410136826],[149.95555627300001,-33.067093285136842],[149.95535868100001,-33.067582976136819],[149.95584736699999,-33.067823155136828],[149.95642671100001,-33.067837308136816],[149.956661795,-33.068181327136813],[149.95688845999999,-33.06860530613681],[149.95700858000001,-33.068610225136815],[149.95689101599999,-33.069064934136819],[149.95700060600001,-33.070249524136791],[149.95614516399999,-33.071108034136778],[149.95557470099999,-33.072059821136769],[149.95518641499999,-33.07292552213675],[149.95517648500001,-33.07425315113673],[149.956033397,-33.075390711136727],[149.95725160699999,-33.076446555136698],[149.95882385199999,-33.077631746136682],[149.960189544,-33.078570445136677],[149.96132633900001,-33.078869791136675],[149.961528171,-33.078765587136694],[149.96166193600001,-33.078893189136686],[149.965362339,-33.078656119136681],[149.96543692200001,-33.078672744136675],[149.966802118,-33.07851994113669],[149.96763375399999,-33.078311202136668],[149.968716578,-33.077965455136692],[149.96930192299999,-33.07775071313668],[149.970028052,-33.077396275136707],[149.97084685600001,-33.077065554136709],[149.97090196900001,-33.077024200136691],[149.97187919199999,-33.076878291136701],[149.97194900299999,-33.076899142136682],[149.973707023,-33.076691407136693],[149.97455071499999,-33.076626030136701],[149.97511823799999,-33.076682746136704],[149.97557193399999,-33.076836876136696],[149.97607927799999,-33.076913594136705],[149.976542034,-33.0768031781367],[149.97713420599999,-33.076388201136716],[149.97776009899999,-33.075981194136716],[149.97824015,-33.075613580136725],[149.978302539,-33.075530265136727],[149.97846535400001,-33.075490238136709],[149.978772354,-33.075163829136727],[149.978807074,-33.07519082713673],[149.97903161299999,-33.07483848113673],[149.97929714200001,-33.074530065136734],[149.97952699000001,-33.074270872136744],[149.97988226199999,-33.074071967136746],[149.980242116,-33.073987664136723],[149.98061992800001,-33.073875173136749],[149.98086626700001,-33.073630689136756],[149.98084280699999,-33.073322421136744],[149.98076063799999,-33.07299126213676],[149.98069978999999,-33.072782270136742],[149.98064065299999,-33.07252322813676],[149.980573513,-33.07224967913676],[149.980394265,-33.072023505136769],[149.98017255900001,-33.071796302136775],[149.979924643,-33.071589931136771],[149.97978034499999,-33.071335979136776],[149.979679729,-33.071047307136787],[149.97963373299999,-33.070652623136795],[149.97954112299999,-33.070378457136776],[149.97944924500001,-33.070082842136806],[149.979401997,-33.070085820136789],[149.97938120000001,-33.069882930136799],[149.979486901,-33.069892933136799],[149.97965026200001,-33.069920746136795],[149.97974471000001,-33.069975511136782],[149.97974662300001,-33.070085279136805],[149.97981944700001,-33.069943929136798],[149.97972345599999,-33.069602894136786],[149.97953383399999,-33.069183261136807],[149.97937492,-33.068859782136812],[149.97899672899999,-33.068488582136808],[149.97900059,-33.068469727136815],[149.97860081499999,-33.068231047136813],[149.97804383600001,-33.067950389136811],[149.977091874,-33.067640251136808],[149.97699585000001,-33.067596872136825],[149.97709060099999,-33.067564043136827],[149.976491721,-33.067349149136824],[149.97540474100001,-33.066993599136843],[149.973800063,-33.066534831136835],[149.97326353899999,-33.06626648313685],[149.97324926300001,-33.06623999113684],[149.97301172300001,-33.066062481136846],[149.971792295,-33.065274337136849],[149.97112368500001,-33.064284898136876],[149.97108261,-33.064296888136873],[149.97097645900001,-33.063952154136878],[149.97093695000001,-33.06361725613688],[149.97094375,-33.063290140136893],[149.971109453,-33.062793415136895],[149.97120540700001,-33.06131218313692],[149.97118372700001,-33.061269924136901],[149.97119849200001,-33.061276514136914],[149.97119877200001,-33.060937814136899],[149.97117657300001,-33.060593797136917],[149.971108109,-33.060277278136915],[149.97106114299999,-33.05999467513692],[149.97108357600001,-33.059670824136923],[149.97107629300001,-33.059662903136918],[149.971237984,-33.059354803136934],[149.97148695999999,-33.05899367113696],[149.971633529,-33.058997234136932],[149.971906268,-33.058808270136943],[149.97206759400001,-33.058564122136936],[149.97220176100001,-33.058285921136942],[149.97232329799999,-33.058045577136944],[149.97241445500001,-33.057891725136948],[149.97317567499999,-33.057591161136955],[149.973463063,-33.057377588136958],[149.97356205599999,-33.057373446136964],[149.97383408100001,-33.057370509136952],[149.97402646899999,-33.057377090136953],[149.97418134500001,-33.057354136136944],[149.97438308,-33.057319509136953],[149.97442613699999,-33.05735244613696],[149.97475688599999,-33.057288919136958],[149.97498144400001,-33.057017678136965],[149.97513078599999,-33.056792317136974],[149.97534805000001,-33.056568605136974],[149.975562376,-33.056430692136985],[149.975878588,-33.056295249136966],[149.97620563000001,-33.056174380136973],[149.97654366699999,-33.056063318136985],[149.976732414,-33.056010651136972],[149.97696236799999,-33.056078246136977],[149.977000481,-33.056171956136978],[149.97668705800001,-33.057393798136971],[149.97672772600001,-33.058300160136938],[149.976160666,-33.059161600136939],[149.97736683799999,-33.059522834136942],[149.97775352400001,-33.059743468136922],[149.97913772999999,-33.060139183136918],[149.979953112,-33.060400379136915],[149.98032460900001,-33.060017053136932],[149.98034521899999,-33.059413967136919],[149.97972435099999,-33.058704798136937],[149.98013474300001,-33.058231876136944],[149.9801502,-33.057779561136954],[149.97980756999999,-33.057318569136974],[149.97925421400001,-33.056731751136965],[149.97973106200001,-33.056411337136979],[149.979721772,-33.056381403136974],[149.98027433999999,-33.05641977113698],[149.981376944,-33.056357619136968],[149.98189457500001,-33.056029265136999],[149.98221748500001,-33.055938464136986],[149.98263396199999,-33.055769652136981],[149.98300407799999,-33.055921731136991],[149.983444136,-33.056099352136975],[149.983789613,-33.056143494136975],[149.984116914,-33.056097746136984],[149.98435605500001,-33.056145276136981],[149.984500207,-33.056071243136984],[149.98457262900001,-33.055816578136977],[149.984520132,-33.055487332136998],[149.98456547000001,-33.055196232136986],[149.98471510900001,-33.05496132613699],[149.98487606399999,-33.054833352137003],[149.98566896700001,-33.054473279137007],[149.98672581700001,-33.054107947137005],[149.98685424499999,-33.054112620137012],[149.98724883700001,-33.054169866136995],[149.98771017000001,-33.054225858136995],[149.98810094199999,-33.054459152137007],[149.98935885500001,-33.055435035136995],[149.99056553,-33.056267844136983],[149.991842246,-33.056599960136985],[149.991839666,-33.056600453136966],[149.99248169500001,-33.056878330136961],[149.993091187,-33.057071934136971],[149.99406092999999,-33.057292115136953],[149.99460092199999,-33.057030831136977],[149.994949668,-33.056770897136978],[149.995027671,-33.056656468136964],[149.995498459,-33.056481420136976],[149.996299811,-33.056027993136972],[149.99738803700001,-33.055392374136979],[149.99831599500001,-33.054516513137017],[149.99943946799999,-33.052841684137007],[150.00062379600001,-33.051026482137047],[150.00128244499999,-33.049813192137066],[150.001312117,-33.049619384137074],[150.00146433,-33.04995361613706],[150.00178373400001,-33.050304710137048],[150.001853404,-33.050526705137052],[150.002056764,-33.050793979137055],[150.00225790299999,-33.050918082137045],[150.00247035999999,-33.050917228137045],[150.00272364700001,-33.050756348137057],[150.00297349600001,-33.050488049137066],[150.00313333599999,-33.050276605137057],[150.00365272400001,-33.049951106137051],[150.00374325199999,-33.049922161137061],[150.004161482,-33.049699647137061],[150.00415115499999,-33.049674276137068],[150.00425576500001,-33.049616282137066],[150.004315518,-33.049751056137048],[150.00470888699999,-33.049635281137064],[150.00512347200001,-33.049311303137067],[150.00511244200001,-33.049303346137066],[150.00538388999999,-33.049213000137065],[150.00623390199999,-33.049203605137059],[150.00725776799999,-33.049287826137068],[150.00836549300001,-33.048986441137068],[150.00955303200001,-33.04841861413707],[150.01010380899999,-33.047835503137101],[150.01069498999999,-33.047104276137098],[150.01120635000001,-33.04663947913712],[150.012207526,-33.046366118137108],[150.01294453700001,-33.04617983913711],[150.01400541999999,-33.046341222137109],[150.01492603299999,-33.046396906137105],[150.015129618,-33.046434665137113],[150.015760306,-33.046583617137095],[150.01582136900001,-33.046568164137113],[150.016068335,-33.046645853137093],[150.01634325200001,-33.046682251137106],[150.01663151299999,-33.046742820137112],[150.016891676,-33.046796754137112],[150.01717893399999,-33.046887115137103],[150.01745264499999,-33.046959260137108],[150.017717672,-33.047078904137088],[150.017968954,-33.047186292137098],[150.01823418500001,-33.047299977137101],[150.01848888500001,-33.047306069137093],[150.01879592,-33.047229928137085],[150.019035825,-33.047044840137104],[150.019214664,-33.046780770137111],[150.01925968099999,-33.046495609137111],[150.01918442600001,-33.0462075741371],[150.01918132500001,-33.045879518137113],[150.01919944900001,-33.045551970137119],[150.01920322399999,-33.045230045137117],[150.019250449,-33.044879341137133],[150.01935222099999,-33.044380859137128],[150.01956884699999,-33.044203822137128],[150.019807273,-33.044231924137129],[150.019793593,-33.044220354137146],[150.019992841,-33.044272141137149],[150.02056652600001,-33.044393193137147],[150.02106621300001,-33.044440917137123],[150.02172503899999,-33.044556844137141],[150.022403255,-33.044601670137148],[150.023172628,-33.044462617137114],[150.02358687399999,-33.044272142137125],[150.02340436700001,-33.043888519137141],[150.023024195,-33.043571735137157],[150.022892391,-33.043196478137155],[150.022904428,-33.042838968137161],[150.02322793100001,-33.042567611137166],[150.02338446300001,-33.041955938137178],[150.02418870400001,-33.040780097137173],[150.02409308,-33.040847795137175],[150.0242992,-33.04059344813718],[150.02470473299999,-33.040341591137206],[150.024819347,-33.039907382137173],[150.026122993,-33.038070656137215],[150.02615719400001,-33.038079188137225],[150.027968593,-33.036004222137251],[150.02862720499999,-33.035619188137254],[150.02948545199999,-33.034602027137261],[150.02866883300001,-33.033115593137289],[150.02859789600001,-33.033140446137274],[150.02858714600001,-33.032512544137298],[150.029543055,-33.031368899137306],[150.029654591,-33.030577244137312],[150.03010766700001,-33.029986937137323],[150.030316734,-33.029326411137326],[150.030304433,-33.029322660137332],[150.030406177,-33.02919257913733],[150.03049317099999,-33.027613179137354],[150.03057682799999,-33.026892418137372],[150.03026394400001,-33.026090652137377],[150.030597046,-33.025783722137376],[150.030666212,-33.025241515137395],[150.031222636,-33.024861186137393],[150.03195418199999,-33.024578052137393],[150.03275995600001,-33.024361082137411],[150.03307439,-33.024103793137414],[150.032987018,-33.02408395013741],[150.03309304499999,-33.024054145137399],[150.03289154199999,-33.023476870137408],[150.032890342,-33.02224601213743],[150.03307361099999,-33.020833488137434],[150.033229592,-33.019728020137464],[150.03330191200001,-33.019223071137475],[150.033324435,-33.019179265137474],[150.03339712799999,-33.019037875137471],[150.03317362300001,-33.018610354137479],[150.03262424600001,-33.018275262137486],[150.03231995300001,-33.017724165137501],[150.03151036,-33.0172970031375],[150.03059989100001,-33.0168388121375],[150.03009618199999,-33.016662228137477],[150.02954964700001,-33.016749394137484],[150.02936020300001,-33.016573137137506],[150.02927122899999,-33.01593413513752],[150.029561771,-33.015375733137525],[150.03060674400001,-33.01435584713753],[150.02911429400001,-33.014546823137557],[150.02916598100001,-33.014514743137525],[150.02928477200001,-33.013759038137536],[150.02936505700001,-33.013138380137555],[150.02946135400001,-33.012546727137547],[150.029458955,-33.012493990137557],[150.03090500799999,-33.012107338137582],[150.031292511,-33.010186716137596],[150.03010301200001,-33.009205982137608],[150.029851974,-33.00849858413762],[150.029594231,-33.007555392137625],[150.02927762300001,-33.00644463513764],[150.029094012,-33.006361735137638],[150.02905634000001,-33.006139624137639],[150.02875675000001,-33.005703127137643],[150.02838087699999,-33.005515272137657],[150.02791510399999,-33.005475550137653],[150.02758135299999,-33.005803928137645],[150.027180673,-33.006102085137663],[150.02661843199999,-33.006153087137633],[150.025367856,-33.006216293137648],[150.02431846499999,-33.006105389137645],[150.02208904,-33.005980617137652],[150.021543941,-33.005774389137642],[150.02146648900001,-33.005364724137664],[150.021508899,-33.00530125913766],[150.02194930799999,-33.004832324137652],[150.02198029799999,-33.004668477137656],[150.02184861200001,-33.004543681137662],[150.021417275,-33.004490445137669],[150.02103613099999,-33.004459874137673],[150.02067292300001,-33.004401107137667],[150.020244956,-33.00424776313767],[150.01987079400001,-33.004009833137658],[150.01968163399999,-33.00382641413767],[150.01947598800001,-33.003628287137694],[150.01928779400001,-33.003416267137688],[150.01914323400001,-33.003169510137688],[150.018900758,-33.003056375137675],[150.01867266799999,-33.003272758137683],[150.018475389,-33.003582904137694],[150.017689996,-33.004208165137669],[150.01736831400001,-33.004429463137669],[150.01695274799999,-33.004412368137665],[150.01661596299999,-33.004325597137679],[150.01634315999999,-33.00410439213767],[150.01617802199999,-33.003964478137668],[150.016022574,-33.003789016137695],[150.01572932400001,-33.003166588137681],[150.01565410500001,-33.002878550137687],[150.01537841499999,-33.002743145137693],[150.015271337,-33.003148473137671],[150.014960465,-33.003485188137695],[150.014757317,-33.003311885137677],[150.01421772,-33.002523740137697],[150.01392663199999,-33.001711727137703],[150.013675785,-33.001283481137712],[150.01433630899999,-33.000676967137714],[150.01388877900001,-32.999681755137715],[150.01415464799999,-32.99960884813774],[150.014097999,-32.999190060137742],[150.01351102000001,-32.998758576137753],[150.01323721899999,-32.998483673137756],[150.01304618699999,-32.997852952137748],[150.01292888099999,-32.997134547137748],[150.01261973199999,-32.996858795137769],[150.01174190099999,-32.996658869137768],[150.010870106,-32.996280183137785],[150.01026035699999,-32.996115811137784],[150.009553375,-32.995676663137786],[150.009057764,-32.995013589137798],[150.008222558,-32.994599982137814],[150.007613037,-32.994041511137809],[150.007213648,-32.993044409137816],[150.00650698499999,-32.992418682137824],[150.00507264000001,-32.991937008137825],[150.00367366200001,-32.991456167137841],[150.00220960600001,-32.990987192137858],[150.002201023,-32.990863139137851],[150.00177267399999,-32.990724037137859],[150.001270146,-32.990518748137845],[150.00087670299999,-32.990351859137867],[150.00056859099999,-32.990172710137848],[150.000345323,-32.98999559813786],[150.00019065800001,-32.989798670137873],[149.99991890699999,-32.989548833137853],[149.99967988399999,-32.98933556213786],[149.99950218999999,-32.989066519137864],[149.999395276,-32.988713308137868],[149.999287393,-32.988388695137871],[149.99904376699999,-32.9880608191379],[149.998519203,-32.988005262137889],[149.99801621700001,-32.988064719137881],[149.99761528299999,-32.988119475137886],[149.997511777,-32.988167075137881],[149.997398334,-32.98825737113787],[149.997365847,-32.987963196137891],[149.99730572799999,-32.987732760137888],[149.99703302399999,-32.9875115181379],[149.99662724199999,-32.987458814137895],[149.99620837200001,-32.987541757137897],[149.995793381,-32.987510295137895],[149.99544723100001,-32.987451868137889],[149.995446802,-32.9874538041379],[149.995405296,-32.987436547137897],[149.99498473099999,-32.987319078137901],[149.994619188,-32.987331740137897],[149.99430576500001,-32.987309877137889],[149.99391719799999,-32.987250423137901],[149.99358196200001,-32.987120694137886],[149.99313037799999,-32.986916601137906],[149.992739637,-32.986671038137914],[149.99227908699999,-32.986462888137901],[149.992067378,-32.986286979137915],[149.99206207200001,-32.986312950137908],[149.99185732999999,-32.986148852137902],[149.99152962599999,-32.985797467137921],[149.991191257,-32.985510227137922],[149.99087833999999,-32.985223599137925],[149.990555258,-32.984736361137934],[149.98988408599999,-32.984498334137932],[149.98909584899999,-32.984207391137929],[149.988382997,-32.983946883137939],[149.98775253299999,-32.984010378137938],[149.986638038,-32.983826034137941],[149.985853682,-32.983671124137942],[149.985208441,-32.983669846137936],[149.985471977,-32.98316098913795],[149.98603048800001,-32.982716505137958],[149.98658753500001,-32.982314918137966],[149.98682777100001,-32.981991551137966],[149.98684984299999,-32.981841809137968],[149.986792673,-32.981525569137972],[149.98653819500001,-32.981268967137979],[149.98607355499999,-32.981200496137987],[149.98569955599999,-32.981212928137985],[149.985261554,-32.981359775137967],[149.98488161099999,-32.981491892137967],[149.984558131,-32.981571764137968],[149.984236248,-32.98154967213798],[149.984024406,-32.98153739513797],[149.983771819,-32.981724499137961],[149.98368065700001,-32.981908347137967],[149.98346826,-32.982411281137956],[149.98315652599999,-32.982589797137948],[149.982796847,-32.982430825137961],[149.982218026,-32.982474073137972],[149.981856644,-32.982365148137966],[149.98160530600001,-32.982266041137969],[149.98148268200001,-32.982127113137963],[149.981229883,-32.982070905137967],[149.980963,-32.982178940137977],[149.980623377,-32.982428335137968],[149.980253597,-32.982552126137946],[149.97982486500001,-32.982695653137945],[149.97933615599999,-32.982859256137957],[149.97907856500001,-32.983151180137952],[149.97935830200001,-32.983247402137955],[149.97967947999999,-32.983165729137951],[149.98004209800001,-32.982906162137972],[149.980358198,-32.982973445137965],[149.98024315200001,-32.98337086513795],[149.98010156800001,-32.983539178137939],[149.97989709699999,-32.984307063137933],[149.97972762200001,-32.984546261137922],[149.97958895900001,-32.984628775137935],[149.979678624,-32.984738284137926],[149.97980076100001,-32.984891512137928],[149.97930733199999,-32.985780540137917],[149.979537292,-32.986144569137913],[149.979101937,-32.986212743137912],[149.97866077899999,-32.986202060137934],[149.97843965499999,-32.986326035137907],[149.97773184799999,-32.986551664137906],[149.97709740299999,-32.986263702137919],[149.976572248,-32.986101895137914],[149.97628233899999,-32.986303582137914],[149.97629532400001,-32.986959851137897],[149.97673351899999,-32.987596610137885],[149.97698683900001,-32.988467415137876],[149.97668777600001,-32.988937225137867],[149.97641671299999,-32.989037499137858],[149.975036711,-32.988892884137861],[149.97405158699999,-32.988897616137862],[149.9737049,-32.989103882137869],[149.97352495999999,-32.989400063137865],[149.97356533300001,-32.989548793137864],[149.97330203600001,-32.989660160137859],[149.97328880399999,-32.990047448137858],[149.97338671399999,-32.990288352137846],[149.973877552,-32.990419524137849],[149.97807571600001,-32.991541353137848],[149.97810685499999,-32.991564113137841],[149.97820621299999,-32.991576221137855],[149.97829517100001,-32.991599991137832],[149.97840225799999,-32.991600112137846],[149.978749389,-32.991642415137832],[149.97875115599999,-32.991691990137838],[149.978680806,-32.991687159137825],[149.97793442,-32.992189097137825],[149.97785419799999,-32.992896272137813],[149.97811350800001,-32.993517123137821],[149.978752004,-32.993945368137808],[149.97875246500001,-32.994194488137808],[149.97849561300001,-32.994188265137794],[149.97814107299999,-32.994209494137806],[149.97816626400001,-32.994508265137789],[149.978371264,-32.994721945137805],[149.97875386499999,-32.994950537137804],[149.97875414800001,-32.995103198137791],[149.97872017399999,-32.995204911137797],[149.97875462299999,-32.995359938137788],[149.97875482399999,-32.995468006137784],[149.97834663399999,-32.996024623137785],[149.978337487,-32.99629274713778],[149.97832224199999,-32.996739619137756],[149.97805647199999,-32.997269871137775],[149.97808267799999,-32.997538850137772],[149.978253349,-32.99772188213776],[149.97855459900001,-32.997780287137765],[149.97861373800001,-32.99827905213774],[149.97856431599999,-32.998898030137752],[149.97903212599999,-32.999291006137739],[149.979977512,-32.999790960137737],[149.98043964600001,-33.000350764137721],[149.980727092,-33.000496320137714],[149.98082081300001,-33.000646666137726],[149.98049998100001,-33.000855190137706],[149.98115011900001,-33.001532772137701],[149.98138376599999,-33.001693423137695],[149.981143108,-33.001791922137706],[149.98116359599999,-33.002515188137693],[149.98122401200001,-33.00339158113767],[149.98159112100001,-33.004541680137677],[149.98142728600001,-33.005374607137632],[149.981063818,-33.005441890137647],[149.980755827,-33.005206191137667],[149.97938206800001,-33.004450158137679],[149.97850063800001,-33.003820160137678],[149.977202866,-33.003484390137679],[149.97692444899999,-33.003312966137692],[149.97688456500001,-33.003225884137677],[149.97612717300001,-33.002403857137701],[149.975382701,-33.001203946137714],[149.974051868,-33.000746197137715],[149.97360456300001,-33.000668433137726],[149.973104108,-33.000340105137724],[149.97213251299999,-32.999779835137723],[149.97081350299999,-32.999032223137732],[149.970126806,-32.998419224137749],[149.96936839200001,-32.99783429413776],[149.96873814700001,-32.997640083137739],[149.96810484599999,-32.997535243137762],[149.96774621399999,-32.997675605137751],[149.96759153900001,-32.998059453137749],[149.96754394499999,-32.998416088137752],[149.967139753,-32.998853500137763],[149.96652955499999,-32.999107004137734],[149.966016301,-32.999265687137743],[149.96587196600001,-32.99921975313773],[149.96424099500001,-32.999133804137728],[149.96423325200001,-32.999091408137744],[149.964313347,-32.998313103137747],[149.96455316300001,-32.998068478137739],[149.96458455000001,-32.99794828313776],[149.96474148600001,-32.997347306137762],[149.964544346,-32.996754799137776],[149.96435122899999,-32.99628163913777],[149.96371490199999,-32.996326719137777],[149.96341503299999,-32.996333889137773],[149.96321554100001,-32.995090165137789],[149.96329577500001,-32.994919164137798],[149.96297280799999,-32.9947516851378],[149.961438577,-32.993335196137807],[149.95957471,-32.991686415137835],[149.95952996400001,-32.991627422137839],[149.958885372,-32.990242848137854],[149.95764060100001,-32.989641896137861],[149.95586549999999,-32.989454915137863],[149.952761622,-32.990216909137857],[149.951312218,-32.991627433137829],[149.95035427299999,-32.992688444137812],[149.949749145,-32.992495116137825],[149.948634148,-32.993059149137821],[149.94879001999999,-32.993495841137808],[149.948042665,-32.993539915137809],[149.94668881300001,-32.993744113137801],[149.94476235900001,-32.993101907137813],[149.942615757,-32.992456479137822],[149.942162615,-32.991536294137852],[149.942296191,-32.991268016137838],[149.94227718799999,-32.99135603113784],[149.94256812899999,-32.990721843137841],[149.943087005,-32.989679684137855],[149.943120634,-32.989574218137861],[149.94369925000001,-32.988604103137881],[149.94414448399999,-32.98938203913788],[149.94489566799999,-32.989841380137854],[149.94571878400001,-32.989058632137862],[149.94500990700001,-32.988168932137881],[149.94478596900001,-32.9875565531379],[149.94494191999999,-32.987432921137895],[149.945273711,-32.9875902191379],[149.945632109,-32.988154244137881],[149.94615069400001,-32.988428241137868],[149.94720162499999,-32.987687811137874],[149.94691405099999,-32.987551483137885],[149.94650384100001,-32.987131808137889],[149.94752197700001,-32.987107756137902],[149.94883403099999,-32.987410701137897],[149.950411449,-32.987182578137897],[149.95191165099999,-32.986336071137913],[149.95121702700001,-32.985875433137913],[149.95001493999999,-32.985474499137922],[149.94926376999999,-32.985015187137925],[149.949450353,-32.983818099137942],[149.94948417699999,-32.983670373137954],[149.95018989900001,-32.983928536137931],[149.951071533,-32.984009718137926],[149.95178667900001,-32.983788667137944],[149.95275334999999,-32.983454492137938],[149.95303701500001,-32.983393618137946],[149.95327849200001,-32.983583304137952],[149.95419390800001,-32.983813170137928],[149.95421961299999,-32.983858669137931],[149.954764697,-32.98446829313793],[149.95552699300001,-32.984934136137923],[149.956421482,-32.985671543137919],[149.95743589700001,-32.987038002137886],[149.957867816,-32.987853565137883],[149.95842010699999,-32.988254639137892],[149.95894830200001,-32.988327148137877],[149.95985759199999,-32.987603913137903],[149.960607495,-32.986369916137903],[149.96086245199999,-32.986066955137915],[149.96122604499999,-32.986121105137919],[149.96190719099999,-32.986066136137914],[149.96245265900001,-32.985840892137922],[149.96260467299999,-32.985534505137927],[149.962454608,-32.984958387137922],[149.96248401899999,-32.984100403137944],[149.962454407,-32.983993061137944],[149.963364396,-32.984092194137943],[149.96410874099999,-32.98405067813794],[149.964854108,-32.983979365137934],[149.96536734,-32.983455162137957],[149.96538877099999,-32.983393291137951],[149.96595370700001,-32.983294346137946],[149.96629644399999,-32.983113582137953],[149.96709723699999,-32.982660310137966],[149.96848542399999,-32.983072244137958],[149.96890793399999,-32.983838899137936],[149.96996310500001,-32.984148178137943],[149.97059252599999,-32.983785268137943],[149.97089535699999,-32.983130780137955],[149.97089087500001,-32.982872967137958],[149.97092882800001,-32.982879132137946],[149.97176922200001,-32.982620583137972],[149.97253546600001,-32.981839023137972],[149.97375895799999,-32.981189680137966],[149.97384808199999,-32.980471954137975],[149.97438486199999,-32.979600440138007],[149.97522201500001,-32.979246532138006],[149.974797322,-32.978397939138013],[149.97396395300001,-32.977177430138028],[149.97370095100001,-32.976086444138048],[149.97227269999999,-32.975691113138041],[149.971490238,-32.974900998138068],[149.97137480500001,-32.974541536138076],[149.971323845,-32.974333543138073],[149.97141376900001,-32.974214706138063],[149.971579402,-32.97358006213809],[149.97139933899999,-32.973283381138096],[149.971453766,-32.972880739138091],[149.97120429099999,-32.972542720138094],[149.970887339,-32.972220653138095],[149.970858346,-32.9721904011381],[149.970700991,-32.971814786138104],[149.97061724,-32.971348569138122],[149.97062185199999,-32.970813345138112],[149.970643911,-32.970459259138131],[149.97049542400001,-32.970090150138134],[149.970208383,-32.969982364138126],[149.96978509900001,-32.969868288138137],[149.96917768700001,-32.969672624138127],[149.96820846200001,-32.969504736138141],[149.967766391,-32.969505770138134],[149.96751388300001,-32.969495468138142],[149.96747796599999,-32.969412513138131],[149.966667116,-32.968859310138143],[149.96698887400001,-32.968326885138161],[149.96672918100001,-32.96733121413817],[149.96642092100001,-32.966575232138183],[149.96639540699999,-32.965812527138191],[149.96596927799999,-32.9649162221382],[149.96441379999999,-32.964094456138191],[149.96243144900001,-32.964046113138203],[149.96062033300001,-32.964041384138206],[149.95839270799999,-32.963426309138221],[149.95763215900001,-32.962681022138241],[149.95699266,-32.962171398138231],[149.95614763699999,-32.962286830138233],[149.954562737,-32.962276652138236],[149.95453851400001,-32.96211767113823],[149.95446283800001,-32.962202426138241],[149.95364729100001,-32.962468753138225],[149.952152001,-32.962754257138215],[149.950758724,-32.962541327138211],[149.94997396100001,-32.962140682138248],[149.949181256,-32.962117690138243],[149.94809837,-32.961985158138241],[149.947414764,-32.962280682138243],[149.94533685600001,-32.962229839138239],[149.94254051499999,-32.962089803138234],[149.94176948200001,-32.962341510138224],[149.94176322800001,-32.963323701138208],[149.941614173,-32.963516447138218],[149.94115434299999,-32.964028330138213],[149.94064212500001,-32.964495621138205],[149.940148515,-32.964930055138197],[149.939867722,-32.965227613138183],[149.93906304800001,-32.965330666138193],[149.93905047300001,-32.965322343138197],[149.93824102799999,-32.965409822138199],[149.93729078000001,-32.965887408138194],[149.93685311999999,-32.966270233138168],[149.93578551300001,-32.966458696138183],[149.93427281300001,-32.967244456138168],[149.93375155300001,-32.967589437138152],[149.93378530800001,-32.967840718138156],[149.933947526,-32.968059378138157],[149.933681947,-32.96837486113813],[149.93358840799999,-32.96839214913814],[149.93317482099999,-32.967666250138151],[149.93301036599999,-32.967185158138172],[149.93275260999999,-32.966129310138186],[149.93257873100001,-32.965266344138179],[149.93256910900001,-32.964235678138202],[149.93223183399999,-32.964170141138204],[149.931884666,-32.964390590138201],[149.93156133400001,-32.9647289221382],[149.931408097,-32.964672998138212],[149.93047973899999,-32.964026075138207],[149.93019238599999,-32.965609530138188],[149.92936513500001,-32.966297977138161],[149.928117622,-32.966279691138176],[149.927633327,-32.967055576138165],[149.926667385,-32.966982842138172],[149.92556120500001,-32.966101197138187],[149.92446502300001,-32.967225958138158],[149.924709003,-32.96774575013815],[149.92586230699999,-32.968339625138164],[149.925313413,-32.968878139138134],[149.92461363999999,-32.969993541138123],[149.924540866,-32.970971181138104],[149.923714002,-32.97088721313812],[149.923365464,-32.971145767138097],[149.92301295300001,-32.971518714138114],[149.92299508599999,-32.972033487138091],[149.92268780800001,-32.972407548138086],[149.92227338999999,-32.972607228138081],[149.921302105,-32.972545103138074],[149.920511774,-32.972487436138096],[149.92003015700001,-32.972666367138089],[149.91992577100001,-32.973064511138091],[149.92045074200001,-32.973592682138076],[149.920862623,-32.974118059138064],[149.920914587,-32.97457730713807],[149.920300653,-32.975306351138059],[149.91983567700001,-32.975657430138064],[149.91966613299999,-32.975816622138048],[149.91952861300001,-32.975607864138048],[149.91908183199999,-32.975809499138052],[149.91788924299999,-32.975742035138055],[149.91628436600001,-32.975206490138056],[149.915102854,-32.975473180138053],[149.91369635699999,-32.975792926138048],[149.91405853500001,-32.976278114138047],[149.91379693100001,-32.976292602138045],[149.91352752399999,-32.976715281138034],[149.913674767,-32.977362936138043],[149.91420372499999,-32.978020033138016],[149.91446950100001,-32.978921069137996],[149.91445332200001,-32.979385791138],[149.91473777100001,-32.979750610137991],[149.91531662700001,-32.980194266137993],[149.91546139900001,-32.980913416137966],[149.91525565800001,-32.981945906137973],[149.91459330500001,-32.982680876137948],[149.913847355,-32.983377995137943],[149.91373638100001,-32.984126598137948],[149.91441262999999,-32.985431352137915],[149.915163675,-32.985807711137916],[149.915895952,-32.985503809137917],[149.91640618900001,-32.985480645137926],[149.91711855899999,-32.985748701137929],[149.917663753,-32.985941066137912],[149.91884892799999,-32.986041901137902],[149.91894760599999,-32.986086573137896],[149.918963577,-32.986113696137913],[149.91910379000001,-32.986920808137882],[149.91901983299999,-32.987133786137896],[149.918537241,-32.987680014137887],[149.917847373,-32.987984979137892],[149.917076396,-32.988180598137888],[149.91621311500001,-32.988588603137885],[149.91551576399999,-32.989108040137879],[149.91520390299999,-32.989529669137866],[149.915146548,-32.989957594137863],[149.91588518899999,-32.990691428137865],[149.91726510300001,-32.991297994137845],[149.918867081,-32.99162380113782],[149.92152831499999,-32.992011514137836],[149.92378275999999,-32.991888239137836],[149.92468846200001,-32.99148122813785],[149.925551738,-32.991073166137852],[149.92624656999999,-32.990625166137853],[149.92622399499999,-32.990052152137849],[149.92640855299999,-32.989627356137866],[149.92641949200001,-32.989605560137882],[149.92652358000001,-32.989496425137858],[149.92656652599999,-32.989312578137877],[149.92672780500001,-32.988991205137864],[149.92700959199999,-32.988211016137875],[149.927011994,-32.988141756137878],[149.92725310899999,-32.988047471137875],[149.92773361299999,-32.988882216137881],[149.927315894,-32.989909509137853],[149.92701922200001,-32.991118674137837],[149.92676743999999,-32.99225738813783],[149.92663276100001,-32.992394830137819],[149.92665850899999,-32.992392329137822],[149.927263391,-32.992467625137827],[149.92643150200001,-32.993024767137818],[149.92612177199999,-32.993300829137823],[149.92696588999999,-32.994176721137805],[149.92699658999999,-32.994190558137802],[149.926968026,-32.995013905137782],[149.92689576800001,-32.99512727913779],[149.92671637199999,-32.995197883137791],[149.92629241899999,-32.995681822137776],[149.92632572599999,-32.995855050137784],[149.92547831100001,-32.996139999137775],[149.92493500399999,-32.99594835913777],[149.924336869,-32.995392583137793],[149.92368863300001,-32.995079408137798],[149.92322833899999,-32.995090266137808],[149.92290075599999,-32.994829245137794],[149.922273335,-32.995142650137787],[149.92226368600001,-32.995919258137775],[149.92313329000001,-32.996495967137761],[149.92372360300001,-32.997198702137766],[149.92403264199999,-32.99796779213775],[149.92384497500001,-32.99871874013774],[149.923299249,-32.999358691137736],[149.92352659599999,-32.999373450137725],[149.92355639600001,-32.999521389137726],[149.92423551499999,-33.000343157137721],[149.924463446,-33.001359190137705],[149.924345604,-33.001577485137702],[149.92510588499999,-33.002740416137698],[149.926273958,-33.003392849137668],[149.92722398199999,-33.003871482137669],[149.92863277699999,-33.004863026137656],[149.928231732,-33.005418825137646],[149.92913276100001,-33.005913531137651],[149.93008653000001,-33.005948321137637],[149.931227095,-33.005462690137641],[149.93297191600001,-33.004733418137661],[149.93462276,-33.005267673137652],[149.936288916,-33.006260207137643],[149.937054762,-33.006664673137628],[149.93644313799999,-33.00824667313762],[149.93305787,-33.009083618137616],[149.927738272,-33.011177041137572],[149.92730826799999,-33.011355961137575],[149.92521331500001,-33.01082204313758],[149.92468004400001,-33.011024195137587],[149.924471092,-33.011011555137571],[149.92445794400001,-33.011108388137565],[149.924406906,-33.011127734137588],[149.92443009199999,-33.011313519137573],[149.92436175899999,-33.011816792137573],[149.924372694,-33.011990486137563],[149.92325717099999,-33.01304146513754],[149.92118194,-33.013904812137547],[149.920831983,-33.014246448137527],[149.92029392699999,-33.014320664137536],[149.91847891399999,-33.014994069137529],[149.91778603500001,-33.016673024137511],[149.91817662899999,-33.016838531137488],[149.91752754999999,-33.017472111137494],[149.915950788,-33.02171852113743],[149.91367367999999,-33.020727220137452],[149.910179054,-33.020006652137475],[149.91013274299999,-33.020008961137471],[149.91030448999999,-33.018855531137476],[149.910625638,-33.018339158137472],[149.91164054800001,-33.018143225137486],[149.91338766499999,-33.017385522137495],[149.91350926600001,-33.014635480137528],[149.913847573,-33.013579206137543],[149.914204254,-33.01331732513755],[149.914178687,-33.012545369137563],[149.914472889,-33.01162675713757],[149.912599758,-33.010715242137586],[149.911578588,-33.011668420137582],[149.91060781300001,-33.011567184137569],[149.90951421099999,-33.011420860137569],[149.90810525500001,-33.012027247137574],[149.90683037700001,-33.012573143137544],[149.905897358,-33.013168343137544],[149.905376093,-33.013403419137546],[149.905193763,-33.013385791137551],[149.90521288299999,-33.013472230137538],[149.903870705,-33.013617163137553],[149.90292820299999,-33.013925901137526],[149.90255771299999,-33.015340397137528],[149.89894567799999,-33.015813015137525],[149.89789388400001,-33.016254715137499],[149.89567798900001,-33.015702305137516],[149.895438308,-33.012554630137551],[149.89540769999999,-33.012516482137556],[149.896545481,-33.011808085137574],[149.89802698099999,-33.011594295137577],[149.898697911,-33.010443904137581],[149.89837725500001,-33.009316700137603],[149.89918588200001,-33.008043645137612],[149.90046073799999,-33.008013820137606],[149.90051260000001,-33.007980147137637],[149.901326055,-33.008237431137601],[149.901447045,-33.00760752513763],[149.90175788499999,-33.00736136413763],[149.90134277000001,-33.006594705137637],[149.90100215000001,-33.006630548137643],[149.90089749699999,-33.006211962137641],[149.899863391,-33.006328219137643],[149.899578408,-33.006181397137645],[149.89860141099999,-33.006470080137632],[149.89821405199999,-33.006513621137643],[149.89649266500001,-33.005896926137652],[149.894853904,-33.005636606137649],[149.89287280600001,-33.005742579137653],[149.89143672599999,-33.005178878137663],[149.89032145799999,-33.003592420137672],[149.88996761799999,-33.001450712137711],[149.88884429000001,-33.001775506137697],[149.88642269100001,-33.001413877137701],[149.88647358200001,-33.002965438137686],[149.88563937800001,-33.003462630137683],[149.88509784600001,-33.006401565137644],[149.88676952399999,-33.009826462137596],[149.88767008299999,-33.009962775137595],[149.88754356499999,-33.010445499137582],[149.891543713,-33.012072217137572],[149.89228957399999,-33.014061444137553],[149.89183995400001,-33.014874585137534],[149.88760153000001,-33.014285403137549],[149.88763161099999,-33.015202016137529],[149.88861931700001,-33.016268314137506],[149.889924466,-33.016639221137517],[149.89092892100001,-33.020285059137457],[149.89326340900001,-33.022982542137413],[149.89167838500001,-33.024452827137395],[149.88998227799999,-33.022543084137439],[149.88882433399999,-33.022512740137422],[149.887779524,-33.023855720137391],[149.886693326,-33.023938348137406],[149.88301960800001,-33.021902550137433],[149.88289256199999,-33.024256117137398],[149.88329196800001,-33.024405091137403],[149.883179068,-33.024835702137388],[149.88307150399999,-33.025447356137377],[149.882579056,-33.025996294137379],[149.88216457199999,-33.026328425137365],[149.881485677,-33.026380037137372],[149.88071473700001,-33.026218791137381],[149.879898954,-33.025986916137384],[149.87922474699999,-33.026181738137389],[149.878602414,-33.026662011137375],[149.87818791199999,-33.026994125137371],[149.87746884699999,-33.027118315137358],[149.87678877299999,-33.027134097137363],[149.87601549499999,-33.026901210137353],[149.875501929,-33.026805625137349],[149.87485851100001,-33.026641385137374],[149.874564037,-33.026571297137373],[149.87509122399999,-33.026138128137376],[149.87497757400001,-33.025973551137376],[149.875039442,-33.025669714137379],[149.874595183,-33.025419799137389],[149.874376842,-33.025103609137389],[149.87398476300001,-33.025073937137378],[149.87347655299999,-33.024702639137395],[149.87312366200001,-33.024316662137402],[149.872852274,-33.023821297137403],[149.872961076,-33.023245456137417],[149.87316189699999,-33.022882478137419],[149.87255750700001,-33.022609825137415],[149.87132844000001,-33.022745795137418],[149.86960964900001,-33.022212273137434],[149.86900527500001,-33.021939602137429],[149.868233229,-33.021742471137443],[149.86771853600001,-33.021611049137441],[149.86727834600001,-33.021155410137446],[149.86738601299999,-33.020543770137444],[149.867582183,-33.020037580137455],[149.867683954,-33.019924163137468],[149.867810574,-33.020059534137459],[149.867782769,-33.019201423137474],[149.86782131000001,-33.01776928713749],[149.86732925199999,-33.017216653137496],[149.866955217,-33.016595129137507],[149.866929806,-33.015815259137511],[149.86682634300001,-33.014728348137531],[149.866592486,-33.013816445137543],[149.86575786,-33.013262426137537],[149.86445286099999,-33.012891266137558],[149.863013747,-33.012580522137554],[149.86159886300001,-33.013014516137545],[149.860667393,-33.013666664137538],[149.86038236600001,-33.013271918137534],[149.85975363700001,-33.012770440137551],[149.859587855,-33.011856956137557],[149.858802174,-33.011843574137558],[149.85875901899999,-33.011605771137582],[149.85857390800001,-33.011144219137584],[149.85819492300001,-33.011260455137574],[149.85756676700001,-33.011561596137568],[149.85701546300001,-33.011610136137577],[149.85658351500001,-33.011405097137569],[149.85602523899999,-33.011238800137576],[149.85542910800001,-33.011145453137573],[149.85515188599999,-33.010754376137577],[149.85501992100001,-33.010401983137569],[149.85462118800001,-33.009909515137586],[149.85456250300001,-33.009872129137598],[149.854399374,-33.0096267581376],[149.854393606,-33.009448937137613],[149.85399952700001,-33.009099687137613],[149.853734097,-33.008783308137616],[149.85322066099999,-33.008687630137601],[149.85284400099999,-33.008875462137603],[149.85246617999999,-33.009027486137605],[149.85187355299999,-33.009112786137599],[149.851567956,-33.008868991137589],[149.85130254000001,-33.008552607137609],[149.85087525899999,-33.008490770137612],[149.85032049200001,-33.008431864137613],[149.849889733,-33.008262607137631],[149.849708155,-33.007908459137631],[149.84977691200001,-33.007405227137625],[149.84988932300001,-33.006936823137636],[149.84999709600001,-33.006325197137627],[149.850153159,-33.005891622137639],[149.85047919900001,-33.005454137137654],[149.850004802,-33.005250052137654],[149.84928123700001,-33.005230855137654],[149.84880220700001,-33.004883543137673],[149.84814856899999,-33.004396913137676],[149.847374409,-33.004128042137673],[149.84687143299999,-33.004354589137662],[149.84671651400001,-33.004823966137671],[149.84702324,-33.005103578137643],[149.84742075099999,-33.005560266137657],[149.84735545699999,-33.006170915137638],[149.84707652700001,-33.006750638137646],[149.84683777399999,-33.007257773137646],[149.84672418700001,-33.007690368137624],[149.846522134,-33.008017498137605],[149.84592603499999,-33.00799535413762],[149.84528743999999,-33.007974181137612],[149.844567326,-33.008062374137623],[149.84462718399999,-33.008598483137618],[149.845028171,-33.009162596137607],[149.845470503,-33.009689924137589],[149.845788822,-33.010327597137589],[149.84589697600001,-33.011041758137601],[149.84600513199999,-33.01175592013756],[149.84585135399999,-33.012261101137568],[149.84561026200001,-33.01269662313755],[149.84510375799999,-33.012815745137544],[149.84438129099999,-33.012832325137552],[149.843920755,-33.013057884137559],[149.84334082000001,-33.013537006137533],[149.84301702799999,-33.014046082137533],[149.84305745099999,-33.014302411137535],[149.841481598,-33.014380510137549],[149.84132682000001,-33.014433832137541],[149.84096379900001,-33.014610678137529],[149.84080223800001,-33.014662266137528],[149.840939117,-33.014644751137531],[149.840841942,-33.014693455137532],[149.84061512599999,-33.014722014137519],[149.84080223800001,-33.014662266137528],[149.83951579500001,-33.01482688113753]],[[150.0020514,-32.991092830137852],[150.00206008200001,-32.991089332137847],[150.002059753,-32.991103302137844],[150.0020514,-32.991092830137852]],[[150.01292078099999,-33.045934170137109],[150.01292178400001,-33.045939549137117],[150.01289090899999,-33.045942427137106],[150.01292078099999,-33.045934170137109]],[[150.019921477,-33.005580007137652],[150.019929631,-33.005565658137634],[150.019997104,-33.005569131137648],[150.019921477,-33.005580007137652]],[[150.028558449,-33.006785303137647],[150.02859078899999,-33.006869587137643],[150.02847149199999,-33.006742387137635],[150.028558449,-33.006785303137647]],[[150.015158058,-33.003653751137684],[150.015289327,-33.003694486137668],[150.01527243500001,-33.003751325137671],[150.015158058,-33.003653751137684]],[[149.885786357,-33.025335433137386],[149.885837568,-33.025654575137388],[149.88574806599999,-33.025349252137403],[149.88538788400001,-33.025186818137385],[149.885786357,-33.025335433137386]],[[149.838488606,-33.014958310137537],[149.83887665699999,-33.014908659137532],[149.838872181,-33.015002564137525],[149.83853872500001,-33.014972849137514],[149.838488606,-33.014958310137537]],[[149.984000812,-32.998308229137763],[149.98480787299999,-32.998506639137744],[149.98522387,-32.998561646137745],[149.98541164100001,-32.99894399313775],[149.98606315500001,-32.999878320137718],[149.98608235699999,-33.000447814137729],[149.98566026,-33.000895384137706],[149.98452711600001,-33.001060763137708],[149.984102511,-33.000517084137712],[149.983716649,-33.00041830413771],[149.98317058500001,-33.000318284137713],[149.98304667400001,-33.000207699137732],[149.982218703,-32.999809473137731],[149.98195958599999,-32.999994922137716],[149.98195583500001,-32.999993632137731],[149.98193071399999,-32.999790531137734],[149.98157358500001,-32.99947180113773],[149.98110657500001,-32.999054999137741],[149.980976572,-32.998785273137749],[149.981555286,-32.998427969137751],[149.98223919599999,-32.998086724137764],[149.982876584,-32.998072327137741],[149.984000812,-32.998308229137763]]]},"properties":{"OBJECTID":91612,"FireName":"Upper Turon Rd, Palmers Oaky","FireNo":"19120461695","FireType":1,"StartDate":1575378000000,"EndDate":1580389200000,"AreaHa":17373.433451469999}},{"type":"Feature","id":91667,"geometry":{"type":"Polygon","coordinates":[[[150.75328605300001,-32.505231078144455],[150.75287761800001,-32.504908993144454],[150.75229229199999,-32.505070184144465],[150.75205048199999,-32.505649364144453],[150.751761327,-32.505763656144445],[150.75126704799999,-32.506020894144456],[150.75109179699999,-32.506000442144462],[150.75064853699999,-32.506021373144463],[150.749984721,-32.506009498144444],[150.74976417900001,-32.506126134144452],[150.74940188299999,-32.50606616614445],[150.74881350999999,-32.506155752144444],[150.74865782699999,-32.507140172144432],[150.748117968,-32.508375225144427],[150.74742919299999,-32.509423646144405],[150.74759137300001,-32.510589558144389],[150.74763975299999,-32.511065981144377],[150.74799856999999,-32.511223715144382],[150.748299237,-32.511405643144371],[150.74839135299999,-32.511843858144374],[150.748584459,-32.511905524144353],[150.74855552400001,-32.512147544144355],[150.74873815199999,-32.512170216144362],[150.748888704,-32.512560972144364],[150.74885606800001,-32.513030911144362],[150.74915644199999,-32.513303077144364],[150.74923051100001,-32.513546940144323],[150.749522915,-32.51329993514436],[150.74985360100001,-32.513354360144341],[150.75005863800001,-32.513396835144356],[150.750288256,-32.513371839144341],[150.75031525399999,-32.513207397144349],[150.75058702800001,-32.51332867614434],[150.751135772,-32.513294197144354],[150.75125000200001,-32.512913670144343],[150.75154635499999,-32.512967476144347],[150.75170141500001,-32.512718011144358],[150.75192789299999,-32.51281907514435],[150.75200930700001,-32.513227993144341],[150.751793644,-32.513612197144347],[150.75209733899999,-32.513831059144344],[150.751909152,-32.514031427144353],[150.752261043,-32.514154135144338],[150.75188418100001,-32.514574263144326],[150.752038857,-32.514800163144329],[150.75243532299999,-32.514972176144326],[150.752507471,-32.515293615144323],[150.75257010300001,-32.515537272144329],[150.75243889699999,-32.515748360144315],[150.752523696,-32.51602151714431],[150.75287342199999,-32.516231499144311],[150.75310715200001,-32.516041646144316],[150.75345675400001,-32.516276097144313],[150.753534664,-32.517460902144286],[150.753680481,-32.517529228144269],[150.75413541,-32.517467178144294],[150.754516094,-32.516995483144299],[150.754527647,-32.516960198144318],[150.75478595800001,-32.516654890144316],[150.75533913999999,-32.516399087144322],[150.75580275499999,-32.516026537144299],[150.75547704900001,-32.515371069144322],[150.756016281,-32.515254732144314],[150.756072843,-32.515221476144326],[150.75676928600001,-32.515543076144304],[150.75729530199999,-32.515311987144329],[150.75774775599999,-32.514676926144332],[150.757732363,-32.514656310144332],[150.75784836400001,-32.514618487144332],[150.75749894099999,-32.513780988144347],[150.757499895,-32.513715304144341],[150.75767395700001,-32.513174037144353],[150.757769384,-32.512651750144357],[150.758263984,-32.512223912144357],[150.75805706400001,-32.511740626144366],[150.758079256,-32.511704918144382],[150.75832204,-32.511575919144377],[150.758712575,-32.51136113714437],[150.75879076699999,-32.511347631144375],[150.75961765700001,-32.511561355144366],[150.75980770499999,-32.511388293144378],[150.75998558399999,-32.510928864144383],[150.759517727,-32.510536926144376],[150.759442893,-32.510255137144384],[150.75967195699999,-32.5101227431444],[150.75986559899999,-32.510096205144393],[150.76062093900001,-32.509953682144385],[150.760576547,-32.509572720144405],[150.76026425500001,-32.50890434314443],[150.76037736699999,-32.508752519144409],[150.76052379999999,-32.508516401144419],[150.760800362,-32.508203883144418],[150.760852699,-32.507986055144436],[150.761127501,-32.507542933144443],[150.76096632400001,-32.507503743144433],[150.76037440799999,-32.506807085144452],[150.75979088099999,-32.506346994144451],[150.75918223900001,-32.505959351144455],[150.75842671199999,-32.505432817144452],[150.75788251399999,-32.505234360144456],[150.75736648,-32.505035042144463],[150.75665939699999,-32.504984916144458],[150.75564557300001,-32.505015820144457],[150.754721295,-32.505163460144473],[150.753983871,-32.505483176144466],[150.75328605300001,-32.505231078144455]]]},"properties":{"OBJECTID":91667,"FireName":"Spring Gully","FireNo":"20011071682","FireType":1,"StartDate":1578574800000,"EndDate":1580907600000,"AreaHa":109.06881184}},{"type":"Feature","id":91674,"geometry":{"type":"Polygon","coordinates":[[[150.73783414499999,-32.48384093214478],[150.73751328500001,-32.483798781144756],[150.73716020000001,-32.48407874414476],[150.736879359,-32.48426032114476],[150.73657812799999,-32.484291281144749],[150.736453807,-32.484290782144761],[150.73632217599999,-32.484622668144738],[150.73649453199999,-32.485264627144737],[150.73692188000001,-32.486070886144716],[150.73670794200001,-32.486174231144716],[150.736007723,-32.486500207144722],[150.73523373800001,-32.486699328144702],[150.73463662399999,-32.487027969144712],[150.73342582800001,-32.486467124144724],[150.73285274099999,-32.485837904144709],[150.731973092,-32.485223119144734],[150.73098774799999,-32.486003922144739],[150.72886123000001,-32.48720333114472],[150.728119816,-32.487649121144692],[150.727896837,-32.489022625144706],[150.72821338599999,-32.490485732144656],[150.72834060700001,-32.49104702914466],[150.727902739,-32.491598118144651],[150.72837662500001,-32.492425211144635],[150.72883148599999,-32.493072280144631],[150.72898125899999,-32.493673912144629],[150.728980256,-32.493713822144635],[150.72947168799999,-32.494780798144603],[150.72977628699999,-32.494846189144603],[150.73041103700001,-32.494897573144605],[150.73090099999999,-32.495086091144593],[150.73084689000001,-32.495364614144613],[150.73055079700001,-32.495898306144589],[150.731263703,-32.496589952144582],[150.73199014900001,-32.496742802144574],[150.73326568799999,-32.496606084144567],[150.73420156,-32.496862518144567],[150.73534182200001,-32.496483769144582],[150.736261152,-32.496460390144577],[150.736849826,-32.496470983144576],[150.73735280899999,-32.496140642144574],[150.73829768100001,-32.496037849144592],[150.73929663600001,-32.495656523144596],[150.74037180100001,-32.495995272144576],[150.74094540999999,-32.495666183144593],[150.74107062900001,-32.495368967144607],[150.740896728,-32.494786879144613],[150.74125491500001,-32.49459366814461],[150.742428144,-32.493836124144615],[150.743278304,-32.493751558144623],[150.74384840100001,-32.493562142144619],[150.74499157400001,-32.493063569144624],[150.74567740000001,-32.492956078144644],[150.746373181,-32.492449473144632],[150.747156171,-32.492223926144646],[150.74763753900001,-32.491813295144645],[150.748344911,-32.491786032144653],[150.74922772400001,-32.492280976144642],[150.74973728699999,-32.492629487144633],[150.75025679300001,-32.492578887144639],[150.750496725,-32.492403499144643],[150.750842269,-32.491770818144659],[150.75065718299999,-32.490689433144667],[150.74978680000001,-32.48969561114469],[150.74905522200001,-32.48880409014469],[150.74790449599999,-32.488663708144706],[150.74785790199999,-32.488642910144691],[150.74675427,-32.488503360144691],[150.746148073,-32.488252928144689],[150.74615653500001,-32.487913686144715],[150.746468091,-32.487699660144692],[150.74659328000001,-32.48740243814472],[150.74705306800001,-32.486911563144716],[150.747418673,-32.486419002144729],[150.74748167999999,-32.485781270144734],[150.74713995600001,-32.48531597114475],[150.746787789,-32.48526973514474],[150.74655433800001,-32.485185695144736],[150.745701123,-32.484451693144749],[150.74468574599999,-32.484553279144741],[150.74420839199999,-32.484804257144759],[150.743586284,-32.48519238714475],[150.742932532,-32.484961051144751],[150.74266047,-32.484536919144738],[150.74262035999999,-32.484256697144758],[150.742508125,-32.484035076144764],[150.741747742,-32.484300929144766],[150.740956332,-32.484865686144758],[150.740350175,-32.484615227144737],[150.73974751599999,-32.48422507914475],[150.73930567400001,-32.483997533144745],[150.73897456399999,-32.484051476144742],[150.73782822800001,-32.484077296144754],[150.73783414499999,-32.48384093214478]]]},"properties":{"OBJECTID":91674,"FireName":"Woodlands","FireNo":"20012273243","FireType":1,"StartDate":1578574800000,"EndDate":1580821200000,"AreaHa":203.19478182}},{"type":"Feature","id":91734,"geometry":{"type":"Polygon","coordinates":[[[150.47353863072999,-32.438209518107378],[150.4734098847,-32.440636177235369],[150.47654270483,-32.44070861381735],[150.47675728154999,-32.438028421523398],[150.47353863072999,-32.438209518107378]]]},"properties":{"OBJECTID":91734,"FireName":"Baerami Creek Rd, Baerami","FireNo":"20010871176","FireType":1,"StartDate":1578402000000,"EndDate":1579611600000,"AreaHa":8.4467427799999992}},{"type":"Feature","id":92065,"geometry":{"type":"Polygon","coordinates":[[[149.50129340197,-32.724568909422445],[149.50146506335,-32.725290982095437],[149.50275252367999,-32.725507602756437],[149.50352499987,-32.724785531838435],[149.50343916918999,-32.724496701834447],[149.50129340197,-32.724568909422445]]]},"properties":{"OBJECTID":92065,"FireName":"Windeyer Road","FireNo":"20010871105","FireType":1,"StartDate":1578315600000,"EndDate":1578402000000,"AreaHa":1.7138334200000001}},{"type":"Feature","id":92078,"geometry":{"type":"Polygon","coordinates":[[[150.54992370799999,-33.642181331129358],[150.55073537300001,-33.641720310129365],[150.55086695700001,-33.641102674129392],[150.55065647999999,-33.640478259129381],[150.549575992,-33.640361417129398],[150.548646257,-33.640963221129383],[150.54851465900001,-33.641580853129376],[150.548836443,-33.642302901129355],[150.54992370799999,-33.642181331129358]]]},"properties":{"OBJECTID":92078,"FireName":"Linden Creek","FireNo":"20011071586","FireType":1,"StartDate":1578574800000,"EndDate":1579179600000,"AreaHa":3.5279621300000001}},{"type":"Feature","id":92081,"geometry":{"type":"Polygon","coordinates":[[[150.20928717800001,-32.25820920614791],[150.20930938999999,-32.258175328147921],[150.20795338299999,-32.257995720147932],[150.207214459,-32.257776106147908],[150.206975951,-32.257400090147925],[150.206950939,-32.256707933147958],[150.20718216399999,-32.256104650147954],[150.206861987,-32.255802435147949],[150.20608415500001,-32.256061629147943],[150.205970447,-32.256805184147943],[150.20588137600001,-32.257452538147923],[150.20570459000001,-32.258006618147924],[150.20530395399999,-32.258590426147933],[150.20471495699999,-32.258629677147901],[150.203735819,-32.257986285147915],[150.20287335399999,-32.257459296147914],[150.202253356,-32.256639303147942],[150.20133559999999,-32.256137635147951],[150.200670962,-32.256417735147956],[150.20042935999999,-32.256734596147929],[150.200057646,-32.25734152414794],[150.19978709099999,-32.257635247147931],[150.199426246,-32.257764091147934],[150.19858703700001,-32.257881496147931],[150.19804333299999,-32.258397333147904],[150.19766901400001,-32.258932651147909],[150.19760366899999,-32.259459930147898],[150.197527143,-32.259676930147904],[150.19764894599999,-32.259730768147897],[150.19704141700001,-32.260089252147871],[150.19585264899999,-32.259869325147896],[150.194269615,-32.260412167147884],[150.19377633600001,-32.260445996147887],[150.193710477,-32.259871729147889],[150.19390426300001,-32.259006656147911],[150.19425567100001,-32.258615284147908],[150.194912612,-32.258120409147928],[150.195060517,-32.257543208147922],[150.194600794,-32.257268479147925],[150.19339385999999,-32.257323736147924],[150.19247896900001,-32.257681962147927],[150.19187647699999,-32.258127631147914],[150.191834575,-32.258429794147915],[150.191429099,-32.258509720147927],[150.19036515499999,-32.259074783147909],[150.19043924799999,-32.259879016147899],[150.190547447,-32.260375258147882],[150.19130124599999,-32.260640271147892],[150.190533862,-32.260903385147884],[150.18972335399999,-32.261820294147874],[150.18903279899999,-32.262554910147863],[150.18796816099999,-32.263442565147841],[150.186933375,-32.263636864147855],[150.185725985,-32.261732571147874],[150.18330255999999,-32.260850120147872],[150.18147043100001,-32.260944821147888],[150.18048136100001,-32.262652277147843],[150.18021392099999,-32.262731721147851],[150.18021316700001,-32.262732849147866],[150.18006298,-32.262686258147873],[150.17944414300001,-32.26267837714785],[150.178941087,-32.262763060147861],[150.178205569,-32.262824820147863],[150.17720505700001,-32.262486760147866],[150.175675869,-32.262679835147857],[150.17513970499999,-32.262847240147849],[150.17497562,-32.263312138147867],[150.175731372,-32.263814991147832],[150.17561212800001,-32.264019716147843],[150.17544043300001,-32.264350196147838],[150.17504532300001,-32.264419152147823],[150.17365001799999,-32.263806889147844],[150.171930522,-32.263578636147855],[150.170481427,-32.263434265147836],[150.17046199800001,-32.26352760914785],[150.17014579299999,-32.263435818147848],[150.16947582,-32.26289924714785],[150.16930216399999,-32.262426540147864],[150.169243266,-32.262377442147859],[150.16923442999999,-32.262130036147859],[150.169529498,-32.260877238147884],[150.16923565100001,-32.260413590147898],[150.16800995299999,-32.259368104147889],[150.16569537500001,-32.25888920214792],[150.164364202,-32.259327389147913],[150.16396364100001,-32.260313810147885],[150.16369500100001,-32.260556338147886],[150.16251490799999,-32.260788663147885],[150.16158424700001,-32.261351148147874],[150.16166216600001,-32.262426227147863],[150.16224141000001,-32.263118163147851],[150.162411437,-32.263848001147842],[150.16211522399999,-32.264362452147843],[150.161727192,-32.264830162147824],[150.16097680999999,-32.265211535147827],[150.159922798,-32.265257016147814],[150.159919651,-32.265257012147828],[150.159916485,-32.265253535147828],[150.15969519199999,-32.264724096147816],[150.15932237199999,-32.264360999147833],[150.15895499300001,-32.264150657147823],[150.15806050399999,-32.264072621147839],[150.15799248799999,-32.263995157147832],[150.157791976,-32.264049194147852],[150.15760120499999,-32.264032550147839],[150.15677923000001,-32.264321228147836],[150.15666626399999,-32.264988847147833],[150.156591096,-32.265325770147818],[150.15670569599999,-32.265464613147834],[150.157101866,-32.266118999147814],[150.15665099,-32.266723044147803],[150.155809293,-32.26645798214782],[150.15518551100001,-32.266311546147797],[150.15479223099999,-32.266321641147812],[150.15436452700001,-32.266628849147807],[150.15540791000001,-32.269086593147755],[150.155577451,-32.26942625214776],[150.15647060399999,-32.269556213147759],[150.15721164199999,-32.268572038147767],[150.15998676699999,-32.26912185614777],[150.16241776699999,-32.26892943214775],[150.162513002,-32.268990239147783],[150.16342100200001,-32.269428380147765],[150.16342808499999,-32.269430747147766],[150.16331209000001,-32.269447885147777],[150.16283194100001,-32.269920899147763],[150.162495415,-32.270620545147743],[150.16247185399999,-32.271206452147737],[150.16245957000001,-32.271201622147743],[150.16013340399999,-32.271022551147723],[150.15963965500001,-32.270975520147729],[150.159382099,-32.271639107147742],[150.159420345,-32.27271316014771],[150.15946494600001,-32.27286516814771],[150.159201567,-32.272971239147694],[150.15897846799999,-32.273813113147696],[150.15899971299999,-32.274409810147695],[150.158962221,-32.274936346147683],[150.155640084,-32.277195638147639],[150.15264739700001,-32.27844301914763],[150.14805571299999,-32.279802954147613],[150.14585815300001,-32.280480340147605],[150.143053802,-32.282209982147577],[150.142477789,-32.281904617147582],[150.142242829,-32.281748213147573],[150.142643733,-32.281049042147586],[150.14201168400001,-32.280406796147616],[150.140582494,-32.28022666814762],[150.13944006200001,-32.280607082147597],[150.139027392,-32.280563688147602],[150.138905771,-32.280299713147613],[150.13831913300001,-32.280410248147611],[150.138271051,-32.280484151147604],[150.13809661400001,-32.280465807147593],[150.137381702,-32.281077520147598],[150.13608335999999,-32.282266982147583],[150.134808212,-32.282718214147593],[150.134523118,-32.283487418147551],[150.13371660799999,-32.284244777147542],[150.13202202799999,-32.284206269147546],[150.13117553000001,-32.284851890147557],[150.12979480499999,-32.285891661147538],[150.128164981,-32.286556375147519],[150.126074641,-32.286656525147528],[150.12399712499999,-32.286350626147524],[150.122230785,-32.285830170147527],[150.12082608,-32.284874701147551],[150.12050675,-32.285347593147542],[150.12012178200001,-32.286520786147527],[150.11974497700001,-32.287435604147511],[150.11870119299999,-32.288815369147486],[150.11810943500001,-32.289651401147481],[150.11555291799999,-32.290738014147472],[150.11358816399999,-32.290988571147459],[150.112215351,-32.291769762147439],[150.111915979,-32.292981819147428],[150.11175164900001,-32.294049221147418],[150.111526287,-32.295669275147389],[150.11237092299999,-32.297830940147364],[150.112678757,-32.299093834147342],[150.11317812199999,-32.301173717147314],[150.11392592499999,-32.302986211147292],[150.113361145,-32.303238162147295],[150.11233546400001,-32.305270843147262],[150.11248306100001,-32.30627046614724],[150.11253671399999,-32.306284228147241],[150.11219909299999,-32.306438438147218],[150.11154463,-32.307828646147215],[150.111535573,-32.307916502147208],[150.111414147,-32.307874224147213],[150.110737118,-32.307819684147226],[150.10983608699999,-32.307794694147219],[150.109270149,-32.308501798147205],[150.10932084699999,-32.30914553414722],[150.10966096999999,-32.310020845147193],[150.109989383,-32.310561998147186],[150.11060304399999,-32.311215382147168],[150.111183584,-32.311726265147165],[150.110941513,-32.312042951147149],[150.11031181199999,-32.31253667114715],[150.10925380899999,-32.312850100147145],[150.108881731,-32.312668390147159],[150.10830538100001,-32.312276838147163],[150.10731413299999,-32.312086882147156],[150.106168462,-32.312306941147163],[150.10562305100001,-32.31279850514715],[150.105662024,-32.31310808414716],[150.106071399,-32.313551645147143],[150.10529360300001,-32.313834072147138],[150.10419242399999,-32.313718536147128],[150.10346749199999,-32.313904057147127],[150.1030907,-32.314391355147144],[150.10253301700001,-32.315337115147109],[150.103064499,-32.315659116147117],[150.10280496600001,-32.316061514147108],[150.102090594,-32.315458801147102],[150.10036302,-32.315454874147129],[150.09881414700001,-32.315132979147108],[150.09674870800001,-32.313833012147128],[150.09714718699999,-32.312559063147148],[150.09715160799999,-32.312354511147163],[150.09717960699999,-32.312003511147161],[150.09723660700001,-32.311659510147173],[150.09736460600001,-32.311326511147165],[150.09754060399999,-32.31099651114716],[150.09779060400001,-32.31064951114719],[150.09809660400001,-32.310152510147191],[150.098420602,-32.309735510147199],[150.09867360000001,-32.309303509147206],[150.09889659800001,-32.308887510147201],[150.09911659599999,-32.308476510147209],[150.099318595,-32.308040509147219],[150.09947859299999,-32.307636508147219],[150.099539593,-32.307243508147231],[150.099539593,-32.306858508147243],[150.09941759099999,-32.306495509147233],[150.09932959099999,-32.306076507147246],[150.099243591,-32.305653508147259],[150.09917859000001,-32.305238508147248],[150.099101588,-32.304822509147257],[150.09901258599999,-32.304416509147281],[150.09887558599999,-32.30405650914728],[150.09873358799999,-32.303701510147278],[150.098572588,-32.303357511147269],[150.09838858699999,-32.303027509147284],[150.098178588,-32.302723510147302],[150.09791758700001,-32.302424511147301],[150.09767358799999,-32.302125510147306],[150.09726859,-32.302231511147284],[150.09653159000001,-32.302628511147283],[150.09596659300001,-32.302710514147307],[150.095548595,-32.30263851414729],[150.09515359599999,-32.302536515147281],[150.09475459699999,-32.302453516147295],[150.094365598,-32.302371516147282],[150.09393660000001,-32.302349515147299],[150.093526599,-32.302304516147309],[150.09312859900001,-32.302300516147298],[150.092730601,-32.302301517147292],[150.092323601,-32.302352518147309],[150.09193960299999,-32.302407518147305],[150.091548606,-32.302491519147303],[150.091140607,-32.302562519147301],[150.090737609,-32.302602520147289],[150.09034161,-32.3026135211473],[150.089943611,-32.302575521147283],[150.08955061200001,-32.302499522147293],[150.08918261100001,-32.302412522147307],[150.08890894300001,-32.301679413147312],[150.08843301799999,-32.301191313147321],[150.08766307299999,-32.301113897147317],[150.08681246699999,-32.30136263214731],[150.08555038899999,-32.301303658147312],[150.08470836999999,-32.301284199147304],[150.08372722199999,-32.300128368147341],[150.081576208,-32.298229796147346],[150.079688033,-32.296944163147373],[150.077793235,-32.295352005147393],[150.07624340800001,-32.292649305147428],[150.076037461,-32.292663234147419],[150.07602299000001,-32.292638478147431],[150.07556376900001,-32.292047959147446],[150.07351405,-32.28938540514747],[150.07226775999999,-32.28945477614748],[150.070168185,-32.29046554214748],[150.06803081800001,-32.29230048314745],[150.066796455,-32.292916743147423],[150.066000339,-32.293643717147418],[150.065222119,-32.294048199147404],[150.06273664899999,-32.295350120147397],[150.062109986,-32.295621794147394],[150.06168362299999,-32.295778852147386],[150.06091970899999,-32.295951898147408],[150.06038108199999,-32.296106338147389],[150.06015040099999,-32.296291806147401],[150.060072684,-32.296745568147387],[150.05968568599999,-32.296883569147376],[150.05932568599999,-32.297069569147375],[150.058972689,-32.297258570147356],[150.05862268999999,-32.297451570147359],[150.058263692,-32.297652569147353],[150.05790569300001,-32.297860570147371],[150.05754969399999,-32.298070571147356],[150.057193695,-32.298280572147355],[150.05682669699999,-32.298482573147361],[150.05646169900001,-32.29867657314734],[150.05609369999999,-32.298852573147343],[150.05573670199999,-32.299019575147348],[150.05539170399999,-32.299197575147339],[150.055057705,-32.299383574147342],[150.054726706,-32.299557576147336],[150.05438670699999,-32.299719576147332],[150.054046709,-32.299873577147338],[150.053711709,-32.300024578147315],[150.053616146,-32.300068015147339],[150.053020127,-32.299919866147327],[150.05094364799999,-32.300716744147316],[150.04654845900001,-32.301485056147307],[150.04490876099999,-32.301898339147314],[150.043762259,-32.302586061147302],[150.04310152599999,-32.303003750147305],[150.04278059399999,-32.303591082147271],[150.04019606400001,-32.307919843147211],[150.03818704599999,-32.309232431147208],[150.03793610299999,-32.310037618147192],[150.03943708,-32.310526115147184],[150.03916363799999,-32.312022582147165],[150.03934663199999,-32.314582453147139],[150.03967613899999,-32.315988538147103],[150.03964834499999,-32.318789020147065],[150.04139969600001,-32.320194993147041],[150.04181805499999,-32.321367756147026],[150.042027037,-32.323579277146997],[150.04158940100001,-32.324593454146992],[150.04135838100001,-32.324549878146975],[150.04114004300001,-32.324746389146988],[150.04114781999999,-32.32497314314697],[150.04128396199999,-32.325301260146979],[150.04123702999999,-32.325410016146982],[150.04090502,-32.325488509146972],[150.040571309,-32.325336905146976],[150.040205286,-32.324972556146989],[150.039725355,-32.324924695146976],[150.03933425700001,-32.325006027146976],[150.03907702000001,-32.325299052146981],[150.03924308399999,-32.325629396146965],[150.03927063699999,-32.326022884146973],[150.038959629,-32.32638890414696],[150.038952118,-32.326580203146946],[150.03894031999999,-32.326880664146941],[150.03933255199999,-32.327418864146935],[150.03956205200001,-32.327733766146942],[150.03992848199999,-32.327977474146941],[150.03996395799999,-32.328191600146937],[150.04011310999999,-32.328438748146937],[150.04048675000001,-32.328668404146931],[150.040927807,-32.328812781146922],[150.041259013,-32.328625422146935],[150.04133704700001,-32.328300090146932],[150.0436502,-32.328683454146926],[150.044029483,-32.328762448146939],[150.04463302799999,-32.329378070146909],[150.04493099699999,-32.329682000146931],[150.04509417700001,-32.3301072181469],[150.04563979299999,-32.330428156146901],[150.04700802900001,-32.330525489146908],[150.04703979300001,-32.330559589146915],[150.047414793,-32.330829589146902],[150.04786279199999,-32.331145588146903],[150.04832479199999,-32.331441587146898],[150.04878879099999,-32.331773588146881],[150.04931979099999,-32.332013587146875],[150.05009478599999,-32.332149584146883],[150.05094078799999,-32.332343582146876],[150.05169678600001,-32.332480581146875],[150.052490783,-32.332607581146874],[150.05288803400001,-32.332476423146865],[150.05301978099999,-32.332500581146874],[150.05355777899999,-32.332613580146877],[150.05375767800001,-32.333107438146868],[150.05470327399999,-32.333112625146875],[150.05516877700001,-32.333050578146882],[150.055696775,-32.333224578146869],[150.05621277399999,-32.333412576146856],[150.05673077099999,-32.333604576146861],[150.057232771,-32.333806576146856],[150.05772877000001,-32.334018575146864],[150.05822276999999,-32.334237573146844],[150.05872276900001,-32.334460573146849],[150.059216768,-32.334691572146852],[150.05969476499999,-32.334967572146837],[150.06017476599999,-32.335233571146837],[150.06063076500001,-32.335525570146821],[150.06107476299999,-32.335816569146829],[150.061473764,-32.336133569146824],[150.061813763,-32.336541568146821],[150.06215476400001,-32.336922568146804],[150.06246676399999,-32.337322567146813],[150.062700764,-32.337698568146784],[150.062915764,-32.3381075651468],[150.06309876399999,-32.3384845651468],[150.063309764,-32.338861565146772],[150.06351976299999,-32.339237565146782],[150.063734764,-32.339612565146787],[150.06397476699999,-32.339989564146784],[150.06423476699999,-32.340366564146763],[150.06453976700001,-32.340742564146765],[150.06485876599999,-32.341110564146746],[150.06518876600001,-32.341474563146754],[150.065543765,-32.341817562146737],[150.06591976600001,-32.342093562146744],[150.066431765,-32.342319561146738],[150.06687376299999,-32.342575561146724],[150.06767176,-32.342355559146732],[150.06820975799999,-32.342423557146745],[150.06871875600001,-32.342458557146735],[150.06929175600001,-32.342487556146729],[150.069807755,-32.342445555146746],[150.07028375300001,-32.342282554146742],[150.070696752,-32.341998555146745],[150.07113474799999,-32.341774554146738],[150.071589746,-32.341578554146736],[150.07202574499999,-32.341378552146743],[150.072445743,-32.341130552146758],[150.072833742,-32.340897551146767],[150.07319274,-32.340674551146748],[150.07353473800001,-32.340421550146758],[150.07382373900001,-32.340124551146765],[150.07397773700001,-32.33978755114677],[150.074035737,-32.339361549146766],[150.07415973499999,-32.338992549146802],[150.07423473399999,-32.338621549146772],[150.074327732,-32.338260549146788],[150.07449273200001,-32.337940549146808],[150.07467073199999,-32.337626548146801],[150.07488273000001,-32.337362550146793],[150.07508072799999,-32.337090549146808],[150.07534772700001,-32.336891547146806],[150.075805726,-32.336870546146812],[150.076138724,-32.336727546146811],[150.076547723,-32.336688545146821],[150.076959722,-32.336810544146815],[150.077362722,-32.337157545146809],[150.077733722,-32.337605544146804],[150.078255719,-32.338007542146819],[150.078661721,-32.338190543146787],[150.079103718,-32.338411542146801],[150.07952371799999,-32.338428541146797],[150.07991171699999,-32.338345541146793],[150.08021471500001,-32.338355540146793],[150.08055471500001,-32.338283539146779],[150.08090271399999,-32.338173539146801],[150.08124171200001,-32.33804553914679],[150.081573711,-32.3378995381468],[150.08186171,-32.337747538146793],[150.082169709,-32.337560537146814],[150.08247670700001,-32.337355537146806],[150.08277870399999,-32.337156536146814],[150.08309870299999,-32.336975535146806],[150.08343370200001,-32.336797535146822],[150.083767701,-32.336626534146809],[150.0841427,-32.336473534146819],[150.084580698,-32.336378533146814],[150.08501869700001,-32.336332533146823],[150.085389695,-32.336242530146833],[150.08574169400001,-32.336113529146822],[150.086036694,-32.335996530146836],[150.08636469199999,-32.335901529146831],[150.086520691,-32.335558528146834],[150.08676169,-32.335323529146834],[150.08690268999999,-32.33504052814682],[150.08687068699999,-32.334641528146847],[150.086959686,-32.334321528146837],[150.087052685,-32.334024527146859],[150.08715768499999,-32.333729527146858],[150.087330683,-32.333477527146854],[150.08756568199999,-32.333274528146866],[150.087800681,-32.333082527146864],[150.08803868000001,-32.332895526146864],[150.08836667700001,-32.332783526146876],[150.08873967900001,-32.333200525146864],[150.08902867899999,-32.333298525146866],[150.08933467899999,-32.333424524146857],[150.089564677,-32.333606524146859],[150.08976967699999,-32.333796524146855],[150.08998467800001,-32.334006524146851],[150.090291678,-32.334414522146844],[150.090564677,-32.334679522146843],[150.09083367900001,-32.334900522146853],[150.091102678,-32.335107521146838],[150.091464677,-32.335273521146831],[150.09186467699999,-32.335406520146854],[150.092238673,-32.33553152014683],[150.092641673,-32.33560351814684],[150.093050672,-32.335674520146839],[150.093448671,-32.335748520146829],[150.09384667099999,-32.335847519146832],[150.09424467100001,-32.335973518146815],[150.09463666900001,-32.336101518146826],[150.095006668,-32.336251517146827],[150.095387668,-32.336450516146833],[150.095767666,-32.336706516146812],[150.09603866699999,-32.337028516146802],[150.09632266400001,-32.337309515146806],[150.096640667,-32.337587515146808],[150.09695366599999,-32.337853514146801],[150.09729966699999,-32.338091514146797],[150.097656664,-32.338316513146786],[150.09802166399999,-32.338539513146806],[150.098412661,-32.338731512146779],[150.098829661,-32.338905511146784],[150.099264662,-32.339053511146787],[150.09971165900001,-32.339174510146776],[150.10016265900001,-32.339270509146779],[150.10061165799999,-32.339338509146778],[150.10106465600001,-32.339391508146768],[150.101522655,-32.339447508146776],[150.10198265299999,-32.339508507146768],[150.102439653,-32.339606507146769],[150.10289165099999,-32.339717505146773],[150.103339651,-32.339842504146766],[150.10376964899999,-32.339980503146784],[150.10419164800001,-32.340119502146763],[150.104611646,-32.340246501146773],[150.10501864599999,-32.340359501146764],[150.10542364400001,-32.340436500146758],[150.10582664399999,-32.340483500146767],[150.106210643,-32.340512499146762],[150.106609642,-32.340510499146767],[150.10687364,-32.340267498146765],[150.10712663999999,-32.340089498146781],[150.107368638,-32.339913499146768],[150.107609637,-32.339727498146772],[150.10781863700001,-32.339540498146782],[150.10740263599999,-32.339158498146787],[150.10729963700001,-32.338898497146786],[150.107178637,-32.338676498146796],[150.10704363400001,-32.338433498146799],[150.106953635,-32.338182499146797],[150.10691763400001,-32.33792249814681],[150.106941635,-32.337640499146801],[150.10698263500001,-32.337370498146811],[150.10705363400001,-32.337121499146804],[150.10714763300001,-32.33687149914681],[150.10725363200001,-32.336646499146802],[150.10738463199999,-32.336459499146812],[150.10758063,-32.336289498146833],[150.10772563,-32.336202498146832],[150.110502623,-32.3365684931468],[150.111026622,-32.336563492146816],[150.11153962,-32.336569492146815],[150.11204061800001,-32.336566491146819],[150.112521617,-32.336539490146833],[150.11300061599999,-32.336504490146822],[150.11342061600001,-32.336435490146812],[150.11385261300001,-32.336364489146824],[150.11428761100001,-32.336307488146815],[150.11474461099999,-32.336261487146821],[150.115209609,-32.336232487146816],[150.11566460700001,-32.336233485146835],[150.116102606,-32.336246485146816],[150.11654060500001,-32.336363484146823],[150.116930604,-32.336507483146804],[150.11727460399999,-32.336677483146815],[150.117593602,-32.336945483146813],[150.11799660200001,-32.337273482146799],[150.118379602,-32.33751648214681],[150.11878860100001,-32.337747481146799],[150.11919160100001,-32.338004480146786],[150.11960559900001,-32.338222480146811],[150.12007859799999,-32.33836747914679],[150.120524598,-32.338552478146781],[150.120974596,-32.338721477146777],[150.12146159400001,-32.338893477146797],[150.12192359400001,-32.339062476146786],[150.12238659400001,-32.339204475146786],[150.12287259199999,-32.339324474146764],[150.123355592,-32.339413474146781],[150.123848589,-32.339475473146763],[150.124333587,-32.339518473146789],[150.12480858699999,-32.339498471146776],[150.124841234,-32.33949505914677],[150.126543669,-32.342314340146736],[150.118496026,-32.342873113146737],[150.11523588599999,-32.344232149146698],[150.11266179200001,-32.345148262146701],[150.10918029699999,-32.345917064146683],[150.10559858600001,-32.346688297146663],[150.10402587999999,-32.347578942146669],[150.10253544400001,-32.347956920146643],[150.10115704899999,-32.348672437146647],[150.100751425,-32.351405713146612],[150.10152393600001,-32.35342853214658],[150.10333461900001,-32.356184609146524],[150.10604148600001,-32.357931914146526],[150.10749169600001,-32.360762050146484],[150.109449399,-32.362163530146461],[150.11184158699999,-32.361762672146476],[150.11464041299999,-32.361521664146473],[150.11626706300001,-32.362161245146453],[150.11819425499999,-32.362793190146441],[150.120333792,-32.36376010314644],[150.12151188600001,-32.364151119146435],[150.122316442,-32.365335618146418],[150.124166003,-32.367286320146377],[150.12538378299999,-32.367886653146385],[150.12692657299999,-32.368876080146372],[150.12790760799999,-32.369852686146352],[150.130212852,-32.371622847146327],[150.13284744699999,-32.372970291146309],[150.13325413499999,-32.373029697146301],[150.13328420400001,-32.373880238146299],[150.13470528400001,-32.375379526146268],[150.134006279,-32.375613404146264],[150.134067953,-32.375913386146266],[150.134373633,-32.377148937146252],[150.135524143,-32.378105488146225],[150.136704482,-32.378254606146236],[150.13702979799999,-32.378310872146216],[150.13830439,-32.378529219146223],[150.13932837999999,-32.378825615146212],[150.139853695,-32.379349735146221],[150.14020264300001,-32.37966334814621],[150.140695929,-32.380474961146206],[150.14085803399999,-32.381474200146201],[150.140971603,-32.382295503146182],[150.140833289,-32.38315906914616],[150.140565853,-32.383954260146162],[150.14008998200001,-32.384826439146131],[150.140174043,-32.386006845146113],[150.14011122299999,-32.386617640146106],[150.140008744,-32.387301117146094],[150.14003411799999,-32.388017167146089],[150.140738427,-32.388823398146101],[150.14154395,-32.388910345146101],[150.14272542500001,-32.388880183146071],[150.14306133700001,-32.388745928146093],[150.14306032100001,-32.388674210146092],[150.14313239800001,-32.388717528146096],[150.14368322000001,-32.388497375146088],[150.14404519199999,-32.387986440146101],[150.144974754,-32.387998526146106],[150.146414472,-32.388105070146104],[150.14785037600001,-32.388104189146091],[150.14983863399999,-32.388196661146097],[150.15064288799999,-32.388247746146092],[150.151668304,-32.388579842146086],[150.15200569699999,-32.389753758146071],[150.15260519500001,-32.391171804146062],[150.153394037,-32.391975802146042],[150.15498336600001,-32.392723444146043],[150.15657654699999,-32.393578473146029],[150.15669331199999,-32.393732815146024],[150.15724140399999,-32.394457298146023],[150.15833846800001,-32.395611711145996],[150.15894068099999,-32.398325722145948],[150.15903693000001,-32.39862454514595],[150.159196326,-32.398969854145953],[150.15915513600001,-32.399014466145935],[150.159295421,-32.399214364145934],[150.15931961000001,-32.39927425914594],[150.159633617,-32.399577797145945],[150.15965804499999,-32.399759228145918],[150.15965804300001,-32.399940651145926],[150.15981156199999,-32.400212797145912],[150.160279078,-32.400948973145915],[150.160348863,-32.401098994145904],[150.16035234899999,-32.40130833814591],[150.16038374999999,-32.401538605145902],[150.16042910900001,-32.401793308145905],[150.160463996,-32.402006131145889],[150.16048144000001,-32.402358522145889],[150.16043957799999,-32.402417837145897],[150.16035235000001,-32.402491100145888],[150.16026513,-32.402567858145893],[150.16024070399999,-32.402648104145889],[150.16027559099999,-32.402728358145886],[150.16034188899999,-32.402798134145897],[150.160463996,-32.402829535145884],[150.16062449699999,-32.402826047145879],[150.160816388,-32.402780690145889],[150.16100828,-32.402707419145884],[150.161217615,-32.402630660145881],[150.161367646,-32.402609729145901],[150.16171305500001,-32.402606242145886],[150.16208637700001,-32.402696958145881],[150.16238642900001,-32.402693460145883],[150.162553903,-32.402696958145881],[150.16283302400001,-32.402892338145882],[150.16305980300001,-32.403066784145899],[150.16327612200001,-32.403185413145877],[150.16349244099999,-32.40323774514588],[150.163604271,-32.403064681145885],[150.16385196799999,-32.402951533145895],[150.16455999799999,-32.403040115145885],[150.16929200000001,-32.404366740145875],[150.16951232100001,-32.405101769145858],[150.17154370599999,-32.404395167145871],[150.17102662299999,-32.403320335145878],[150.17188096699999,-32.404241081145855],[150.17217922500001,-32.404170035145874],[150.17225819999999,-32.404051576145868],[150.172613926,-32.403881431145884],[150.17283046099999,-32.403757710145868],[150.17292200099999,-32.40364462914588],[150.17309340099999,-32.403432909145884],[150.173449119,-32.403061720145899],[150.17377392099999,-32.402659586145894],[150.174098711,-32.402381194145896],[150.174562705,-32.402288398145892],[150.17477414800001,-32.402230983145891],[150.17508855899999,-32.401948143145901],[150.175366962,-32.401530536145906],[150.175446741,-32.401450758145899],[150.17557613599999,-32.401367098145904],[150.17559821500001,-32.401243816145922],[150.175621261,-32.401089618145903],[150.17554358800001,-32.400948632145919],[150.175175322,-32.400686472145907],[150.17494044700001,-32.400476363145934],[150.17479610000001,-32.400347247145938],[150.17434922800001,-32.40000859714592],[150.173970123,-32.399772110145918],[150.17361807200001,-32.399547383145958],[150.173279538,-32.399336272145945],[150.173103432,-32.399168152145947],[150.17298628099999,-32.398990952145951],[150.172954352,-32.398942664145942],[150.17280524399999,-32.398705781145949],[150.17277714299999,-32.398140369145942],[150.172693509,-32.397898683145947],[150.17254102300001,-32.397817900145959],[150.172438833,-32.397796215145966],[150.172307942,-32.397794754145956],[150.17221493100001,-32.397748697145978],[150.17195619500001,-32.397610509145963],[150.17181683199999,-32.397498656145956],[150.171561932,-32.397425725145965],[150.171456498,-32.397395552145973],[150.171425787,-32.397328556145965],[150.17146765800001,-32.397244805145966],[150.171560408,-32.39720106014596],[150.17169378400001,-32.397066144145967],[150.171983498,-32.396956398145981],[150.172227768,-32.396912779145971],[150.17255927299999,-32.396877882145972],[150.172820986,-32.396751382145972],[150.17298237399999,-32.396563829145983],[150.17303907900001,-32.396363179145986],[150.17305216700001,-32.396184339145996],[150.17301290399999,-32.396075293145977],[150.172916945,-32.395988055145992],[150.17288200300001,-32.395910965146001],[150.17285868799999,-32.395562328145992],[150.17293425400001,-32.395331955145991],[150.17314003000001,-32.395146257145988],[150.17320044799999,-32.394922588145988],[150.17314805399999,-32.394688878146006],[150.173133111,-32.394437135145992],[150.17321916399999,-32.394236000146023],[150.173500034,-32.394000562146012],[150.17366051600001,-32.393855632146014],[150.173729377,-32.39358991214602],[150.173807651,-32.393272569146021],[150.17383108300001,-32.392886312146018],[150.173839821,-32.392606079146027],[150.17375684300001,-32.392343140146032],[150.17350393300001,-32.392047373146035],[150.17332864299999,-32.391821042146049],[150.17321957799999,-32.391663876146048],[150.17303470499999,-32.391379306146042],[150.17296010499999,-32.391213248146052],[150.17294395299999,-32.391000147146073],[150.17276806300001,-32.390793141146062],[150.172738724,-32.390637760146063],[150.17283435100001,-32.390494866146078],[150.173054049,-32.390393429146073],[150.173060978,-32.390267350146061],[150.17298457000001,-32.390063098146079],[150.17308535999999,-32.38982366114606],[150.17319052600001,-32.38967126414606],[150.17329397899999,-32.389277126146069],[150.17326945400001,-32.38896715214608],[150.17309838400001,-32.388605528146087],[150.17293539299999,-32.388350457146089],[150.17269117800001,-32.388141919146094],[150.17229355399999,-32.3877365321461],[150.17215393999999,-32.387462647146116],[150.17198348100001,-32.387081705146116],[150.17187863800001,-32.386789255146105],[150.17179597399999,-32.386516652146135],[150.17177055100001,-32.386235659146124],[150.171884492,-32.385870770146134],[150.17198855300001,-32.385457306146129],[150.17193077300001,-32.385117571146147],[150.17178128,-32.384795119146141],[150.17152030299999,-32.384587819146141],[150.17150693799999,-32.384559456146135],[150.171210132,-32.384170249146123],[150.17079193500001,-32.383483401146165],[150.17067053599999,-32.383265891146173],[150.17069757100001,-32.382991047146163],[150.170765096,-32.382658940146172],[150.17082329900001,-32.382531365146185],[150.17092708499999,-32.38230389514618],[150.17108904599999,-32.382063337146185],[150.17134546,-32.381879997146179],[150.17168283800001,-32.381696621146176],[150.172006716,-32.381433098146189],[150.172371094,-32.381181004146192],[150.17260052500001,-32.380917516146198],[150.17260228200001,-32.380913061146195],[150.17284236500001,-32.380595692146194],[150.172924529,-32.380058534146215],[150.173068849,-32.37958130114621],[150.173369823,-32.379387123146209],[150.173563992,-32.379241494146221],[150.17394263,-32.379027899146216],[150.174350393,-32.378824024146226],[150.17460281699999,-32.378542474146215],[150.17480924099999,-32.378316672146241],[150.17478790600001,-32.377882905146244],[150.174908536,-32.377641362146235],[150.17508403100001,-32.377229036146247],[150.175171764,-32.377075770146256],[150.17531350100001,-32.376828140146266],[150.17561044199999,-32.376404296146248],[150.175772448,-32.376014865146267],[150.17583995699999,-32.375808711146263],[150.175880482,-32.375602576146278],[150.17582659999999,-32.37525905714628],[150.17581597700001,-32.374952560146276],[150.17577304,-32.3737131751463],[150.175691575,-32.373430011146297],[150.17567783300001,-32.37334418214629],[150.17569118,-32.373195281146309],[150.17577201,-32.373080838146308],[150.17596032399999,-32.372897515146306],[150.176042317,-32.372807795146308],[150.17614894299999,-32.372691111146302],[150.176270047,-32.372496664146318],[150.176391142,-32.372290278146316],[150.17648503999999,-32.372004157146328],[150.176605865,-32.371752205146315],[150.17684834900001,-32.371419983146325],[150.17692890699999,-32.371328317146322],[150.177009728,-32.371179426146341],[150.17703611799999,-32.370927753146326],[150.177018226,-32.370759857146346],[150.176967776,-32.370286640146333],[150.17698082699999,-32.370080523146342],[150.177014077,-32.369962449146364],[150.17706138700001,-32.369794410146348],[150.17720915800001,-32.369530797146361],[150.17727997399999,-32.369390286146363],[150.17733026100001,-32.369290499146352],[150.17754525399999,-32.368832449146367],[150.17762579500001,-32.368614670146371],[150.17763000100001,-32.368608421146384],[150.17778718299999,-32.368374390146371],[150.17809690600001,-32.368076320146372],[150.17833967799999,-32.367984663146366],[150.17859577900001,-32.367904382146371],[150.178607333,-32.367901487146376],[150.17882494200001,-32.367846876146373],[150.179081053,-32.36772076314638],[150.179512157,-32.36742298014638],[150.179718455,-32.367311332146379],[150.17980882000001,-32.367262418146375],[150.179970199,-32.367079086146383],[150.18019936300001,-32.36698741114639],[150.18048269600001,-32.366907130146402],[150.18075213500001,-32.366803793146381],[150.18098156799999,-32.366734905146387],[150.18112962699999,-32.366620462146386],[150.181331567,-32.366402682146393],[150.18152017099999,-32.366184902146387],[150.18167972800001,-32.365923611146407],[150.18169489499999,-32.365898780146395],[150.181788775,-32.365623775146403],[150.181842389,-32.365383496146421],[150.18184155500001,-32.364845414146416],[150.18183639200001,-32.364804566146418],[150.18181405300001,-32.36462793114643],[150.18188099599999,-32.364398757146432],[150.181975155,-32.364204024146417],[150.18198137499999,-32.364192101146429],[150.18208265999999,-32.363997914146424],[150.18219407199999,-32.363745158146429],[150.18220377099999,-32.363723178146437],[150.18221762100001,-32.363603015146438],[150.18223015199999,-32.363494300146435],[150.18222988400001,-32.36333402514645],[150.18224321299999,-32.363173731146446],[150.182364038,-32.362921789146462],[150.18237733199999,-32.362908603146451],[150.18251668600001,-32.362662085146447],[150.18265972500001,-32.362409059146458],[150.18282640999999,-32.362121100146446],[150.183135416,-32.361852656146468],[150.18329640799999,-32.361703280146457],[150.18344931600001,-32.36137834414648],[150.183348481,-32.360902294146484],[150.18328210199999,-32.36055771014648],[150.18329857000001,-32.360337518146487],[150.183228211,-32.359955654146489],[150.183194488,-32.359772636146502],[150.18326523100001,-32.35958992214649],[150.183048308,-32.359615763146508],[150.18390862000001,-32.358387179146504],[150.184600488,-32.357832236146514],[150.184751796,-32.357214740146532],[150.18558550500001,-32.356185371146537],[150.18547708700001,-32.354628934146561],[150.18615587900001,-32.352077000146586],[150.186362215,-32.352009780146602],[150.18713220999999,-32.351930673146597],[150.18746642299999,-32.3514451591466],[150.18578712999999,-32.350403073146623],[150.18565670800001,-32.350125304146623],[150.185466099,-32.349719343146631],[150.18544495699999,-32.349674315146622],[150.185535192,-32.349219653146648],[150.184099766,-32.347981617146651],[150.18349767199999,-32.34690984914667],[150.18246899900001,-32.344620596146704],[150.18199943600001,-32.344135994146711],[150.18259650900001,-32.344120548146712],[150.18420425299999,-32.344222285146714],[150.18590921500001,-32.3446798351467],[150.18567876700001,-32.342965714146722],[150.186197136,-32.340945522146747],[150.18745654400001,-32.338404432146795],[150.187650357,-32.336750993146822],[150.188139358,-32.335986626146813],[150.188187226,-32.33606205914684],[150.18813942400001,-32.336095923146829],[150.188340289,-32.336986594146815],[150.18866638399999,-32.337838187146801],[150.188692328,-32.337898103146792],[150.188352622,-32.338860233146782],[150.188292612,-32.339706343146773],[150.18833988200001,-32.339732351146772],[150.18811515100001,-32.340351072146781],[150.18815513600001,-32.341463004146746],[150.18879973899999,-32.342231920146745],[150.189654316,-32.342406172146738],[150.190625329,-32.341529897146735],[150.19101973900001,-32.34127038714675],[150.19104822200001,-32.34154042814675],[150.191937846,-32.342022240146733],[150.19264965400001,-32.341970110146754],[150.19282591499999,-32.341359663146747],[150.19286085499999,-32.340943313146759],[150.19369069000001,-32.340992072146761],[150.19451934,-32.340446804146758],[150.195504427,-32.339962937146773],[150.195438419,-32.338131524146803],[150.19468538300001,-32.337094424146798],[150.194698956,-32.336570770146821],[150.19465756299999,-32.335977284146821],[150.195146932,-32.335141282146836],[150.19513563999999,-32.333921859146841],[150.19612377300001,-32.333189664146879],[150.19513561900001,-32.333919531146861],[150.19513378799999,-32.333721822146842],[150.19547735200001,-32.333370865146861],[150.1957563,-32.33299093114686],[150.19601849399999,-32.332458535146884],[150.19623954799999,-32.332190000146888],[150.196437707,-32.332223075146892],[150.19654333,-32.332186884146864],[150.196589149,-32.33219212914689],[150.19677224099999,-32.331980258146878],[150.19691124100001,-32.331819407146881],[150.19705789099999,-32.331786490146889],[150.197564841,-32.331773195146887],[150.19761509099999,-32.331723406146885],[150.19777342699999,-32.331763690146893],[150.19861263799999,-32.331933702146877],[150.19861771199999,-32.331932453146869],[150.198622911,-32.331935784146872],[150.19943957800001,-32.332101224146889],[150.19974581299999,-32.332229778146868],[150.200323072,-32.332472102146887],[150.200365076,-32.332476409146878],[150.20079507299999,-32.332578011146865],[150.202010613,-32.332732717146868],[150.202753597,-32.332721342146883],[150.202858523,-32.332732101146874],[150.20294912400001,-32.332718348146848],[150.20335241500001,-32.332712172146856],[150.203375362,-32.332741315146883],[150.20549541400001,-32.333008602146869],[150.20598027599999,-32.333045229146876],[150.20670458699999,-32.333570729146864],[150.20668184100001,-32.334108851146844],[150.20679466600001,-32.334894288146849],[150.20682962800001,-32.335860931146833],[150.206817242,-32.336685467146808],[150.207552263,-32.337167999146793],[150.208246417,-32.337687425146804],[150.20830775799999,-32.337711494146802],[150.20844210000001,-32.337953997146798],[150.20877637500001,-32.338444336146793],[150.20937476899999,-32.3387358371468],[150.210279676,-32.33875061414679],[150.21043816,-32.338132252146792],[150.21107717199999,-32.337444563146803],[150.21165832200001,-32.33749088614681],[150.212509509,-32.337683670146795],[150.21364940399999,-32.337689731146796],[150.21440197999999,-32.3374908911468],[150.214749058,-32.336585934146818],[150.21455441800001,-32.335874312146828],[150.214242359,-32.335416606146829],[150.214114776,-32.335281079146824],[150.214101613,-32.33522082914682],[150.21221896,-32.332188162146885],[150.21162928199999,-32.331056829146881],[150.210959175,-32.330035098146908],[150.210451269,-32.328829954146947],[150.20933032799999,-32.328178336146927],[150.209156936,-32.328228635146942],[150.209322372,-32.327643321146937],[150.20761502600001,-32.327114494146933],[150.20648308899999,-32.32621066214697],[150.206483319,-32.326187345146963],[150.206372319,-32.32587734614696],[150.20626031699999,-32.325514346146974],[150.20608231700001,-32.325198346146969],[150.20594631700001,-32.324866348146976],[150.20584531700001,-32.324533347146996],[150.205796316,-32.324212347146997],[150.20576731599999,-32.323900346146992],[150.20576731599999,-32.323571345146995],[150.205768315,-32.323243347147013],[150.205763314,-32.322899347147015],[150.20583631299999,-32.322565347146998],[150.205928312,-32.322233347147012],[150.206032311,-32.32189434714703],[150.206140312,-32.32155334614702],[150.20623730899999,-32.321230346147033],[150.206338308,-32.320900346147035],[150.20643830700001,-32.320572346147046],[150.20654230700001,-32.320250346147041],[150.20666630400001,-32.319924346147047],[150.20687730399999,-32.319612346147053],[150.20712530099999,-32.319307345147045],[150.20738430200001,-32.319013344147059],[150.20770329999999,-32.318727343147067],[150.208010298,-32.318459344147072],[150.208370296,-32.318227343147065],[150.208714294,-32.31799434314707],[150.20905129400001,-32.317772342147066],[150.20939829100001,-32.317562340147092],[150.20975729,-32.317360341147108],[150.21010828999999,-32.317245341147085],[150.21047728600001,-32.317099339147092],[150.21087728699999,-32.317135338147089],[150.211133851,-32.317118234147102],[150.21178565,-32.317715565147076],[150.21258041199999,-32.319283831147082],[150.21281256899999,-32.320134262147043],[150.213763887,-32.321003824147041],[150.21590607499999,-32.321695274147032],[150.21680564799999,-32.320760855147043],[150.21697457299999,-32.320019545147048],[150.217279273,-32.320188329147044],[150.21757927300001,-32.320407327147045],[150.217894272,-32.320600326147037],[150.21822127199999,-32.320777324147038],[150.21854427299999,-32.320932324147037],[150.21891627100001,-32.321091324147034],[150.21924526999999,-32.321225324147044],[150.21950926900001,-32.321257323147037],[150.219790268,-32.321176324147054],[150.220161265,-32.321124324147036],[150.22048526500001,-32.32099032414704],[150.220656263,-32.320201322147057],[150.22084626099999,-32.319605323147051],[150.22080126,-32.318802322147071],[150.220771259,-32.318330322147069],[150.220774259,-32.317995322147084],[150.220737257,-32.317672322147082],[150.22067025699999,-32.317377323147078],[150.22057325700001,-32.317074323147082],[150.22049025699999,-32.316791323147086],[150.220448256,-32.31654932414709],[150.22043725699999,-32.316318323147087],[150.22047225700001,-32.3161243231471],[150.22057925600001,-32.315928322147109],[150.220846255,-32.315688321147121],[150.22104925299999,-32.315513321147108],[150.22119325099999,-32.315368321147126],[150.222129255,-32.316771320147105],[150.222462253,-32.317233321147093],[150.22275625399999,-32.317368320147089],[150.223025253,-32.317478319147085],[150.22333225099999,-32.317451319147089],[150.22357824900001,-32.317402318147089],[150.22377324799999,-32.317261317147093],[150.224018247,-32.31699331714708],[150.22432024599999,-32.316757316147097],[150.22451724499999,-32.316520315147102],[150.22473524399999,-32.316346317147108],[150.22489324399999,-32.316212317147112],[150.225039243,-32.316060316147102],[150.225076242,-32.315848317147115],[150.22517324099999,-32.315675317147118],[150.22523724000001,-32.315472316147115],[150.22528123999999,-32.315168316147123],[150.225360239,-32.314912315147112],[150.22546223800001,-32.314661315147127],[150.225604237,-32.314391315147127],[150.226035236,-32.314250314147124],[150.226338234,-32.314067313147135],[150.22664923299999,-32.313906315147136],[150.22695323100001,-32.313768314147133],[150.22726623099999,-32.31367831414714],[150.22755922900001,-32.31351931314714],[150.227837228,-32.313319313147154],[150.22808622700001,-32.313111311147154],[150.22832822800001,-32.312894310147136],[150.22855922599999,-32.31268231014716],[150.228782225,-32.312467308147156],[150.22896222400001,-32.312249309147163],[150.22898522200001,-32.311951309147162],[150.22907122199999,-32.311693310147163],[150.22912922099999,-32.311432309147165],[150.22911522000001,-32.311149310147179],[150.22913821899999,-32.310873310147187],[150.22919221800001,-32.310595310147178],[150.22928121800001,-32.310333309147168],[150.22940321799999,-32.310151309147187],[150.22963421599999,-32.309941309147192],[150.22985821399999,-32.309770308147186],[150.23027621400001,-32.309662308147182],[150.230783213,-32.309623307147199],[150.231213212,-32.309671306147195],[150.23170320899999,-32.309831306147196],[150.232121208,-32.309810304147184],[150.23250620900001,-32.309793304147206],[150.23287320599999,-32.309683305147189],[150.233224205,-32.309540304147191],[150.23354120400001,-32.309373303147197],[150.23379720200001,-32.309171304147206],[150.2340552,-32.308957302147206],[150.23432519900001,-32.30873930214721],[150.23464819899999,-32.308538301147216],[150.234983196,-32.308350300147232],[150.23532919499999,-32.308178300147212],[150.23568519299999,-32.308012300147226],[150.23604319399999,-32.307874300147212],[150.23640219200001,-32.307764298147234],[150.236810193,-32.307671298147206],[150.23725619000001,-32.307750296147219],[150.237705189,-32.307820296147227],[150.23816518699999,-32.307905296147219],[150.23849618700001,-32.308032295147214],[150.23885018600001,-32.308084295147211],[150.23920418399999,-32.308135295147224],[150.239508183,-32.308171294147236],[150.239772184,-32.308145293147206],[150.24009318399999,-32.308123294147236],[150.240372181,-32.308078293147226],[150.24058118100001,-32.307980293147224],[150.24072418,-32.30782029214722],[150.240773851,-32.307761622147218],[150.24127890599999,-32.308493050147206],[150.24229065599999,-32.308965438147212],[150.243874076,-32.309000457147199],[150.244760445,-32.308516400147212],[150.244833113,-32.308148807147212],[150.24541007100001,-32.308150477147223],[150.24574032999999,-32.307950636147211],[150.24599754799999,-32.307599824147225],[150.24594140100001,-32.307295509147224],[150.24603285000001,-32.306719725147232],[150.246642681,-32.306780075147238],[150.24692517,-32.30650504314724],[150.24699692600001,-32.306006228147247],[150.247542909,-32.305552224147256],[150.24775095300001,-32.305088034147261],[150.24770211000001,-32.304357527147275],[150.247928151,-32.304322282147275],[150.24827314999999,-32.304413281147276],[150.24863114799999,-32.304421279147263],[150.24889514700001,-32.304452280147274],[150.24916314699999,-32.30445527914727],[150.249393148,-32.30445727914725],[150.249801144,-32.304435278147274],[150.250195142,-32.304375277147265],[150.250594143,-32.304245278147263],[150.250784143,-32.30413327714728],[150.250974141,-32.304004277147278],[150.251177141,-32.303863277147286],[150.25138913999999,-32.303703277147278],[150.251601139,-32.303521276147286],[150.25183813800001,-32.303342276147283],[150.25209013700001,-32.303157276147296],[150.25235213600001,-32.302963276147295],[150.25261313300001,-32.302765274147291],[150.25289713199999,-32.302576274147299],[150.253185132,-32.30237727414729],[150.25345113099999,-32.302162274147292],[150.25368812799999,-32.301950274147309],[150.25408484600001,-32.301653006147319],[150.25386938,-32.301300350147322],[150.25318974000001,-32.300716295147318],[150.25190516200001,-32.300664270147323],[150.25097256399999,-32.300545588147315],[150.25063226399999,-32.300009883147339],[150.25038414400001,-32.299686755147327],[150.250303581,-32.299330527147326],[150.25040166400001,-32.298783233147361],[150.25049869599999,-32.298207299147371],[150.25054997199999,-32.298049354147359],[150.250849534,-32.298046174147359],[150.251821393,-32.297536186147347],[150.25202029100001,-32.297040600147369],[150.25180821199999,-32.295536224147398],[150.25213812800001,-32.294356103147408],[150.252303082,-32.293766042147418],[150.25192322199999,-32.292945400147424],[150.25286108500001,-32.292340926147439],[150.25262543700001,-32.29161716114745],[150.25258657699999,-32.291492926147441],[150.25252024599999,-32.290844228147456],[150.25219590899999,-32.289394014147483],[150.25189287399999,-32.289275177147481],[150.25188741299999,-32.289257717147478],[150.25154339299999,-32.287250546147511],[150.251940193,-32.286290597147527],[150.251957156,-32.285728556147539],[150.25176865500001,-32.28466212214753],[150.25204009000001,-32.284199360147547],[150.25311356099999,-32.282754218147574],[150.251013734,-32.281646161147599],[150.250577376,-32.281480429147599],[150.25018531800001,-32.281065701147604],[150.24997704200001,-32.280654979147613],[150.24831930600001,-32.279525268147623],[150.247318479,-32.278566090147635],[150.245522225,-32.278370672147616],[150.243797599,-32.278239281147641],[150.24324155799999,-32.278383360147636],[150.24098885800001,-32.281114919147612],[150.24014143900001,-32.28237742714758],[150.24008954000001,-32.282876209147574],[150.24025155699999,-32.283598384147574],[150.23979438800001,-32.284119546147558],[150.23922978300001,-32.284544623147561],[150.23914301600001,-32.284980151147536],[150.23926732199999,-32.285732746147524],[150.239459463,-32.286674295147513],[150.23964782199999,-32.287740739147509],[150.23948090799999,-32.288393229147481],[150.238955874,-32.288725434147501],[150.237955817,-32.288953503147489],[150.235416636,-32.288991626147485],[150.234875461,-32.289854618147487],[150.23461530399999,-32.289942651147477],[150.233608893,-32.289806980147468],[150.233499381,-32.289772003147483],[150.23172592500001,-32.289473132147499],[150.230183821,-32.289321714147476],[150.22993083399999,-32.28939518214748],[150.229190217,-32.289323710147478],[150.22751801999999,-32.289880625147482],[150.227441648,-32.289929826147485],[150.22654802700001,-32.289285029147486],[150.226655249,-32.289309468147493],[150.226666142,-32.288449134147491],[150.226997275,-32.287114534147513],[150.22758257300001,-32.285809097147528],[150.22759120200001,-32.285735157147528],[150.22783917999999,-32.285283218147534],[150.22767501999999,-32.285016891147535],[150.227679051,-32.284982353147548],[150.22762918800001,-32.28494253514755],[150.22736097800001,-32.28450739514755],[150.22743863100001,-32.283549748147571],[150.22717447799999,-32.283246109147562],[150.225959684,-32.283016752147567],[150.22565324499999,-32.282799368147586],[150.225352969,-32.282743904147573],[150.225354968,-32.282683025147577],[150.224287334,-32.282313021147587],[150.22286142999999,-32.282246760147594],[150.223030346,-32.28126994014761],[150.22337711700001,-32.280364965147605],[150.22429515300001,-32.280090043147602],[150.225965242,-32.279616204147629],[150.22776564599999,-32.279246427147626],[150.22862067,-32.278399760147643],[150.22893956300001,-32.277889691147635],[150.228181468,-32.27676287114766],[150.22709538300001,-32.275895506147677],[150.22602884599999,-32.275565148147678],[150.22500706,-32.275305278147677],[150.224443619,-32.274890035147685],[150.22291876400001,-32.274715013147699],[150.22228114699999,-32.27505657714768],[150.222285304,-32.274845569147686],[150.222185422,-32.274418165147686],[150.221762286,-32.274381476147695],[150.22141613700001,-32.274916132147681],[150.22130076100001,-32.275091540147692],[150.22066909399999,-32.274798799147682],[150.22061218900001,-32.274459394147698],[150.22021714900001,-32.274421964147685],[150.21977285099999,-32.27457694414769],[150.21936443999999,-32.274945991147689],[150.219072982,-32.275083900147685],[150.21840011500001,-32.275250363147684],[150.21821952600001,-32.275167092147683],[150.21781063399999,-32.274747775147681],[150.21742944100001,-32.275092215147687],[150.21741692800001,-32.275522565147675],[150.217496485,-32.27616551514766],[150.217482418,-32.276197284147678],[150.21732648899999,-32.276366589147663],[150.21728196800001,-32.276604858147657],[150.21649681,-32.277290623147664],[150.21570370000001,-32.277908626147649],[150.21572100200001,-32.278385975147643],[150.215679045,-32.279265034147627],[150.21567045699999,-32.279319012147617],[150.215188101,-32.279976663147622],[150.21471436300001,-32.280696746147605],[150.21267085700001,-32.280129584147609],[150.21184993700001,-32.280101284147605],[150.21149590900001,-32.280123093147616],[150.211517706,-32.27984177814762],[150.21096791299999,-32.279569458147634],[150.21089080900001,-32.279303903147614],[150.21119718,-32.279066555147622],[150.21124249299999,-32.278453786147644],[150.21121981600001,-32.278370814147635],[150.211969501,-32.277509540147655],[150.21219144400001,-32.276909162147668],[150.212322059,-32.276784149147652],[150.21227570100001,-32.276681234147652],[150.21241038700001,-32.276316888147662],[150.21214927299999,-32.27631112014766],[150.212138264,-32.276204903147658],[150.212112335,-32.27595473414766],[150.212081606,-32.275805031147677],[150.212009255,-32.275670747147672],[150.211910843,-32.275515644147674],[150.21177054899999,-32.275368802147675],[150.21169133000001,-32.275383905147692],[150.21158818200001,-32.275154910147677],[150.21000108699999,-32.275590551147666],[150.20906621899999,-32.275399949147683],[150.207537503,-32.275117333147683],[150.206183826,-32.275009307147691],[150.205574455,-32.274487673147682],[150.20555968100001,-32.272911318147713],[150.20553714600001,-32.271120154147745],[150.20513407999999,-32.269303078147772],[150.20492357699999,-32.269290495147764],[150.20477757899999,-32.268774848147771],[150.204193589,-32.267786693147798],[150.20345399199999,-32.267160942147783],[150.20237214100001,-32.266400763147793],[150.20156976199999,-32.265203277147812],[150.20167550100001,-32.264627164147832],[150.202422316,-32.264285193147835],[150.202990908,-32.264270376147849],[150.20339410299999,-32.264875506147831],[150.204270433,-32.26578437314781],[150.20514469700001,-32.265857137147805],[150.20607083199999,-32.265809093147809],[150.20666677700001,-32.265960777147811],[150.20678228,-32.265892680147815],[150.206808118,-32.26660762314782],[150.207223583,-32.267600162147801],[150.207627406,-32.268270491147767],[150.208278885,-32.268791014147766],[150.20953843199999,-32.269797347147758],[150.21035330500001,-32.27017025414775],[150.21204920100001,-32.270412629147735],[150.21314998400001,-32.270527199147736],[150.21467474799999,-32.270702341147746],[150.21547667600001,-32.270717201147754],[150.21734374799999,-32.271026695147746],[150.21791421200001,-32.270474236147756],[150.21793427700001,-32.269864513147766],[150.21794655100001,-32.269039983147763],[150.21756790500001,-32.26790317014779],[150.21697149600001,-32.267739606147792],[150.21565097499999,-32.267379974147786],[150.21545388499999,-32.266596757147802],[150.21571121400001,-32.265550808147829],[150.216070973,-32.265003868147829],[150.21655324100001,-32.264346214147849],[150.21728831300001,-32.263681943147844],[150.21815367299999,-32.263121762147854],[150.21875712400001,-32.262317586147859],[150.21885755400001,-32.261598254147863],[150.21912781500001,-32.260910308147885],[150.219474545,-32.260005347147896],[150.21911539999999,-32.259405559147901],[150.21901554900001,-32.258978153147886],[150.21857344399999,-32.258416369147909],[150.21771910999999,-32.258116225147916],[150.21675135999999,-32.258177393147925],[150.21625615100001,-32.258477034147923],[150.21537785199999,-32.25867919114792],[150.21430185200001,-32.259244862147909],[150.21432389899999,-32.259853482147903],[150.21446715900001,-32.260315591147886],[150.21474979000001,-32.26113240614788],[150.21588610800001,-32.261066843147887],[150.216402096,-32.261340022147884],[150.21617264899999,-32.261991058147878],[150.21586411999999,-32.262787503147862],[150.21514850299999,-32.263988784147827],[150.21449898,-32.264686640147822],[150.21407157499999,-32.26462178414782],[150.21367765799999,-32.264134756147833],[150.212739013,-32.26383677914783],[150.211874279,-32.263250184147836],[150.21167723100001,-32.262466961147858],[150.21207524900001,-32.26181152914787],[150.212468078,-32.261012891147885],[150.21277792800001,-32.260252255147897],[150.212744227,-32.259321425147917],[150.21259968199999,-32.258823512147913],[150.21169416000001,-32.25827381814792],[150.210640845,-32.258301341147927],[150.20928717800001,-32.25820920614791]],[[150.14364460100001,-32.282617304147578],[150.14385896600001,-32.282654103147578],[150.143798331,-32.282697916147569],[150.14364460100001,-32.282617304147578]],[[150.14732548999999,-32.38753593514609],[150.14738290599999,-32.387538358146095],[150.14734460700001,-32.387546456146111],[150.14732548999999,-32.38753593514609]]]},"properties":{"OBJECTID":92081,"FireName":"Meads Creek West","FireNo":"19112760292","FireType":1,"StartDate":1574686800000,"EndDate":1579611600000,"AreaHa":14128.0325691}},{"type":"Feature","id":128387,"geometry":{"type":"Polygon","coordinates":[[[151.09649445736,-33.145117829635005],[151.09647305658001,-33.145051752676991],[151.09617612439001,-33.145027414222],[151.09638592562999,-33.144840929048009],[151.09714318073,-33.143286945029004],[151.09711251016,-33.143283995550007],[151.09638592713,-33.144775042829984],[151.09585226208,-33.145249394604008],[151.09528563485,-33.144966087698016],[151.09525328155999,-33.144911435825009],[151.09465698244,-33.144185514336996],[151.09410173282001,-33.143974417322994],[151.09365095307001,-33.143769938359],[151.09365251880001,-33.143803533836014],[151.09340697082999,-33.143654806513993],[151.09294282183001,-33.143569744808005],[151.09007947858001,-33.143936566492989],[151.08887680340001,-33.145194952939015],[151.08676449193999,-33.145952763516988],[151.08548116484999,-33.145478833396993],[151.08485282378999,-33.145528191640999],[151.08418827489001,-33.146998230921007],[151.0836002364,-33.14754809611199],[151.08331236819001,-33.147789511760998],[151.08211544885,-33.148088748212004],[151.08052811687,-33.148193988078006],[151.07943226883,-33.148086627906999],[151.07911848834999,-33.14867047106101],[151.07979513110001,-33.149293455371001],[151.08028257550001,-33.149879641189003],[151.08060199107001,-33.150929028047024],[151.08038576493001,-33.154172372083018],[151.07622171023999,-33.157444132923999],[151.07354481511001,-33.160121026318997],[151.07143485819,-33.161257184304006],[151.07133200590999,-33.161237286671025],[151.07023424413001,-33.161459681684995],[151.06889485881999,-33.161618295470994],[151.06822284392999,-33.16219950960501],[151.06834885218001,-33.162711556217999],[151.0674436077,-33.163042320838983],[151.06611146148001,-33.164462428736002],[151.06500433079,-33.165588386408011],[151.06475715670001,-33.166141330308001],[151.06485705607,-33.166826289866009],[151.06549041135,-33.167250036087999],[151.06633048214999,-33.16735156651697],[151.06737596901999,-33.16727872584601],[151.06848845964001,-33.167556841399978],[151.06848846087999,-33.168829411136016],[151.06692845146,-33.169955867272016],[151.06627073195,-33.170479246097003],[151.06680463334001,-33.170963594793015],[151.0673874016,-33.171246158714006],[151.06728097602999,-33.17145900630301],[151.06761887251,-33.171610815855999],[151.06781961619001,-33.172263795165023],[151.06766816914001,-33.173043017720993],[151.06692465027999,-33.173554873552],[151.06657517214001,-33.173642774811995],[151.06610899867999,-33.177372118347996],[151.06610899924999,-33.178561848536994],[151.06372953822,-33.179156714166012],[151.05986291408001,-33.179156713812993],[151.05897061598,-33.181238742823005],[151.05661442438,-33.181238745791994],[151.0564530792,-33.181146099423998],[151.05510317664999,-33.181453057572007],[151.05404941161001,-33.182634513572019],[151.05406537672999,-33.184211182249996],[151.05473401339,-33.185766539133006],[151.05519273151,-33.186468464483013],[151.05409721241,-33.186807586818006],[151.05302196427999,-33.186592529485985],[151.04856047460001,-33.188079692758997],[151.04856047384001,-33.189864289361992],[151.04618101305999,-33.190459154363005],[151.04439641815,-33.191648884488011],[151.04052979299999,-33.194028344845002],[151.03755546754999,-33.197002671978993],[151.03747374893001,-33.196994500968998],[151.03668006257999,-33.19673066497699],[151.03412992091,-33.195666491350003],[151.03310396337,-33.196225539394995],[151.03260857567,-33.197197488579995],[151.02923033515,-33.198525861394984],[151.02731876642,-33.197130175414003],[151.02529496309,-33.197004615192995],[151.02314571639999,-33.197862841801985],[151.02240347602,-33.198412607115991],[151.02145915814,-33.197033296639979],[151.02035770081,-33.195945824021017],[151.01946590725001,-33.19633313717398],[151.01833057069999,-33.196990434896996],[151.01664312559001,-33.195916615678989],[151.01660845302001,-33.19596043493803],[151.01833057121999,-33.197056322146004],[151.01866712908,-33.196861473009996],[151.01883280468999,-33.196998810018989],[151.01908291776999,-33.197157966679001],[151.01904905632,-33.197178070419994],[151.01904159592999,-33.197182499097018],[151.01825795072,-33.19764774275599],[151.01707780189,-33.198192489459011],[151.01694762816001,-33.196993588950008],[151.01616665063,-33.196385626621002],[151.01524956236,-33.196452117273999],[151.01509268024,-33.19618548114299],[151.01481430078999,-33.195694296362987],[151.01414249472001,-33.195282725876993],[151.01387176630999,-33.195206823978985],[151.01320276530001,-33.195425197512009],[151.01303922528001,-33.195880694705011],[151.01307800347999,-33.196425321258999],[151.01305322069999,-33.196768507936987],[151.0127914274,-33.197050646156001],[151.01256723462001,-33.197175907076016],[151.01243106204001,-33.197173732159015],[151.01203827020001,-33.197224719794001],[151.01138788675999,-33.197371798993977],[151.01137682871001,-33.19740177200601],[151.01107040733999,-33.197418022626998],[151.01084748990999,-33.197390966953996],[151.01056096912001,-33.197356191561006],[151.01008084819,-33.197253072402006],[151.00974032796,-33.197193472583002],[151.00959323091001,-33.197167727333969],[151.00905846821999,-33.197284433899995],[151.00848047733999,-33.197430270593017],[151.00804581635001,-33.197512786075002],[151.00792430158,-33.197552593878989],[151.00760912988,-33.197684742237008],[151.00734508971999,-33.197752092764993],[151.00713603131001,-33.197897867660004],[151.00699242715001,-33.197973110474997],[151.00684692946001,-33.198131833896007],[151.00679950905001,-33.198345812973024],[151.00658484236001,-33.198425883134],[151.00638530806,-33.198464439881008],[151.00617213005,-33.198478918829991],[151.00598867417,-33.198434223318017],[151.00577644193001,-33.198406960676998],[151.00541979123,-33.198490718120986],[151.00538222699001,-33.198518166237022],[151.00504230425,-33.198643840278997],[151.00467206821,-33.198780718416977],[151.00319964878,-33.199445177692006],[151.00223727553001,-33.19979937995798],[151.00121136655,-33.199832432303992],[151.00119381846,-33.199798901074004],[151.00211765963999,-33.199509950031],[151.00260617999999,-33.19924340718098],[151.00297905468,-33.199070445085994],[151.00366534629001,-33.19884286133297],[151.00412494899999,-33.198599707691997],[151.00445390740001,-33.198485685517014],[151.00542605196,-33.198167239797002],[151.00568949423999,-33.197813566390998],[151.00603371532,-33.197652063250999],[151.00619434369,-33.197451828989003],[151.00626716084,-33.197369488058001],[151.00666757568999,-33.197232745683998],[151.00693789651001,-33.197201285925004],[151.00710676016001,-33.197263642479996],[151.00710297668999,-33.197430600499985],[151.00715566246001,-33.197610392968002],[151.00735505834999,-33.197577798830991],[151.00735749035999,-33.197470466275014],[151.00730399400999,-33.197326451009005],[151.00728157233999,-33.197063632280994],[151.00715958584999,-33.196811148583009],[151.00714563661001,-33.196784410585018],[151.00695838133001,-33.196784410851009],[151.00495963431001,-33.197641016353998],[151.00401623747001,-33.197758941570001],[151.00385830908999,-33.197843844679014],[151.00361527208,-33.197923454371001],[151.00329860378,-33.198121181013974],[151.00297961333999,-33.198322926094001],[151.00293549245001,-33.198333071745992],[151.00245447724001,-33.198581841566998],[151.00221325768999,-33.198647820094024],[151.00216553988,-33.198651763553002],[151.00184050429999,-33.198733488324997],[151.0010605464,-33.199008766622995],[151.00093550251,-33.199261364466992],[151.00082520168999,-33.199390870665979],[151.00048236340001,-33.199504550867999],[150.99996614232001,-33.199740815913998],[150.99962190316,-33.199902299843998],[150.99937817974001,-33.200011713284987],[150.99918342561,-33.200151739624999],[150.99885418195001,-33.200277673148015],[150.99845211179999,-33.200485942111015],[150.99803107206,-33.200592501864008],[150.99782962838,-33.200714521961004],[150.99771506022,-33.200760398646004],[150.99763704207999,-33.20075914348697],[150.99757059680999,-33.200561228980014],[150.99744659836,-33.200398179030017],[150.99727077877,-33.200329735121002],[150.99716338037999,-33.200312010546007],[150.99577488489001,-33.201221714039988],[150.99575223047,-33.201271596920002],[150.99560521245999,-33.201495897357006],[150.99534321459001,-33.201783957751012],[150.99517736689,-33.201900583224997],[150.99506616737,-33.201961831958997],[150.99476418936001,-33.202210316504996],[150.99475568252001,-33.202211577384006],[150.99474837125999,-33.202220133777026],[150.99462306839001,-33.202249544974023],[150.99438935328999,-33.202280058961001],[150.99428275579999,-33.202313576807008],[150.99426666557,-33.202321343846009],[150.99419356300001,-33.20241560291101],[150.99416369440999,-33.202480736829003],[150.99405949855,-33.202693793524013],[150.99399443959001,-33.202746429242019],[150.99388777514,-33.202756639489976],[150.99383062710001,-33.202773610989979],[150.99367240980999,-33.202866499219994],[150.99351500709,-33.20298358601903],[150.99351769377,-33.202980737835006],[150.99310906437,-33.203281831274992],[150.99282438266999,-33.203780026113002],[150.99276054993999,-33.203907690770002],[150.99278900173999,-33.20395576129701],[150.99291217759,-33.204154591737009],[150.99304107675999,-33.204102988572998],[150.99342094238,-33.203936133409016],[150.99364558358999,-33.203730983555992],[150.99401371243999,-33.203456567182016],[150.99462476069999,-33.203108525475002],[150.99487803871,-33.202891904391997],[150.99505821226001,-33.202769544708005],[150.99539429072999,-33.202655662943002],[150.9953939911,-33.202649654195],[150.99539442769,-33.202649699109003],[150.99561702131999,-33.202533988837011],[150.99589689992001,-33.202395338397011],[150.99607065919,-33.202243049961993],[150.99629229906,-33.202169075867985],[150.99664011197001,-33.202162748684998],[150.99679260827,-33.202216900459995],[150.99695357765,-33.202418323593001],[150.99716309834,-33.202564856623994],[150.99731866349001,-33.202748370327996],[150.99732315637999,-33.202755927325015],[150.99736639712,-33.202893048812008],[150.99738765084999,-33.202986018609998],[150.99741496633999,-33.20300057155999],[150.9974767317,-33.203124647302971],[150.99765639003999,-33.203336314141993],[150.99777357260001,-33.203487322291998],[150.99781164846999,-33.203684779934001],[150.99780197499001,-33.203797958688007],[150.99778395018001,-33.203879251901],[150.99722610308999,-33.204103418996993],[150.99694626344001,-33.204166233089019],[150.99677917361001,-33.204174996140019],[150.99650697120001,-33.204163453818992],[150.99620571081999,-33.204119232582997],[150.99587008257001,-33.204088773894007],[150.99559297137,-33.204105780050995],[150.99539189315999,-33.204149067544989],[150.99518173099,-33.204217260325002],[150.9949899982,-33.204306663018016],[150.99498205380999,-33.204307989048992],[150.99469429713,-33.20438350212401],[150.99465514164001,-33.204379434394006],[150.99455717638,-33.204353304773008],[150.99445638483999,-33.204287881743006],[150.99436283996999,-33.204282795536969],[150.99433672237001,-33.204294503479993],[150.9943014118,-33.204285085497993],[150.99397432416001,-33.204315600198015],[150.99381525881,-33.204417350290008],[150.99394014487001,-33.204522927733997],[150.99359250321001,-33.20483226924798],[150.99335817113999,-33.20483115179001],[150.99331221158999,-33.204896855963021],[150.99329288489,-33.204902594004984],[150.99321865882001,-33.204983713014002],[150.99316129305001,-33.205072259703002],[150.99305531496,-33.205238761945992],[150.99265505888999,-33.205987465555999],[150.99242275604999,-33.206004603184994],[150.99170001408001,-33.205905868683999],[150.99085325812999,-33.205560595051999],[150.9900609606,-33.204619311537016],[150.99025742211001,-33.204745104826998],[150.99056975418,-33.204641573850999],[150.99054009988001,-33.204636631942002],[150.99049122120999,-33.204601718707998],[150.99025742200999,-33.204679217159004],[150.98911055789,-33.203944891445992],[150.98739738999001,-33.203153675760987],[150.98637494286999,-33.203184850280003],[150.98634962161,-33.203150913453001],[150.98631476509999,-33.203170084986006],[150.98637494274999,-33.203250736718992],[150.98660862199,-33.203243613195987],[150.98649524563001,-33.203341054885001],[150.98635093088001,-33.203446087000003],[150.9861783842,-33.203544696858998],[150.98601279075001,-33.203649383756002],[150.98584733325001,-33.203748108959005],[150.98571898116001,-33.203775856298002],[150.98564600450001,-33.203864147691],[150.98551560202,-33.203981334358012],[150.98545735569999,-33.204046006637014],[150.98540674995999,-33.204086941749978],[150.98520514437999,-33.204214903942002],[150.98497026033999,-33.204246888274014],[150.98479866637999,-33.20430375664499],[150.98469077171001,-33.204367623757008],[150.98461097494001,-33.20444387460401],[150.98446788627001,-33.20449523967001],[150.98421690211001,-33.204610471268985],[150.9840378051,-33.204685114094012],[150.98392281525,-33.204748864747025],[150.98380209941999,-33.204752871990003],[150.98363421468,-33.204788454887009],[150.98363104954001,-33.20478588941301],[150.9832103832,-33.204874507465995],[150.98303101041,-33.204961072967009],[150.98292952115,-33.205054865314985],[150.98271481898999,-33.205134892916981],[150.98246410511999,-33.205238195681005],[150.98206947846001,-33.205428635994998],[150.98186841393999,-33.205532742185994],[150.98172784829001,-33.205611605100998],[150.98105246723,-33.205788759367003],[150.98101951711001,-33.205808260130027],[150.98096076977001,-33.205816258541006],[150.98089676855,-33.205880911819989],[150.98063972929,-33.20603304352899],[150.98046491751001,-33.206088560306988],[150.98022906864,-33.206162274028991],[150.98006470015,-33.206213288038029],[150.97994682813999,-33.206402253617988],[150.97983741668,-33.206531703182009],[150.97976155417001,-33.206745207384984],[150.97976330330999,-33.206977868161992],[150.97988100686001,-33.207105044952002],[150.98000662372999,-33.207196558536992],[150.98017452791001,-33.207300688841997],[150.98054281572999,-33.20733052843601],[150.98115610703999,-33.207197327221998],[150.98135608211001,-33.207140924342006],[150.98139154674999,-33.207141499645992],[150.98154773056001,-33.207138068851002],[150.98181113049,-33.207100588807009],[150.98194726576,-33.20704314718401],[150.98216005627,-33.207046600065006],[150.98236493333999,-33.207085713559984],[150.98249192483999,-33.207117598232998],[150.98264714891999,-33.207155905669005],[150.98287834396001,-33.207284919143994],[150.98294026688001,-33.207369432032984],[150.98293876139999,-33.207435022120997],[150.98278079847,-33.207515968831004],[150.98237279826,-33.20767040475102],[150.98220692078999,-33.207787011703999],[150.98197734107001,-33.207896619255003],[150.98175430484,-33.208030194051013],[150.98156032699001,-33.208134414512003],[150.98138108118999,-33.208215016173],[150.98117346417999,-33.208295153551994],[150.98097280333999,-33.208381371514015],[150.98079328174001,-33.208473895290012],[150.98076282635,-33.208568500277998],[150.98073963703001,-33.208585165619986],[150.98058661804001,-33.208821277772017],[150.98052285783999,-33.209125646605003],[150.98041326229,-33.209448358940016],[150.98028052915001,-33.209789783223016],[150.98012838649001,-33.209987732270996],[150.97996554968,-33.210156876516002],[150.97975797465,-33.210296665124993],[150.97948230188001,-33.210435342680988],[150.97904444826,-33.21071454686502],[150.97885803324999,-33.210921482041996],[150.9787475517,-33.211282352908],[150.97885841267001,-33.211398680822988],[150.97919494562001,-33.211575938382985],[150.97960522201001,-33.212002535918998],[150.98014473392999,-33.212240351978998],[150.98039157135,-33.212368429780014],[150.98124690258001,-33.21269726601701],[150.98186608998,-33.212926823019998],[150.9826544293,-33.213206842544999],[150.98303834583999,-33.21329896366899],[150.98311951148,-33.213333158981996],[150.98312410617001,-33.213519862596989],[150.98295364179,-33.213526644170024],[150.98251210078999,-33.213471762471016],[150.98201446725,-33.213387338289969],[150.98168664289,-33.213324753981006],[150.98124422449001,-33.213308030267001],[150.98085855631999,-33.21329222377701],[150.9804032561,-33.213342094365998],[150.98004966286999,-33.213412702722991],[150.97983138770999,-33.213523684445008],[150.97971569687999,-33.21361724426],[150.97966481428,-33.213855014066993],[150.97952965761999,-33.214301379019986],[150.97928034493,-33.214774522691989],[150.97896117104,-33.215322879675995],[150.97854922005001,-33.215955622392016],[150.97832303491001,-33.216410051197009],[150.97824988574999,-33.216628370795988],[150.97828357461,-33.216770977087016],[150.97842313072999,-33.217029343410012],[150.97847791973001,-33.217080639294018],[150.97875574769,-33.217342838941001],[150.97892073239001,-33.217574573637002],[150.97911889034,-33.217845021354009],[150.97927186792,-33.218105191522],[150.97981662575,-33.218610322758984],[150.98011562568999,-33.218939671885011],[150.98036703103,-33.21920174485701],[150.98040042664999,-33.219392858208991],[150.98046348547999,-33.21961339137998],[150.98052500865001,-33.219900706083997],[150.98061098841001,-33.220112067962987],[150.98085741035001,-33.220259227601005],[150.98106934379999,-33.220424913539013],[150.98106715214001,-33.220520316546988],[150.98091893663999,-33.220546542038008],[150.98069170623,-33.220552397024996],[150.98054217385001,-33.220635863910999],[150.98050527002999,-33.220759333351985],[150.98051722635,-33.221227177200007],[150.98057655860001,-33.22160989479201],[150.98061559989,-33.22188730001703],[150.98059569749,-33.222259188016984],[150.98059981047999,-33.222574201614002],[150.98062903667,-33.222784641018023],[150.98067789711999,-33.223129013013008],[150.98074616764001,-33.223616859758003],[150.98085309851999,-33.223904911088994],[150.9808818887,-33.224134429783007],[150.98091133673,-33.224335330465003],[150.98083774758001,-33.224572730809015],[150.98076547471001,-33.224752890447],[150.98060282962999,-33.224912495487004],[150.98056548706001,-33.225055046564002],[150.98056131884999,-33.225236311647031],[150.98054777322,-33.22533152922999],[150.98050977131999,-33.225502701781004],[150.98049359610999,-33.225712403973994],[150.98089916894,-33.225852604499003],[150.98096418793,-33.225875832500002],[150.98081795587001,-33.225927637239991],[150.98047675901,-33.225950727743012],[150.98022439856001,-33.226061153703995],[150.98011763011999,-33.22625984181002],[150.98010013538001,-33.226526785759006],[150.98020640844999,-33.226843457857008],[150.98039280214999,-33.227132801744986],[150.98056784214,-33.227421960037994],[150.98066430181001,-33.227671665971037],[150.98073762193999,-33.227940083872021],[150.98072254028,-33.228102086391019],[150.98057798654,-33.228462404185002],[150.98057381820001,-33.228643669174986],[150.98064669907001,-33.228931168864989],[150.98075516924999,-33.229152437502982],[150.98076169467001,-33.22936250933801],[150.98064357229001,-33.229561011224988],[150.98058001231999,-33.229855838421997],[150.98054743717,-33.230284782383016],[150.98067060276,-33.231842430898979],[150.98066248533999,-33.232195419836003],[150.98063495506,-33.232404936496998],[150.98061002060001,-33.232526762029991],[150.98048450837001,-33.23271656643103],[150.98050518216999,-33.233034399163998],[150.98048161525,-33.233146866648021],[150.98051338440001,-33.233160478486013],[150.98051806877001,-33.23323247897401],[150.98060142634,-33.233558321634],[150.98077648125999,-33.233847480462998],[150.98104410955,-33.234061791687985],[150.98126589281,-33.23429444608],[150.98156149201,-33.234280156528008],[150.98245662002,-33.233874757267017],[150.98292079526999,-33.233443271054995],[150.98347753354,-33.232936933956005],[150.9838700798,-33.232656986052007],[150.98421721650001,-33.232376300006983],[150.98472327850001,-33.232098188581986],[150.98577598566001,-33.231752580077995],[150.98605062218999,-33.231661591045004],[150.98641520103001,-33.231610232361994],[150.98677802812,-33.231635195056995],[150.98686221892001,-33.231474192307992],[150.98693905092,-33.231496010555006],[150.98693029046001,-33.23159829368899],[150.98742856070999,-33.232155131371009],[150.98871365026,-33.232309211653991],[150.98931164272,-33.233072907139999],[150.98925572601999,-33.233053358561001],[150.98879084399999,-33.233002321711012],[150.98826552953,-33.233005752353989],[150.98782344462001,-33.233094037813984],[150.98779081478,-33.233103496463997],[150.98723750517999,-33.233058703470995],[150.98707991660001,-33.23319284059901],[150.98684212702,-33.233173590955992],[150.98658861466001,-33.233085976623009],[150.98613726253001,-33.232959367090011],[150.98587038085,-33.232835746534029],[150.98506916105001,-33.233109079461997],[150.98469254995999,-33.233437010164003],[150.98434568620999,-33.233705772210008],[150.98384327113999,-33.23394815185101],[150.98346692761001,-33.234264153518986],[150.98323357929999,-33.234534754662],[150.98289925455001,-33.234875294491992],[150.98264952081001,-33.235241067900027],[150.98252722746,-33.235620837511014],[150.98253237471999,-33.23601460374001],[150.98259675347001,-33.236301963332998],[150.98266195199,-33.236553547326992],[150.98271159058999,-33.236864527823016],[150.98291653326999,-33.237152299323],[150.98240122798001,-33.238402691675006],[150.98237156780999,-33.238799317792001],[150.98237124959999,-33.238798459807015],[150.98237280862,-33.238814623251983],[150.98236982911001,-33.238822569391004],[150.98234001539001,-33.239221244259987],[150.98106246116001,-33.241302812020002],[150.98030826374,-33.242751487397008],[150.98067583144001,-33.243363208682013],[150.98080101207,-33.243678880261001],[150.97994521191001,-33.244535842287995],[150.97969485127001,-33.245031006755994],[150.97932254944001,-33.245845285657012],[150.97879585627999,-33.246263328294006],[150.97877296026999,-33.246302039417998],[150.97745835468001,-33.246850597714996],[150.97675748723,-33.247188241102002],[150.97643121070001,-33.247513890711005],[150.97648212352999,-33.24788478488199],[150.97678049689,-33.248448347838],[150.97717455316001,-33.248865572654985],[150.97827079042,-33.248973763753],[150.97912215833,-33.248946507611009],[150.97899761862999,-33.249208396011987],[150.97839501077999,-33.249456932290009],[150.97776094045,-33.249763784102022],[150.97728643267001,-33.250581326564003],[150.97718653035,-33.251386879606002],[150.97748751344,-33.252007670161994],[150.97791824007999,-33.252481028462988],[150.97808245301999,-33.252616870312004],[150.9775119958,-33.253180067149025],[150.97734467229,-33.253540007424],[150.97764941238,-33.25411759557101],[150.97800222642999,-33.254354892217997],[150.97799090794999,-33.254814623422007],[150.97783620902001,-33.254884138361014],[150.97771342268001,-33.255282981580983],[150.97776747985,-33.255894663672983],[150.97782505568,-33.256353702827994],[150.97786035946999,-33.25679329247501],[150.97745025251001,-33.256843881844979],[150.97674226737001,-33.257004146522],[150.97646049988001,-33.257400400266995],[150.97665521213,-33.257823497922999],[150.97678663719,-33.258035599796003],[150.97659790914,-33.258337930464002],[150.97655986414,-33.258348424925003],[150.97637392889001,-33.258290210915007],[150.97545435233999,-33.258319625968994],[150.97515171661999,-33.258415272067012],[150.97478485254999,-33.258598938583013],[150.97462492957999,-33.258833297313011],[150.97456360576001,-33.259428724751992],[150.97448075689999,-33.259505961259023],[150.97426313791999,-33.260075040798014],[150.97425583974999,-33.260390974194998],[150.97422407087001,-33.26038934738898],[150.97412799518,-33.260860200957985],[150.97403853038,-33.26104484606001],[150.97383346589999,-33.261070134016997],[150.97361202886,-33.26106652300399],[150.97327201809,-33.261032347488012],[150.97298244639001,-33.261027623485006],[150.97274298479999,-33.261066666550001],[150.97251823932001,-33.261206156580002],[150.97230821074999,-33.261446095913001],[150.97213291147,-33.261657970963],[150.97205981235999,-33.261871513484991],[150.97203847775,-33.26205726961399],[150.97206692153,-33.262301099789006],[150.97218020262,-33.262560630660005],[150.97220831524999,-33.262818771450014],[150.97220037426001,-33.263162217540987],[150.97216101269001,-33.263390626882995],[150.97208824532001,-33.263589858653006],[150.97208460425,-33.263747271077015],[150.97218317071,-33.263906352143998],[150.97216282692,-33.264049176373987],[150.972156872,-33.264306760857998],[150.97196353800001,-33.264561288831985],[150.97180493462,-33.264787751527017],[150.97150806908999,-33.26509784992701],[150.97122889744,-33.265379606339977],[150.97100016623,-33.265690816448981],[150.97085163988001,-33.266218070689987],[150.97094888043,-33.266434392935999],[150.97128262042,-33.266740472123992],[150.97132205007,-33.266766333845993],[150.97122617711,-33.267430670913001],[150.97151460883001,-33.267846137699003],[150.97154142664999,-33.268076052619008],[150.97165339041001,-33.268392825047975],[150.97191635655,-33.268576698263018],[150.97208562873001,-33.269135654287005],[150.9721180418,-33.269851491370005],[150.97328126538,-33.270411712209011],[150.97394740883999,-33.270987812193987],[150.97419018041001,-33.271637184710002],[150.97541634327999,-33.27201615531898],[150.97566994301999,-33.272904136779985],[150.97564759572001,-33.273980162722005],[150.97506522212001,-33.275253314944983],[150.97510036681999,-33.276028804016022],[150.97596609666999,-33.276299815313997],[150.97744935829999,-33.276073150930991],[150.97812977135999,-33.275394245248016],[150.97923357092,-33.274642041438],[150.97930337307,-33.274817864215983],[150.97909480928999,-33.275192335787992],[150.97893906578,-33.275397377645021],[150.97876440915999,-33.275580640473009],[150.97839278365001,-33.276175851595013],[150.97827868349,-33.276689358973009],[150.97850960644999,-33.277022376980987],[150.97840375600001,-33.277178126869003],[150.97792408453,-33.277284847669002],[150.97685558081,-33.277797132719996],[150.97660550275,-33.278294107985005],[150.97648029778,-33.278549750135006],[150.97627254954,-33.27868952352901],[150.97601533981,-33.278756911371005],[150.97569427875001,-33.278637155912996],[150.97552523051999,-33.278577139317989],[150.97498235971,-33.278468081158991],[150.97484639305,-33.278451549826002],[150.97435265024001,-33.278429185268998],[150.97405425442,-33.27806643041199],[150.97352461999,-33.277384957589014],[150.97307918556999,-33.276747801327005],[150.97254063207001,-33.276452701434017],[150.97196469560001,-33.276300146800985],[150.97177729414,-33.276297087630994],[150.9711954014,-33.276402112232006],[150.97088808216,-33.276425724528018],[150.97046514812999,-33.276289976295985],[150.97029908992999,-33.276101159427007],[150.97030637812,-33.275786335358013],[150.97005414610999,-33.275639058626005],[150.96930553617,-33.275583878223017],[150.96881247565,-33.275532872711985],[150.96857230907,-33.275600524245995],[150.96826067863,-33.275810162163005],[150.96801785529999,-33.275992295185013],[150.96779140704999,-33.276203326968002],[150.96763210525,-33.276458400581006],[150.96745012579001,-33.276956471310001],[150.96752402940999,-33.277444412048013],[150.96812474800001,-33.277998232142984],[150.96858043172,-33.278191784507001],[150.96927894685999,-33.278203204830007],[150.96978375615001,-33.27848345248298],[150.96999164761999,-33.279073789923018],[150.97008392786,-33.279504766787994],[150.97007663855999,-33.27981959065],[150.97001392631,-33.280319614224013],[150.97000829337,-33.280562887385003],[150.96995055031999,-33.280848256607996],[150.96974013542001,-33.28110249913999],[150.96937803752999,-33.281282684893988],[150.9692177371,-33.281580693233998],[150.96927494587001,-33.282054044099986],[150.96933712839001,-33.282312741836016],[150.9697554471,-33.282648837474994],[150.96986145182001,-33.283223194585005],[150.96989435968001,-33.283460237061988],[150.96988989234001,-33.283467025696993],[150.9699052725,-33.283538854193992],[150.96999755562999,-33.283969830846011],[150.97002400783001,-33.284299521961984],[150.97018245675,-33.284817473242995],[150.97026334056,-33.285004898698027],[150.97037233363,-33.285450463358991],[150.97037942956999,-33.285880048310986],[150.97045302078001,-33.286382297319022],[150.97045878873001,-33.286869122310002],[150.97051932312999,-33.287199369783011],[150.97054710123999,-33.287471821832],[150.97067910453001,-33.287660082515011],[150.970998533,-33.287851401407011],[150.97130059308,-33.288056753544986],[150.97142742206,-33.288223465203984],[150.97162768984001,-33.288864266971991],[150.97250164256999,-33.289314261061996],[150.97422254532,-33.289617702242005],[150.97535900151999,-33.289581372338006],[150.97682355245001,-33.288937145650991],[150.97779088807999,-33.288308807090992],[150.97825831495001,-33.287636718337993],[150.97867094505,-33.287324819760983],[150.97924457108999,-33.287425939540995],[150.98029372836999,-33.287033921285001],[150.98071176529999,-33.286841319013988],[150.98096879259001,-33.286235695711014],[150.98176090897999,-33.286449287188994],[150.98260991640001,-33.287915581656016],[150.98342643525001,-33.288666038297997],[150.98387428058999,-33.289129605168],[150.98455689617001,-33.290063563489987],[150.98461934107999,-33.290300314288984],[150.98456514643999,-33.290356520914997],[150.98455715909,-33.290681759434015],[150.98464876764001,-33.291194974798003],[150.98475973251999,-33.291396610983007],[150.98476720012999,-33.291560974958017],[150.98324445582,-33.293167961379986],[150.98265457807,-33.294210655938009],[150.98271124439,-33.294257766113006],[150.98144332263001,-33.29512167422498],[150.98218615817001,-33.295814760596997],[150.98447820090001,-33.296159512118997],[150.98581970682,-33.295937300250003],[150.98800546694,-33.295508780448017],[150.9891614686,-33.294336648247999],[150.98977904442,-33.293838914433991],[150.99035815657999,-33.29405929116799],[150.99066806715999,-33.294149220712008],[150.99067901967001,-33.294155828469009],[150.99113695522999,-33.294714629871983],[150.99142275296001,-33.294992206190017],[150.99184059039001,-33.295169960997995],[150.99259851554999,-33.295317675590013],[150.99349456931,-33.295499184854989],[150.99433646861999,-33.295491258183993],[150.99488374168999,-33.295511912202016],[150.99516793116999,-33.295254265252005],[150.99587878011999,-33.294868204640963],[150.99617014075,-33.294719750095013],[150.99620334942,-33.294711633247992],[150.99642638781,-33.294705114002987],[150.99708450604999,-33.294206560909004],[150.99710482,-33.294137649912031],[150.99787935393999,-33.293638474365999],[150.99781952549,-33.292326123979024],[150.99762036007999,-33.291077991668985],[150.99722443018001,-33.290194623856991],[150.99671935428,-33.289983888395007],[150.99651600397999,-33.289604699931012],[150.99667829518,-33.28913686383499],[150.99795135434999,-33.288976455982009],[150.99893757960001,-33.28876552104299],[150.99930247562,-33.288735690354024],[150.99956653467001,-33.288496252380995],[150.99966455143999,-33.288533546417007],[151.00026594600999,-33.28874360078499],[151.00030182341001,-33.288532161337002],[151.00008246495,-33.288214232534003],[151.00005905304999,-33.28801963673299],[151.00043104984999,-33.287642335908011],[151.00051837388,-33.287584106804005],[151.00057964788999,-33.287338679849],[151.00118078205,-33.286482976172998],[151.00163713200001,-33.285572191386983],[151.00230382345001,-33.284594892405998],[151.00241320217,-33.283874490761001],[151.00248597257999,-33.283445561080015],[151.00230363220001,-33.283003851159002],[151.00184499521001,-33.282614652887013],[151.00158493194999,-33.282185400932995],[151.00185740681999,-33.28200831438901],[151.00203308320999,-33.281936907068989],[151.00204556796999,-33.282210521713992],[151.00218751265001,-33.282827247812008],[151.00278518957001,-33.282831901285],[151.00282663925,-33.282821766898977],[151.00305962447999,-33.282843492873006],[151.00335376984,-33.282805346437009],[151.00354502759001,-33.282799188323004],[151.00354565647001,-33.283204156833001],[151.00342255787999,-33.284402921281],[151.00320504887,-33.284756622185014],[151.00242934311001,-33.286018008299997],[151.00216987095999,-33.287321028308988],[151.00139434504001,-33.287855376722],[151.00106465237999,-33.288058835133008],[151.00073106204999,-33.288792650844997],[151.00068167766,-33.288901285386991],[151.00034296999999,-33.289574721727995],[151.00010248688,-33.290029807760007],[150.99988560039,-33.290158383234996],[150.99982718724999,-33.290515835548995],[150.99968840450001,-33.29057755876201],[150.99968390836,-33.290595082068997],[150.99863525550001,-33.292210985463996],[150.99847129557,-33.292497040592004],[150.99854886727999,-33.292720848601007],[150.99945292216,-33.293826829734996],[150.99969866672001,-33.294535802763988],[150.99937615296,-33.295263054430002],[150.99928741162,-33.295384679742988],[150.99879225039001,-33.295553527209982],[150.99837823177,-33.296039030547007],[150.99829602771001,-33.296277924327001],[150.99772847599999,-33.296570573355986],[150.9956056195,-33.29681802365301],[150.99520680857,-33.297214249465988],[150.99511713839999,-33.297161931421996],[150.99426860742,-33.297148231549002],[150.99322726956001,-33.297232127923017],[150.99284057394999,-33.297124313678985],[150.99153688416001,-33.297598981903988],[150.99143398186999,-33.297655425649026],[150.99057392355999,-33.29750871214501],[150.98978109913,-33.297668530839999],[150.98938253508999,-33.298437477638991],[150.98923816374,-33.298475309678004],[150.98837456910999,-33.298793208247005],[150.98722013291001,-33.298702566368007],[150.98690210746,-33.29921188124402],[150.98666120406,-33.299265480123999],[150.98560671921999,-33.299418104037983],[150.98511793353001,-33.299579897051991],[150.98457858729,-33.300182143880996],[150.98469820470001,-33.300436974872021],[150.98459167125,-33.300556087383995],[150.98468649796001,-33.301762450321988],[150.98467398740999,-33.302367554323979],[150.98426808553,-33.303119639176991],[150.98389450567001,-33.303702715260975],[150.98348554130999,-33.304387705787015],[150.98321198939999,-33.304530845080002],[150.98284787109,-33.304441725003976],[150.98264355123001,-33.304347484724005],[150.98224557834001,-33.304393824628015],[150.98189212469001,-33.304539520956993],[150.98158014249,-33.304717482386998],[150.98130353991999,-33.304793526934986],[150.9800574798,-33.304665440560996],[150.97869157423,-33.304541176531004],[150.97831832759999,-33.304250767884035],[150.97830057569999,-33.304227603848005],[150.97830072253001,-33.304221312701017],[150.97828846646999,-33.304211802327984],[150.97776550248,-33.303529373880998],[150.97667013437001,-33.303194868486976],[150.97599860341001,-33.303384311597007],[150.97550055446999,-33.303870557414996],[150.97488265095001,-33.304360631200993],[150.97426474048001,-33.304850700722],[150.97298633962001,-33.304891550648001],[150.97215650784,-33.305119625071015],[150.97121593507001,-33.305552796321003],[150.9706303511,-33.305873844847994],[150.97012770243001,-33.306259429252009],[150.96998308886,-33.306599988692],[150.97002105977,-33.307438634188017],[150.97012070886001,-33.307872179142002],[150.97007592858,-33.308433587476017],[150.96945988237999,-33.308931096009999],[150.96851704726001,-33.309492726293996],[150.96801006243999,-33.310434867240993],[150.96779540219001,-33.310974459891987],[150.96790192357,-33.311033578498012],[150.96782788351999,-33.311136809130979],[150.96830228786001,-33.311894342707987],[150.96928850307,-33.312467568161992],[150.97002437642999,-33.312813615456001],[150.97133784117,-33.313544350671982],[150.97304892165999,-33.315102227934013],[150.97458807628001,-33.316396823279021],[150.97557093547999,-33.317776373834995],[150.97630839844001,-33.318155930099003],[150.97702912985,-33.318166481864999],[150.97717486777,-33.318732923654999],[150.97711626063,-33.319205120679001],[150.97820079631001,-33.32017826668099],[150.97958978817999,-33.320805719553007],[150.98109445040001,-33.320455220103],[150.98202294348999,-33.319753608132011],[150.98286388963999,-33.318886823631019],[150.98313019699,-33.317702491437991],[150.98312138028999,-33.316627750970021],[150.98325071849001,-33.315951721524009],[150.98366431170999,-33.315367369865015],[150.98445273316,-33.315106951663005],[150.98581728632001,-33.315197608206013],[150.98733098192,-33.315048303942994],[150.98778907241999,-33.314563295281978],[150.98784456857001,-33.314024003676003],[150.98770181987001,-33.313524663091002],[150.98748832026999,-33.313229158847989],[150.98770668047001,-33.312751834269015],[150.98849201410999,-33.312424300051006],[150.98910989839001,-33.311934159366004],[150.98941120540999,-33.311521359876977],[150.98927455764999,-33.311156203733994],[150.98894120118001,-33.310864545608005],[150.98895215594999,-33.310225899278997],[150.98937941955,-33.309943437938998],[150.99009092458999,-33.309752639725978],[150.99095459806,-33.30938898198],[150.99141875053999,-33.309038139907983],[150.99183530870999,-33.30852085072101],[150.99200757592999,-33.307910618904998],[150.99198466459001,-33.307407436243963],[150.99196022741,-33.306870706049999],[150.99187989295001,-33.306510829834011],[150.99223618606999,-33.306359624340018],[150.99224027295,-33.306067509381016],[150.9929592256,-33.305965174864987],[150.99326049398999,-33.305552365621992],[150.99342968959999,-33.304875040112996],[150.99397828798999,-33.304622260015002],[150.99578845228999,-33.303959407714999],[150.99746650834001,-33.303032014274983],[150.99798694668999,-33.302416524925],[150.99834433447,-33.302287003772008],[150.99884182068001,-33.302275138580995],[151.00002471972999,-33.301914810353985],[151.00082689669,-33.301532126943997],[151.00102588192999,-33.301508666986003],[151.00172506961999,-33.301997107943009],[151.00204528616001,-33.301972434823007],[151.00289942103001,-33.30189669746801],[151.00368050616001,-33.301909256281007],[151.00545434794,-33.301997404593024],[151.00693873118999,-33.302319476904017],[151.00790548046001,-33.301977094254006],[151.00919515013001,-33.301490756203002],[151.00991877491001,-33.300905864616986],[151.00994555650001,-33.300803606120006],[151.01022730253001,-33.300768082194999],[151.01050063929,-33.298967066835992],[151.01109357133001,-33.297932362771007],[151.01127938543999,-33.297328968456007],[151.01154169060001,-33.296842586984006],[151.01189140100999,-33.296711823443005],[151.01226021478001,-33.296998625398999],[151.01218365099999,-33.298434854941995],[151.01221367392,-33.299091027781998],[151.01230654448,-33.299565949696003],[151.01337481068001,-33.299591217170999],[151.01451411234001,-33.299614180844991],[151.01608509531999,-33.299742674216006],[151.01728177051001,-33.299465058435011],[151.01815329676,-33.298301836509999],[151.01948654637999,-33.297900304568003],[151.02175143199,-33.29764785148398],[151.02327598557,-33.298315416681],[151.02470488796999,-33.298448397071006],[151.02614748868999,-33.298879618537008],[151.02666919320001,-33.299062850487005],[151.02663809334001,-33.299199935581996],[151.02648652719,-33.299772375864002],[151.02660814612,-33.300097009315998],[151.02715847371999,-33.300416544171988],[151.02711958491,-33.300485199913027],[151.02777507958999,-33.301573355294003],[151.02722448411001,-33.301919251512992],[151.02685528063,-33.301832833006003],[151.02614744587001,-33.301282581292995],[151.02575630566,-33.300902976019998],[151.02484969651999,-33.300162900707008],[151.02449114749001,-33.300167330808002],[151.02373386939001,-33.29984544269999],[151.02366282809999,-33.299475463567987],[151.02310816983001,-33.299015488408976],[151.02256582813001,-33.298823943164017],[151.02128720089999,-33.29886529920401],[151.01987470448,-33.299090191210006],[151.01969714717001,-33.299872552899004],[151.01987476888999,-33.300643434145009],[151.01938845091999,-33.300898113866012],[151.01875868970001,-33.301127559205],[151.0182245485,-33.30111495082199],[151.01781746125999,-33.301546284529998],[151.01836390614,-33.301827328425006],[151.01837894259,-33.30215541329499],[151.01814260988999,-33.302431879574009],[151.01732430837001,-33.30242844939],[151.01718224374,-33.302433038035986],[151.01718162512,-33.302432006026002],[151.01667492531001,-33.302421805830974],[151.01629152507999,-33.302402069748993],[151.01606236313,-33.30240947033802],[151.01581441701001,-33.302404476352997],[151.01576347957001,-33.302419122242014],[151.01554562695,-33.302426157788013],[151.01479307017999,-33.302707558077024],[151.01396304484999,-33.302989961998001],[151.01380843019001,-33.303158526594004],[151.01376555906,-33.303170636176993],[151.01340187670999,-33.303322424441987],[151.01286152826,-33.303451991342996],[151.01061551345001,-33.303670169539011],[151.00888923343001,-33.305134469385003],[151.00803610652,-33.305453411833],[151.00534802729999,-33.304859987143992],[151.00357309201999,-33.303994244245992],[151.00155587502999,-33.304156317839997],[151.00056263792999,-33.305208319008997],[151.00094357291999,-33.305559905314993],[151.00101369228,-33.3062438141],[151.00204154022001,-33.306849040034997],[151.00405897754999,-33.30722083141],[151.00510535557001,-33.307355111185991],[151.00618402542,-33.307320366777994],[151.00727189122,-33.307486885052988],[151.00790028429,-33.308104935102989],[151.00867929304999,-33.308516559657015],[151.00953820794001,-33.308925603126987],[151.0109195723,-33.309384981839983],[151.01196594390001,-33.310392669844987],[151.01256488090999,-33.310510396807018],[151.01246623488001,-33.310648367759015],[151.01223619928999,-33.310655410748993],[151.01144082811001,-33.31064267611999],[151.01144191211,-33.310673377815007],[151.01004790753001,-33.310589360138998],[151.00938146055,-33.310535556612976],[151.00939775767,-33.310514505779992],[151.00861432549999,-33.309977036247993],[151.00788716905001,-33.309464324360988],[151.00715839429,-33.309023161283008],[151.00682024171999,-33.308898436261003],[151.00593750054,-33.308979702407008],[151.00589008921,-33.308992839761991],[151.00506397612,-33.308751640480992],[151.00363603970001,-33.308538747401997],[151.00335244327999,-33.308547876576007],[151.00310729069,-33.308480895965985],[151.00234198293001,-33.308397008848019],[151.00181200432999,-33.308597454755997],[151.0016657717,-33.308602161773024],[151.00087242894,-33.308783008766],[151.00046378805001,-33.308945878880998],[150.99974409001999,-33.308805683704996],[150.99950607388001,-33.308568086127998],[150.99929542257999,-33.308005341489995],[150.99894748372,-33.307136368834996],[150.99786543658999,-33.306394542614008],[150.99760451533001,-33.306423902577023],[150.99756218653999,-33.306367486133993],[150.99737498492999,-33.306287479303002],[150.99735656447999,-33.306289180085002],[150.99733777044,-33.306274563950005],[150.99698350323999,-33.306427501830008],[150.9967955688,-33.306499656998007],[150.99638406463001,-33.306555896283982],[150.99604991488999,-33.30671717646301],[150.99584559742999,-33.306917298450983],[150.99565881797,-33.307127608758982],[150.99539661623001,-33.307369017395999],[150.99527575159999,-33.307527029440003],[150.99514379132,-33.30804315984399],[150.99508805898,-33.308115147919985],[150.99494799588001,-33.308788729301021],[150.99480793068,-33.309462311599006],[150.99473969177001,-33.309542096344003],[150.99442965010999,-33.309904586500011],[150.99353766890999,-33.310315565634994],[150.99345442781001,-33.310987320954986],[150.99387836668001,-33.311547208063992],[150.99388044061999,-33.311592732870004],[150.99388087931999,-33.311602332305007],[150.99359625937001,-33.311876525711007],[150.99342231806,-33.312044091746998],[150.99301152146001,-33.312439834046003],[150.99300464436001,-33.312446459251994],[150.99248130981999,-33.313520264403977],[150.99170755973,-33.314121646458993],[150.99025247225001,-33.314840978792006],[150.99014275837999,-33.314940413268992],[150.98997172488001,-33.315095422203001],[150.98915330580999,-33.315837147904013],[150.98851846509001,-33.316706844358997],[150.98850689203999,-33.316722699308997],[150.98823114966001,-33.316849721554995],[150.98801537464999,-33.316895557415002],[150.98760160395,-33.31702830252199],[150.98716597273,-33.317149798402994],[150.98682981242999,-33.317268105132008],[150.98664312952999,-33.317387594865984],[150.98639792540001,-33.317628437449002],[150.98628223844,-33.317900970668013],[150.98623856066001,-33.318079163560014],[150.98611405130001,-33.318270769895022],[150.98616352156,-33.318641557753999],[150.98616091336999,-33.318675496633986],[150.98616800235001,-33.318675144571003],[150.98616802034999,-33.318675267689017],[150.98637580989001,-33.319176391720021],[150.98660855036999,-33.319443731962004],[150.98695253416,-33.319653742510006],[150.98791512253001,-33.320166509773998],[150.98817162379001,-33.320260018295016],[150.98851883097001,-33.320458097532999],[150.98859328495999,-33.320527096544005],[150.98882110145999,-33.320842381995],[150.98910499722999,-33.320982625528998],[150.98917773164001,-33.320978143550015],[150.98929819844,-33.321006299069005],[150.98947011349,-33.321000784618995],[150.98956389560001,-33.321054285061003],[150.98997363213999,-33.321288025933001],[150.99014048408,-33.322403442728003],[150.99014817567999,-33.322454862132993],[150.99010281503999,-33.322581503197007],[150.99009068437999,-33.32294032789499],[150.99002664195999,-33.32325302563099],[150.99014434131001,-33.323543357078989],[150.99012798832999,-33.323562274042985],[150.98913462644001,-33.324711386337007],[150.98883157393001,-33.325061946392985],[150.98852479106,-33.325158865596997],[150.98829213965001,-33.325203708370005],[150.98757412674999,-33.325342095490008],[150.98604720974001,-33.325002394544015],[150.98534280108001,-33.324489919387986],[150.98504552899001,-33.324069943286993],[150.98501608537001,-33.324036863813006],[150.98475904111999,-33.323748066633009],[150.98469646109001,-33.323677755520983],[150.98391531486001,-33.323536233718016],[150.98379832053999,-33.323548007435996],[150.98318036277999,-33.323610191942009],[150.98243454065999,-33.323846693874032],[150.98240736023999,-33.32385531298101],[150.98238963061999,-33.323878003428],[150.98202079878999,-33.324350077300991],[150.98202084253001,-33.324501116831996],[150.98202101183,-33.325080173281002],[150.98224418032001,-33.325589132026018],[150.98228022270001,-33.325671325901013],[150.98230429469001,-33.325726426757996],[150.98263130781001,-33.326474916569019],[150.98273376445999,-33.326709418691998],[150.98327353984999,-33.327705961611002],[150.98343267319001,-33.328169780398994],[150.98341822713999,-33.328300220117001],[150.98337244017,-33.328545420492013],[150.98319792832999,-33.329215308808998],[150.98294503312999,-33.330164893477011],[150.98298201855999,-33.33021287116901],[150.98297636667999,-33.330219958210002],[150.98296994200999,-33.33021188799701],[150.98264889007999,-33.330413330917004],[150.98243368159001,-33.330563594384003],[150.98210277675,-33.330798807593986],[150.98176926585001,-33.330976753209995],[150.9814628796,-33.331125153464015],[150.98143103685001,-33.331140174409008],[150.98137175054001,-33.331168139134014],[150.98124550106999,-33.331227693252025],[150.98073835296,-33.331468542397999],[150.98071280341,-33.331486321154998],[150.9801259134,-33.331514975506998],[150.97867055310999,-33.331561532394005],[150.97870195745,-33.331751691462998],[150.97980107462999,-33.332385609235992],[150.98064113620001,-33.332935610073001],[150.98059253926999,-33.333021642385027],[150.98066027498999,-33.333134172470992],[150.98074068412001,-33.333274975425013],[150.98079518191,-33.333346063916991],[150.98080172003,-33.333361604259977],[150.98143017583999,-33.334855772690986],[150.98157873728999,-33.336915784588008],[150.98150030539,-33.337041101000011],[150.98136521601,-33.337200746034],[150.98115831902001,-33.337503075752011],[150.98096563498001,-33.337804949057016],[150.98078770603999,-33.33811829841202],[150.98066997501999,-33.338416663930005],[150.9805671103,-33.338571411032],[150.98042667096999,-33.338826377757002],[150.980375544,-33.338899324868002],[150.98037960816001,-33.338911816209993],[150.98035407864,-33.338958166248986],[150.98037398388999,-33.339208433374999],[150.98041760045001,-33.339228543121003],[150.98045370782,-33.339227386608016],[150.98074538984,-33.340123605534011],[150.98050055325999,-33.340114802677],[150.98040207578001,-33.340121144325018],[150.98038473240999,-33.340197363969004],[150.98053914236999,-33.340400315327003],[150.98073391758001,-33.340551793343003],[150.98090213505,-33.34068261558599],[150.98097838599,-33.340754820561003],[150.98103493849001,-33.340785897119986],[150.98111346332001,-33.34085837027299],[150.98105020181001,-33.341622969928999],[150.98105447334001,-33.341630501085],[150.98104830659,-33.341705044121007],[150.98169337483,-33.342842462335987],[150.98290636102999,-33.343613466163994],[150.98343069745999,-33.343559261080017],[150.98359859458,-33.343635820983991],[150.98390295551999,-33.343755111358],[150.98400371043999,-33.343802263941015],[150.98412007645999,-33.343834184214025],[150.98456487096999,-33.343848612377023],[150.98543284358001,-33.343777800296998],[150.98615452272,-33.343682993594001],[150.98680341415999,-33.343490153334997],[150.98738081760999,-33.343227913965009],[150.98790574341999,-33.342938680175003],[150.98823054045999,-33.342756218787017],[150.98853164548001,-33.342803916471993],[150.98859324188001,-33.343031338462986],[150.98872241520999,-33.343242257935003],[150.9888105764,-33.343490335806003],[150.98897386586,-33.343700161149009],[150.98992863545001,-33.344035148987011],[150.98992114578999,-33.344070520617002],[150.98897285477,-33.343955397411023],[150.98722436138999,-33.344060282617995],[150.98640798222999,-33.345046253176001],[150.98620983175999,-33.34568930786299],[150.98615141895999,-33.345706471298996],[150.98584625888,-33.345356002572004],[150.98535744539001,-33.345500696185006],[150.9850422001,-33.346457058991],[150.98466854306,-33.347443966462009],[150.98421564970999,-33.348003288826995],[150.98323675774,-33.34913502868099],[150.98210003533001,-33.349942037661016],[150.98207453155001,-33.350187790299998],[150.98251117607001,-33.350531044337004],[150.98310079468999,-33.350841938437988],[150.98305682728,-33.351440733933003],[150.98205570230999,-33.352906509257991],[150.98281943681999,-33.354526162210988],[150.98284160797999,-33.354606601179988],[150.98297696806,-33.354953533222009],[150.98320712047999,-33.355348296228996],[150.98327673860001,-33.355495931914007],[150.98331891315999,-33.355548337499997],[150.98360020125,-33.356073398576996],[150.98386611482999,-33.356473498424975],[150.98424455104001,-33.356905837978992],[150.98480863015001,-33.357475605785993],[150.98503792810001,-33.357612267851003],[150.98615991034001,-33.358629499790005],[150.98629374651,-33.358845580748977],[150.98649465841001,-33.359235270643012],[150.98674510175999,-33.35985809035401],[150.98684343254999,-33.360141685576011],[150.98709335272,-33.360377411537002],[150.98712994632999,-33.360371158261003],[150.98724737497,-33.360625777259997],[150.98855950433,-33.361300593757996],[150.98980256216001,-33.361376324361011],[150.99004213263001,-33.361471039837014],[150.99085220246999,-33.361791297883997],[150.99270240467001,-33.361535115288994],[150.99394012963,-33.362153977840002],[150.99369069119001,-33.363276448752003],[150.99352961216999,-33.363465604345024],[150.99256615608999,-33.364178560858001],[150.99228569369001,-33.364263473888997],[150.99180791104001,-33.364176199930014],[150.99133341538001,-33.364191419709996],[150.99088623538,-33.364126905182999],[150.99038097091,-33.364100097481007],[150.98997056227,-33.364087203772002],[150.99041931891,-33.363919627600012],[150.99094568863001,-33.363753399595005],[150.99019405561,-33.362881421974009],[150.98877230525,-33.362927005876003],[150.98787692188,-33.362806358523997],[150.98722712545,-33.364171304610991],[150.9878733155,-33.364514372492998],[150.98791005837001,-33.364604494591987],[150.98799068567999,-33.364874318271994],[150.9884104667,-33.365463033858006],[150.98827993308001,-33.366090137918995],[150.98825112562,-33.366091588364007],[150.98788334964999,-33.366110097521997],[150.98786291989001,-33.366111124485002],[150.98778297897999,-33.365941936317],[150.98749162728001,-33.365922598018997],[150.98732491992999,-33.366013963551993],[150.98712669458001,-33.366163687392017],[150.98691466477999,-33.366385539856005],[150.98666932614,-33.366783496725006],[150.98659020026,-33.366835768001998],[150.98663882387001,-33.366903027666972],[150.98662371110001,-33.367126061609],[150.98678769086001,-33.367350206032015],[150.98699699494,-33.367443861624004],[150.98703373613,-33.367449293350994],[150.98719801551999,-33.36767653387799],[150.98747213002,-33.367796562686991],[150.98707182453001,-33.368311560064001],[150.98713682636,-33.36830226037501],[150.98683038451,-33.368466590141985],[150.98650051709001,-33.368549401958994],[150.98613101107,-33.368690271711991],[150.98590321085999,-33.368941302109008],[150.98594306942999,-33.369441829332999],[150.98596962191999,-33.369485301478001],[150.98592222497001,-33.369573058123002],[150.98577716244,-33.369672072035996],[150.9855440426,-33.369916422631],[150.98551558392001,-33.370164097453006],[150.98514470178,-33.370463471746994],[150.98486433795,-33.370783402935984],[150.98467008955001,-33.371314693502008],[150.98458778100999,-33.371411094183017],[150.98441290132001,-33.371615912368],[150.98454009983001,-33.372018813239009],[150.98500629092001,-33.372084094200005],[150.98515020279001,-33.372104245153992],[150.98536764022001,-33.372514256133009],[150.98519222723999,-33.373666854681993],[150.98512188692001,-33.374624924315988],[150.98588083877999,-33.375030738864993],[150.98620220814001,-33.375412826730987],[150.98574980385001,-33.376169987472998],[150.98664458832999,-33.375938782498991],[150.98666368350001,-33.375961484067005],[150.98957932523999,-33.377445157940997],[150.99077493783,-33.37837441890602],[150.99076308967,-33.378446136321017],[150.99069256793999,-33.378872960314993],[150.99088266761001,-33.379455045561997],[150.99157160637,-33.379166489601012],[150.99167105225001,-33.379124837244987],[150.99206394267,-33.379468291663997],[150.99267842322001,-33.380452190348002],[150.99319433459999,-33.380937141900013],[150.99295455340001,-33.381390280022998],[150.99296358007999,-33.381451733024001],[150.9929526672,-33.381472356123012],[150.99308998358001,-33.382407168666994],[150.99355703825,-33.382814408305997],[150.99419883785001,-33.382456799692001],[150.99439183441001,-33.382349261663997],[150.99472336845,-33.38282391616],[150.99495870112,-33.38673522284099],[150.99471718626,-33.390183918040002],[150.99569487098,-33.391634059525984],[150.99672539746001,-33.391744348532995],[150.99765727134999,-33.392098496490007],[150.99779016964001,-33.392222318876989],[150.99803988539,-33.392450863401024],[150.99823117487,-33.39270995905401],[150.99911451183999,-33.393270281279996],[150.99905040050999,-33.39335805353101],[150.99908910802,-33.393384561174003],[150.99904852103001,-33.393440127174991],[151.00104816115001,-33.394809602034996],[151.0057393701,-33.395232229784995],[151.00587395414999,-33.394693704478996],[151.00587788097999,-33.394677986939008],[151.00618965216,-33.394696930997007],[151.00618562363999,-33.394761463379986],[151.00674624165001,-33.395496130272022],[151.00760448772999,-33.395886676181],[151.0080382166,-33.395880457863996],[151.00915422348001,-33.396071552176025],[151.01034467474,-33.396552550779006],[151.01160323587001,-33.396927012942989],[151.01160012251,-33.396929930488994],[151.01162425292,-33.396933267098014],[151.01167912592001,-33.396949591495002],[151.01168901849999,-33.396942219823998],[151.01235699355999,-33.39703457338701],[151.01236203049999,-33.397035198277997],[151.01268394136,-33.397193735381997],[151.01282998206,-33.397069717397002],[151.01301671937,-33.397070658969],[151.01329767870001,-33.397047264062998],[151.0136803897,-33.396819866124012],[151.01395741511001,-33.396524185659004],[151.01410807853,-33.396082038177006],[151.01425972142999,-33.395847750135999],[151.01448816798001,-33.395424601312001],[151.01449372100001,-33.395401368912005],[151.01520540065999,-33.39522750219399],[151.01591186260001,-33.395517791982002],[151.01652366947999,-33.396545446764968],[151.01657033785,-33.396635162343998],[151.01662748429001,-33.39678933002201],[151.01678954481,-33.396909174906007],[151.01680424131999,-33.397229674995998],[151.01779219571,-33.397651811655003],[151.01924842004999,-33.397724281639],[151.02087312985,-33.397743503778997],[151.02122978431001,-33.397445236662016],[151.02199124838,-33.397277263804007],[151.02248030913,-33.397380940460025],[151.02337638033001,-33.397662627313984],[151.02347596689,-33.397970052202986],[151.02460111732,-33.398397330075014],[151.02459224224,-33.398453307197016],[151.02462442176,-33.398595638901995],[151.02477410277001,-33.398691161782978],[151.02508660651,-33.398982144428004],[151.02545995096,-33.39931150060201],[151.02579241481001,-33.399671716484001],[151.02586237699001,-33.399666509493024],[151.02587049165999,-33.399673667563022],[151.02604413174001,-33.399732570531008],[151.02617313036001,-33.399749905007987],[151.02624411853,-33.399761677794999],[151.0262978252,-33.399862160795998],[151.02749046968,-33.400397081611011],[151.02901251083,-33.401279763721007],[151.02945558955,-33.401002571788005],[151.02959553335,-33.400328962247023],[151.02960178500999,-33.400069228029992],[151.03021200991,-33.399675420947005],[151.03023281665,-33.399661994060999],[151.0302606063,-33.39979686354399],[151.03040475355999,-33.400143464744986],[151.03044336873,-33.400275617309021],[151.03046284726,-33.400342277623999],[151.03049605624,-33.40045593311801],[151.03046329842999,-33.400858439087997],[151.03029273602999,-33.401609509645006],[151.03083719425001,-33.40180768892202],[151.03082571082999,-33.401881600025995],[151.03184053375,-33.402291388081991],[151.03186249185001,-33.402170727881995],[151.03201966653,-33.401990883399016],[151.03216115839001,-33.402093831529001],[151.03259314261001,-33.402194539343995],[151.03270573907,-33.402126171849993],[151.03280917674999,-33.402127811523989],[151.03293632553999,-33.402290935577007],[151.03345720217999,-33.402959178855994],[151.0342505017,-33.403172432549987],[151.03454597006001,-33.403401815403022],[151.03509602147,-33.404519036182009],[151.03515182652001,-33.404685980359005],[151.03513986431,-33.404785953831002],[151.03501093976001,-33.405141399919003],[151.03485999451999,-33.405390029613002],[151.03479571713001,-33.405664523055997],[151.03475704093,-33.405938187865004],[151.03480465266,-33.40609952162999],[151.03478276375,-33.406167470034994],[151.03523989767001,-33.406711548435979],[151.03546986689,-33.406861979297993],[151.03551092610999,-33.406903037444017],[151.03580279440001,-33.407115806681013],[151.03588428427,-33.407456490271009],[151.03581453304,-33.407722744618006],[151.03539194035,-33.409433920906999],[151.03555889858001,-33.410532802833004],[151.03553235787999,-33.410897000105003],[151.03563745504999,-33.411049840373011],[151.03580075081001,-33.412124572130985],[151.03663702361001,-33.412889384185014],[151.03672942104001,-33.412955264278004],[151.03693000349,-33.413144547049001],[151.03695046761999,-33.413165948524018],[151.03706807827001,-33.413659369505005],[151.03706339436999,-33.413726045896993],[151.03704268141999,-33.413826321637984],[151.03705529430999,-33.413841330543995],[151.03703623918,-33.414112529507008],[151.03722254149,-33.414307377588003],[151.03723386082001,-33.414354871056993],[151.03697505760999,-33.414934708170996],[151.03648726166,-33.415750131763993],[151.03600267940999,-33.416422446591987],[151.03568354683,-33.417598429960002],[151.03544963365999,-33.418238920621008],[151.03546591689999,-33.418253099772983],[151.03472684433001,-33.419939651307985],[151.0346116675,-33.42022296361101],[151.03459634996,-33.420351778235997],[151.03458411995999,-33.420367228224997],[151.03453327271001,-33.420562430649987],[151.03455891988,-33.420747985955991],[151.03466959913001,-33.420923618620016],[151.03481525901,-33.421097791668011],[151.03484540996001,-33.421195139958982],[151.03486914758,-33.421271781344991],[151.03504675919001,-33.421213423316985],[151.03528755862001,-33.421134301255016],[151.03533742741999,-33.421131376463002],[151.03566179805,-33.421120863584989],[151.03602130166001,-33.421130718826007],[151.03645663867999,-33.421116606930994],[151.03799642555001,-33.421138371615008],[151.03797489221,-33.42111708818701],[151.03845612552001,-33.421185427720992],[151.04062474316001,-33.421541820402005],[151.0424891079,-33.42214389332802],[151.04378521164,-33.423345388615992],[151.04419500564001,-33.424103422596012],[151.04547672232999,-33.425948872968995],[151.04650569408,-33.427647175855007],[151.04716887591999,-33.428457443876006],[151.04747306350001,-33.429189437809008],[151.04799163345999,-33.430419939515005],[151.04818289159999,-33.430858183275014],[151.04819857013999,-33.430900275382015],[151.04841972545,-33.431757265601007],[151.04886906316,-33.432659064673011],[151.04908666119999,-33.433022430547986],[151.04949357493001,-33.43295401404599],[151.05004784289,-33.433384035098015],[151.05050229909,-33.433966648237003],[151.05088285644999,-33.434491924993999],[151.05080807606001,-33.435117065992991],[151.05175263633001,-33.435573814823009],[151.05323697652,-33.435869613729992],[151.0560649363,-33.436006946086991],[151.05751828832999,-33.436002617987988],[151.05952913557999,-33.435851067685014],[151.06049794016999,-33.436091896472995],[151.06095580074,-33.436338110176017],[151.06083499222001,-33.436352823736996],[151.06173633549,-33.437350950115004],[151.06261998647,-33.43796731666901],[151.06348183308,-33.43872776284698],[151.06454180018,-33.439457843649024],[151.06551897444999,-33.440859699260969],[151.06608036218,-33.442514081123008],[151.06638541960001,-33.444133248797002],[151.06633652369999,-33.44429339797599],[151.06622469941999,-33.444954182716998],[151.06632355834,-33.445548351130995],[151.06636512163999,-33.446443086858999],[151.06609618981,-33.447557046481002],[151.06609662989999,-33.448333645472992],[151.06613957907999,-33.449258204884011],[151.06622503208001,-33.450330725958999],[151.06729560490001,-33.451132126989009],[151.06814810498,-33.451074417991975],[151.06890259213,-33.450418056091998],[151.06952450911001,-33.450382805655998],[151.07005087668,-33.450054962306012],[151.07043970776999,-33.448608508514006],[151.07066552085999,-33.447334648850997],[151.07087507208999,-33.446324176629986],[151.07124356925999,-33.445666944507003],[151.07187597709,-33.445168356144002],[151.07226444085001,-33.444940592018995],[151.07255863949001,-33.444524744277984],[151.072972935,-33.443627051084995],[151.07277179945001,-33.442367145329008],[151.07130552513999,-33.441483144890007],[151.06993425722999,-33.440189791717003],[151.06970687341999,-33.439868809004004],[151.06987475171999,-33.43926679477601],[151.07031553082001,-33.439168593450987],[151.07077423153001,-33.439511985620001],[151.07255572490999,-33.440065481588022],[151.07356015396999,-33.440089984993989],[151.07394420900999,-33.43952303881801],[151.07418810030001,-33.438884208548991],[151.07424452398001,-33.438136810287993],[151.07441922148999,-33.437481127843007],[151.07553077518,-33.437517739189005],[151.07578750402999,-33.441185267614983],[151.07706559786999,-33.442093158106999],[151.07722482013,-33.442385188474006],[151.07744574653,-33.442790388022011],[151.07810191300001,-33.443213549273004],[151.07858528374999,-33.444106745951004],[151.07899369021999,-33.444552174121014],[151.07901508911999,-33.444564072898991],[151.0791274154,-33.444772744734998],[151.07957558523,-33.445092609041005],[151.08017753935999,-33.445531693721989],[151.08095604792999,-33.446089249433001],[151.08162037043999,-33.446765243164002],[151.08217263554999,-33.447483141032997],[151.08287405293001,-33.448831779068009],[151.08322341495,-33.449599333995998],[151.08386882965999,-33.450541181662011],[151.08467597267,-33.451649774104006],[151.08577841338999,-33.45236634146999],[151.08612548708999,-33.452248050667016],[151.08633684373001,-33.452378762503002],[151.08676542702,-33.452766154121996],[151.08694710137999,-33.453238111981001],[151.0871605438,-33.453585376533994],[151.08706843229999,-33.454109629644996],[151.08676756266999,-33.454646405822011],[151.08719822150999,-33.455393363511007],[151.08743381951999,-33.455951568261987],[151.08758553739,-33.456707675344987],[151.08765246395001,-33.457642200971996],[151.08767653788999,-33.458656190364998],[151.08799462869001,-33.459484898276983],[151.08843169369001,-33.460368245689011],[151.08850549502,-33.460951272476997],[151.08840241953999,-33.461735255555986],[151.08838687328,-33.462399276895994],[151.08832027860001,-33.462967396199012],[151.08831432631001,-33.463338376423017],[151.08839499173001,-33.463569908987978],[151.08880385865001,-33.463849216897984],[151.08930390018,-33.464086499502002],[151.08940508520999,-33.464258811756018],[151.08952266086999,-33.464781856952008],[151.08975417392,-33.465750007592987],[151.08962239313001,-33.466417843454018],[151.08932969048001,-33.467129991385995],[151.08941855584999,-33.467536888977001],[151.0898470521,-33.467737488488986],[151.09045334581,-33.467756614011996],[151.09114716952999,-33.467655772207024],[151.09147811956001,-33.467761994613994],[151.09224030605,-33.468127263825998],[151.09250502259999,-33.468232174948],[151.09288063641,-33.469005644544993],[151.09290596071,-33.469149190740005],[151.09304048672001,-33.469385431794997],[151.09297279531,-33.47001040626899],[151.09276344254999,-33.471020912640995],[151.09292587407,-33.471445701611998],[151.09341431555001,-33.471525239563043],[151.09354596123001,-33.471412194952009],[151.09359672259001,-33.471630588365002],[151.09454991946001,-33.472398740462985],[151.09457100799,-33.472411566037003],[151.09476918191999,-33.472834819789],[151.09625883982,-33.474506362907015],[151.09775606894999,-33.475424916757007],[151.09972052974001,-33.475360296294006],[151.10173684687999,-33.474577057819005],[151.10307656532001,-33.473959442599991],[151.10388666476001,-33.472601350550001],[151.10510562805999,-33.471860740254009],[151.10710406262999,-33.470780096136018],[151.10827828096001,-33.469999809847991],[151.10830395843999,-33.469898660443],[151.10869203874,-33.469796789349019],[151.10912826261,-33.46937397523201],[151.10928196108,-33.468851410987028],[151.10896349522,-33.468751708652015],[151.10902845272,-33.468637600180998],[151.10845076644,-33.468377861947992],[151.1084697261,-33.468344555423997],[151.10853856521999,-33.468223626879009],[151.10935395432,-33.467372320048987],[151.11021034647999,-33.466483811308002],[151.11019582111999,-33.466451573410971],[151.11029197350001,-33.466395975663005],[151.11061389225,-33.466509635300014],[151.11110130974001,-33.466350050598017],[151.11106052456,-33.466292387510997],[151.11102320401,-33.466239621521026],[151.11104360823001,-33.466237270764005],[151.11193326124001,-33.46575388826399],[151.11218468598,-33.465497150912995],[151.11237883851001,-33.465480729387998],[151.11238708027,-33.46548003305],[151.11324342309001,-33.464591501939999],[151.11407051005,-33.463990684799008],[151.11443293359,-33.463512741450003],[151.11434562599999,-33.463371912558998],[151.11433708029,-33.46335813036999],[151.11492315212001,-33.463153323204992],[151.11552927379,-33.462946915550994],[151.11695656206999,-33.462742039946001],[151.11865644397,-33.462513800411998],[151.11959110728,-33.462382534516983],[151.12028126224999,-33.462144643765001],[151.12096534519,-33.461777911897009],[151.12168492996,-33.461438677165006],[151.12219056942999,-33.461278569247987],[151.12266541998,-33.461191167069011],[151.12320432090999,-33.461374061263008],[151.12325129372999,-33.461644924710001],[151.12326680679999,-33.461974178709994],[151.12354120897001,-33.462352213616022],[151.12463611151,-33.462717426453985],[151.12592990693,-33.462947000882011],[151.12716686428001,-33.463422189073],[151.12781299458001,-33.463701873877021],[151.12891738643,-33.464267465372977],[151.12912504753999,-33.46431793173501],[151.12950910532999,-33.464118812217016],[151.12948426630001,-33.464071242172011],[151.12980306557,-33.464178582947007],[151.13036556783001,-33.464497245227015],[151.13040955598001,-33.464656877828993],[151.13041597936001,-33.465114363908981],[151.13038108539999,-33.465164597524982],[151.13167922949,-33.465829362852006],[151.13188922232001,-33.465915336472001],[151.13198300021,-33.466112783600011],[151.13289011732999,-33.466907115829976],[151.13364082678001,-33.467407929962008],[151.13403035431,-33.467203834991984],[151.13455139599,-33.467379918579006],[151.13433009961,-33.467815192849997],[151.13454698874,-33.467879683943011],[151.13522203745001,-33.468287414190009],[151.13584353863001,-33.468768606616997],[151.13686655484,-33.468997502025012],[151.13713361773,-33.468916946674028],[151.13737177881001,-33.468526696025002],[151.13780457108999,-33.468333100131979],[151.13812461568,-33.468167143474993],[151.13832232703999,-33.467826029071993],[151.13822932283,-33.467543113159977],[151.13848905075,-33.467348878487989],[151.13902428750001,-33.466948606915011],[151.13841489549,-33.46626534254699],[151.13819324843999,-33.466298213799973],[151.13840217895,-33.466198424840996],[151.13887709098,-33.465991477616001],[151.13925349423999,-33.465811699641996],[151.13968683183001,-33.465630025061998],[151.13865807752001,-33.465580567434017],[151.13861137229,-33.465105089417001],[151.13869291889,-33.465058657108997],[151.13870502003999,-33.465065052675008],[151.13910252891,-33.465275172313994],[151.13959831327,-33.465163254539021],[151.13956054949,-33.464954229976001],[151.13944530415,-33.464766983274998],[151.13937347906,-33.464650283552004],[151.13985518919,-33.464668577497996],[151.14052245894001,-33.464610559669993],[151.14068930681,-33.464521375632017],[151.14069394513999,-33.464318102500016],[151.14116501229,-33.463728931391998],[151.14152361794001,-33.463172568529991],[151.14203948444001,-33.463314800048977],[151.14211171598001,-33.463010821319983],[151.14212439308,-33.462574793045015],[151.14179630547,-33.462541026133991],[151.14155360593,-33.462610388279003],[151.14151918045999,-33.462175839416005],[151.14100153176,-33.461754491473002],[151.14097496705,-33.461607465227992],[151.14076265034001,-33.461686966074005],[151.14075961533999,-33.461671182746016],[151.14008279429001,-33.461402659106],[151.14024436297001,-33.460989855713997],[151.14038753753999,-33.460038797746996],[151.13978578705999,-33.458166203457999],[151.13915366123999,-33.457097533034997],[151.13867832742,-33.456812229986021],[151.13721802832001,-33.456315901041982],[151.13632606446001,-33.455901049214987],[151.13614366474999,-33.455851613084988],[151.13565779453,-33.455319421735993],[151.13550442735999,-33.454505884120998],[151.13558176655999,-33.45355266031401],[151.13606206008001,-33.452390757779021],[151.13671650811,-33.45240059952301],[151.13692322029999,-33.453381954588011],[151.13721938276001,-33.45417377839901],[151.13757858485999,-33.454680232040005],[151.13867915641001,-33.455126242692998],[151.13881962332999,-33.455163878994],[151.13884362094001,-33.45519791707801],[151.13926025468999,-33.455681366775003],[151.13979632445,-33.455904153660995],[151.14087559583999,-33.456015789910985],[151.14117579321001,-33.456229298968999],[151.14154057968,-33.45658961906102],[151.14168044472001,-33.456982251403993],[151.14205380604,-33.457097420353996],[151.14271311906001,-33.458169236607986],[151.14335540825999,-33.458751495831009],[151.14339879804999,-33.458748513850992],[151.14351345788,-33.458898413995001],[151.14412689996999,-33.458964866335997],[151.14483262432,-33.458975432853016],[151.14519686982001,-33.458980885514976],[151.14576640886,-33.458970320985991],[151.14601885764,-33.458878660514998],[151.14634163464001,-33.458692609620009],[151.14641480678,-33.458464652156998],[151.14641927475,-33.458254751442013],[151.14642252703999,-33.458102098797006],[151.14651520973999,-33.458027133258994],[151.14645382167001,-33.457701723979014],[151.14650138061,-33.457606995934],[151.14659366206999,-33.457551111718004],[151.14675788975001,-33.457324513457998],[151.14678593514,-33.457076792196986],[151.14670218680999,-33.45673195757098],[151.14641233963999,-33.456441307017016],[151.1460733065,-33.456321706678992],[151.14594773457,-33.456450506120014],[151.14560295573,-33.456136715870997],[151.14509939049,-33.455723563520998],[151.14496981682001,-33.455125130118986],[151.14495660575,-33.45440913862199],[151.14551249319999,-33.453701665214005],[151.14548199792,-33.452460501187012],[151.14520049706999,-33.450976980347995],[151.14479147099999,-33.448799617261002],[151.14395159639,-33.448142828838009],[151.14296845338001,-33.447531606305006],[151.14320166904,-33.447272642161991],[151.14497691942,-33.446774310081992],[151.14610028019999,-33.446146904227035],[151.14697567365999,-33.445134023970994],[151.14699613481,-33.445118934659028],[151.14732876129,-33.44565186046399],[151.14781102499001,-33.446053991225973],[151.14830318725001,-33.446664884267008],[151.14840825896999,-33.447378281448017],[151.14931603769,-33.44773636162099],[151.15095395246999,-33.447711659028016],[151.15181909459,-33.447921791549],[151.15233858937,-33.447605766820033],[151.15285828597999,-33.446542965700004],[151.15385903941001,-33.445105670802],[151.15449834959,-33.443560939746007],[151.15510206670001,-33.442017392811991],[151.15496721981,-33.440677705236013],[151.1543313391,-33.440041759918998],[151.15342361808999,-33.439683712268014],[151.15284738103,-33.439553575506991],[151.15232106956,-33.438973707676006],[151.15181032619,-33.438721898434991],[151.15145177284001,-33.438674108273993],[151.15094238212001,-33.438668618705002],[151.14965992377,-33.438061225951984],[151.14975991444001,-33.437475495648982],[151.15136767864999,-33.43758129194601],[151.15189937024999,-33.437692968821011],[151.15268754050999,-33.437722121432017],[151.15368309863999,-33.437704861952],[151.15428301566999,-33.43797205071499],[151.15502033121001,-33.438089035332005],[151.15502921467001,-33.438302798892991],[151.15545001928001,-33.438329841504007],[151.15566489871,-33.438168413552013],[151.15687593265,-33.438104867673019],[151.15746082843,-33.437667153186986],[151.15780962688001,-33.436759381878986],[151.15756645587999,-33.436140213404002],[151.15707447093999,-33.435882391275001],[151.15653760552999,-33.434958686968976],[151.15625477449001,-33.434268700007003],[151.15622540915999,-33.433764907543001],[151.15737209760999,-33.433547936809987],[151.15804757782001,-33.432934613222983],[151.15810827633999,-33.432976037374019],[151.15807952044,-33.432980641500002],[151.15807943844001,-33.433368280648985],[151.15827878126001,-33.433671734553997],[151.15911554524999,-33.433767837874996],[151.15916015041,-33.433797145840998],[151.15916902882,-33.433876259852013],[151.15977499834,-33.434632663611985],[151.16067418662999,-33.43481172262198],[151.16200744165999,-33.434378850966986],[151.16290249578,-33.43372164803899],[151.16334079692999,-33.433199188734022],[151.1633209414,-33.432781660343991],[151.16320300109999,-33.431799862268015],[151.16282036394,-33.431245105356005],[151.16246412702,-33.43122156623398],[151.16248090009,-33.43118476728101],[151.16257356105001,-33.431100622171009],[151.16291803595999,-33.430787807234985],[151.16340753905999,-33.430293508092007],[151.16341566802001,-33.430275670909985],[151.16371722746001,-33.429614044076004],[151.16369453414001,-33.429136868977004],[151.16294799699,-33.428042002358985],[151.16289798913999,-33.427968658852002],[151.16246786969,-33.427313928460009],[151.16179886841999,-33.426722149026006],[151.16163486355001,-33.426577072642004],[151.16074042894999,-33.425746677748002],[151.15973219854001,-33.424920078525993],[151.15958111525001,-33.424678031145994],[151.16011645216,-33.42409352786499],[151.15996630959,-33.423632558399987],[151.15869186194999,-33.423675126238003],[151.15869218188999,-33.423648686552013],[151.15729409639999,-33.423119724799001],[151.15468613504001,-33.422081645721015],[151.15273989900001,-33.421178439863994],[151.15249362540999,-33.421159577138006],[151.15245035634999,-33.421087503280994],[151.15145518158999,-33.420833924099],[151.15039331371,-33.420976857882003],[151.15038275094,-33.420997890927005],[151.15035983205999,-33.420996134663007],[151.14742745727,-33.421669482315998],[151.14597400822001,-33.421540019707003],[151.14567024644001,-33.421435291336003],[151.14531865043,-33.421231927136006],[151.14462224260001,-33.420968349109003],[151.14366976751,-33.420713288309003],[151.14289027164,-33.420500260155002],[151.14247726812999,-33.42020334551799],[151.14212116939001,-33.419904533036991],[151.14161942983,-33.419538877689],[151.14106576152,-33.419613362839002],[151.13968384171,-33.418918126941016],[151.13814870029,-33.418785996201997],[151.13723335843,-33.419466503252991],[151.13683427076,-33.419223163529999],[151.13575958472001,-33.419999655850994],[151.13481587474999,-33.420532824479004],[151.13479900396999,-33.420542093365],[151.13474656804999,-33.420560011480994],[151.13542507488,-33.420011085740001],[151.13587985563001,-33.419210496392985],[151.13634560554999,-33.417896248775008],[151.13655667756001,-33.416211158654995],[151.13652761518,-33.415325191678008],[151.13761926916999,-33.414538112088998],[151.13797261728001,-33.414610216915008],[151.13852048219999,-33.416104046068],[151.14037197853,-33.417595773093012],[151.14370031911,-33.418679886600017],[151.14761356047001,-33.419326241108998],[151.14852552561999,-33.419027022209981],[151.14911316371001,-33.418648993178991],[151.15062719941,-33.418429693420002],[151.15063824998001,-33.418516321713007],[151.15059254977999,-33.418841104706004],[151.15162304841999,-33.418497019641983],[151.15136377483,-33.417947908696988],[151.15110070195999,-33.417573168231002],[151.15155600167,-33.417581830150013],[151.15115794828,-33.416698974401001],[151.15036587984,-33.415769510513989],[151.14965885703,-33.415882689286001],[151.14797480989,-33.416416624914987],[151.14796935958,-33.416414569501001],[151.14731715210999,-33.41614736474299],[151.14735375721,-33.416085352262989],[151.14409997688,-33.413565055613994],[151.14384937245001,-33.411862315461008],[151.14390912319001,-33.411301749432994],[151.14392002670999,-33.410789379191989],[151.14414678522999,-33.410390070109003],[151.14470744089999,-33.40968457383201],[151.14528601622001,-33.409162391552016],[151.14584159825,-33.408694775597027],[151.14651793364001,-33.407679818083992],[151.14688374325999,-33.406898181482994],[151.14693943146,-33.406331566477],[151.14696219426,-33.406315847469997],[151.14642481423999,-33.404710085082009],[151.14643651499,-33.404159394248992],[151.14685060542001,-33.403968151676004],[151.14667473704,-33.402510333436993],[151.14625677394,-33.401956707927006],[151.14569376309001,-33.401348167115984],[151.14555179894001,-33.400606122462996],[151.14527890234001,-33.400107402853983],[151.14486942866,-33.399732715277985],[151.14446136852999,-33.399387851155993],[151.14447999068,-33.399028779063983],[151.14403753042001,-33.398948119989001],[151.14386306880999,-33.398600287465001],[151.14360680281001,-33.398150497746997],[151.14353256705999,-33.398265517229987],[151.14340070014001,-33.398105502685993],[151.14315728929,-33.397421836071004],[151.14274977882999,-33.396520985992993],[151.14262663551,-33.395624393531989],[151.14253629794001,-33.39534005802701],[151.14256189183999,-33.395325174982993],[151.14282205297999,-33.395329071300004],[151.14283819920999,-33.395329311942994],[151.14348605468999,-33.395339010218997],[151.14470123724001,-33.395716303901992],[151.14489897634999,-33.395777700093014],[151.14491820059999,-33.395780597523007],[151.14537018710999,-33.395848702182008],[151.14532870027,-33.395902236646982],[151.14558289307999,-33.395977557550005],[151.14639570046,-33.396008660474962],[151.14637497293,-33.396000096555994],[151.14644410214001,-33.396010511740975],[151.14709643853001,-33.396108797503999],[151.14717553221999,-33.396005169901997],[151.14768161508999,-33.395342088931002],[151.14805984042999,-33.394274036436002],[151.14773983089,-33.392599057208997],[151.14696546580001,-33.392229591194976],[151.14598291095999,-33.391618410169983],[151.14536593711,-33.390535486920008],[151.14489300251,-33.390373725274991],[151.14469801176,-33.390090103774988],[151.14392741651,-33.389607952700011],[151.14287382020001,-33.38916508911997],[151.14250278226999,-33.388848856932007],[151.14199706625001,-33.388805326589015],[151.14157047801999,-33.38845058183599],[151.14057520552001,-33.388983556966991],[151.13984553359001,-33.388519243377985],[151.13981313606999,-33.388462369304001],[151.13974496546999,-33.38830536561202],[151.14090087144001,-33.387952170286979],[151.14094413146,-33.387944910172038],[151.14191645074001,-33.38769701695],[151.14252522487999,-33.387157354896999],[151.14357370260001,-33.387340070671009],[151.14433632915001,-33.387590080520013],[151.14503956006001,-33.387958500454999],[151.14559708108999,-33.388491754735988],[151.14635516626001,-33.388956424351989],[151.14687406358999,-33.388630138342997],[151.14744425794001,-33.388567075388018],[151.14776816335001,-33.38804699023899],[151.14760768440999,-33.387567394964002],[151.14678311585001,-33.387555079440013],[151.14601592321,-33.387519754575997],[151.14548075814,-33.38727315587802],[151.14518370324001,-33.386529053124995],[151.14476024914001,-33.386379562763025],[151.1439346789,-33.386414932911997],[151.14224910116999,-33.386574773246011],[151.14155418748999,-33.386218252257009],[151.14101137661001,-33.385912576975002],[151.14096753294001,-33.385712200095007],[151.14079335981,-33.385607574833983],[151.14002315846,-33.384447545682001],[151.13971447108,-33.384252039306993],[151.13869955688,-33.383831194953004],[151.13759681421001,-33.38352832426699],[151.13674487660001,-33.383467810515995],[151.13592035236999,-33.383455425224007],[151.13538014562999,-33.383447304419001],[151.13505618772001,-33.383967355371993],[151.13521200564,-33.384661636890989],[151.13580825955,-33.385180093091002],[151.13483368876999,-33.385139473289982],[151.13453953553,-33.384979023085982],[151.13406520775001,-33.38458827333001],[151.13400049734,-33.384289049807009],[151.13322180258999,-33.384128210512017],[151.13235482550999,-33.383918327674991],[151.13356407857,-33.383252976293029],[151.13403428084001,-33.382544250319988],[151.13421506266999,-33.38206976980301],[151.13442733229999,-33.381452604284014],[151.1344644289,-33.381047541721003],[151.13396439188,-33.380491242101016],[151.13322621085001,-33.380432417902014],[151.13283019714001,-33.381082862474017],[151.13086075237999,-33.380923792296002],[151.13036947315001,-33.381120064752011],[151.13019559083,-33.381010667660007],[151.12969740923,-33.381032981249994],[151.12962664228999,-33.381069659004005],[151.12962262907999,-33.381066170200988],[151.12705713993,-33.381125249186006],[151.12365291902,-33.382247223707019],[151.12201534682001,-33.382515797442984],[151.12188121653,-33.382610729835015],[151.12152122851001,-33.38266911768801],[151.12091000225001,-33.38298793402101],[151.12040282488999,-33.383427623529009],[151.12039576443999,-33.383755588212992],[151.12052701093,-33.384264601146],[151.12048184366,-33.384711289516005],[151.12011296316999,-33.385332021158995],[151.11960062744001,-33.386010226859],[151.11948373118,-33.386485652771974],[151.11947281153999,-33.386992508329001],[151.11915165912001,-33.387047289949003],[151.11861918815001,-33.387009390138999],[151.11712325537999,-33.387135818593009],[151.11703009972999,-33.387231656885],[151.11701823977,-33.387231476943001],[151.11701431115,-33.387247901618004],[151.11672330152999,-33.387547293667993],[151.11646808013001,-33.387841666643993],[151.11617409843001,-33.388284575618997],[151.11588204582,-33.38863803663299],[151.11542065028999,-33.388601203680984],[151.11471497221001,-33.388351881060984],[151.11476467905999,-33.387696491157008],[151.11513039136,-33.387224849978011],[151.11495719292,-33.38701344689801],[151.11383135109,-33.387053529073022],[151.11370672430999,-33.386851441394001],[151.11356010645,-33.386886995809007],[151.11355981019,-33.386885998669996],[151.11180303380999,-33.386498396479979],[151.11157365171999,-33.385664674537992],[151.11157750590999,-33.385486440829006],[151.11204673879001,-33.384672676444005],[151.11248343155,-33.384679320290019],[151.11277097324,-33.384534572096008],[151.11277964301999,-33.384517972398015],[151.11415598623,-33.384792755256001],[151.11567004539,-33.384516631845983],[151.11726316892,-33.384011807978005],[151.11695168155001,-33.383117839352003],[151.1160194878,-33.382395107835002],[151.11582373578,-33.382360863898008],[151.11581690084,-33.382342562841998],[151.11475058472001,-33.381798779558011],[151.11259576763001,-33.381830559219999],[151.11260208363001,-33.381799139110001],[151.11265985448,-33.381802745634999],[151.11271288286,-33.381511491871002],[151.11335742131999,-33.381253265889981],[151.11487094665,-33.380966097234996],[151.11517338703001,-33.381447890446999],[151.1153992898,-33.381522901162022],[151.11562982660001,-33.381383244640986],[151.11575178432,-33.381003337815017],[151.11572901458001,-33.380740532299001],[151.11563176436999,-33.379975540881986],[151.11529986535999,-33.379541020951002],[151.11491705025,-33.379302714789993],[151.11478071446999,-33.378969690959984],[151.11485138958,-33.378786851956015],[151.11490545593,-33.378786378724996],[151.11567186830001,-33.378197301802004],[151.11571566955999,-33.378226645042993],[151.11578674341001,-33.378227724554002],[151.11646002406999,-33.378327423233003],[151.11752807182,-33.378254158704998],[151.11863229708999,-33.378151609117985],[151.11913559976,-33.377890817709009],[151.12095184818,-33.377739388946992],[151.12234164720999,-33.377581482322007],[151.12292241617999,-33.377023598135004],[151.12286879868,-33.37653933185701],[151.12461341316001,-33.375514613180989],[151.12434597475999,-33.375419112677974],[151.12490300976,-33.375255878999987],[151.12566123347,-33.374905750821988],[151.12616920004001,-33.374563913503991],[151.12839869032001,-33.374489977329013],[151.13048203026,-33.373732625780988],[151.13137786337001,-33.372919077211996],[151.13142051030999,-33.372611499529008],[151.13295312381999,-33.372463475179025],[151.13375939653,-33.373126779597008],[151.13385857912999,-33.373580321586999],[151.13418940176001,-33.373951681200005],[151.13462496651999,-33.374128386846003],[151.13513458355001,-33.374063659256002],[151.13554762355,-33.373763173735],[151.13608032075001,-33.372980774223997],[151.13630471008,-33.372304205855023],[151.13612466917999,-33.372004016202993],[151.13634569339999,-33.371689995012012],[151.13656145002,-33.371218606489002],[151.13656681875,-33.371220137858991],[151.13735149653999,-33.371552506617988],[151.13801003969999,-33.371626197484026],[151.13848444024001,-33.371419247663987],[151.13883313350999,-33.371056870189008],[151.13929188737001,-33.371200510485004],[151.13933455042999,-33.371144221594008],[151.13959345359001,-33.371382363471007],[151.14038064799999,-33.371165000375996],[151.14055489144999,-33.370633475079011],[151.14077698885001,-33.36990917866401],[151.14100809945,-33.369375758934012],[151.1412243053,-33.369129595373998],[151.14140982104001,-33.368836659353988],[151.14145090221001,-33.36850073556699],[151.14126337552,-33.368148524053005],[151.14113271860001,-33.367794418517001],[151.14109075104,-33.367509053258985],[151.14094477596001,-33.367420434101994],[151.14159421351999,-33.366990584167013],[151.14275769442,-33.367600289392989],[151.14318163317,-33.367382734428993],[151.14322224239999,-33.367414208009002],[151.14401164805,-33.367244542507002],[151.14466812623999,-33.366673050509014],[151.14513458219,-33.366299060366991],[151.14563511397,-33.366043416344013],[151.14638590633001,-33.365659949976013],[151.14671469747,-33.36538612793899],[151.14643056047001,-33.364798172867985],[151.14589278189001,-33.364266461129986],[151.14508192584,-33.363902583887999],[151.14478605255999,-33.363576317419003],[151.14536876977999,-33.363423629764014],[151.14532566162001,-33.363114405934986],[151.14478903025,-33.362606550127005],[151.14408992321,-33.361673956920001],[151.14345808012999,-33.360356771590006],[151.14292283441,-33.359275335942982],[151.14288958821001,-33.358572189181992],[151.14395743164999,-33.357955206378001],[151.14449971262999,-33.357913519187001],[151.14521293567,-33.357459617584013],[151.14591802552999,-33.356833923876998],[151.14594770047,-33.35680520983],[151.14601974332001,-33.356763583216008],[151.14600549344999,-33.356749292570996],[151.14642449696001,-33.356343887356985],[151.14642338722999,-33.355598339222993],[151.14609398061,-33.35513615496199],[151.14566573888001,-33.354390501282992],[151.14522789489999,-33.353802884945992],[151.14479682992999,-33.353358425807009],[151.14444564165001,-33.352796596643998],[151.14402906648999,-33.351935842578996],[151.14288090928,-33.351500919870013],[151.14179138102,-33.351221752530989],[151.14106818675,-33.351102443588985],[151.14081118217001,-33.351087470503991],[151.14079986253,-33.350324386491025],[151.14087706855,-33.350277378079014],[151.14194094370001,-33.348688663062013],[151.14190644528,-33.34866070261301],[151.14194268680001,-33.348606580897993],[151.14133576184,-33.348114643670002],[151.14227491912999,-33.347517763471998],[151.14301524852999,-33.346918184029001],[151.14335368521,-33.346374537911998],[151.14361467825,-33.346204561906006],[151.14396393557999,-33.345762784869002],[151.14405438592999,-33.34545072136401],[151.14458230567999,-33.344662270206001],[151.14458580230001,-33.344561807792992],[151.14309863926999,-33.344181195897995],[151.14187898051,-33.34367695707202],[151.14180683705001,-33.343234874605997],[151.14417887523001,-33.343543013730013],[151.14492393498,-33.343403487336005],[151.14543587771999,-33.342669517338003],[151.14615777684,-33.342401712628977],[151.14604152219999,-33.34319418873001],[151.14561919906001,-33.343655603090006],[151.14557431499,-33.343668449314016],[151.14558136644999,-33.343696936129994],[151.14555421199,-33.343726603318991],[151.14550528402,-33.343839094395996],[151.14561708087001,-33.343841227831987],[151.14562899225999,-33.343889347195002],[151.14611471991,-33.343873160362001],[151.14658012013999,-33.343894769988971],[151.14683525967001,-33.344146106057018],[151.14691990822001,-33.344533045023994],[151.14713001677001,-33.344767321853027],[151.1476844613,-33.345268520067975],[151.14775740623,-33.345310745287016],[151.14771763748999,-33.345362881261984],[151.14846964851,-33.345911335928001],[151.14870780090999,-33.34613041706902],[151.14894934346,-33.346421075996012],[151.14892712932999,-33.346553250089002],[151.14890943097001,-33.346780862313004],[151.14872907148001,-33.347181176905998],[151.14851802241,-33.347534721943006],[151.14813188382001,-33.347798513830995],[151.14799933899999,-33.348006060019983],[151.14795095405,-33.348186899051001],[151.14793381608999,-33.348426439282001],[151.14786095315,-33.348691737229984],[151.14784042950001,-33.348859700242002],[151.14774939910001,-33.349041963292997],[151.14769074764999,-33.349306784946002],[151.14776690136,-33.349411781618997],[151.14790669088001,-33.349658041273003],[151.14820453367,-33.349934875244998],[151.14855641385,-33.350150163545983],[151.14913403543,-33.35032207793801],[151.14965423749001,-33.350483957973005],[151.14994587370001,-33.3506295607],[151.15018922067,-33.350657289804005],[151.15019834827999,-33.350549447277004],[151.15003407764999,-33.350387649504],[151.14981069087,-33.350180026204995],[151.14962373194999,-33.349839755458007],[151.14968237791999,-33.34957493292],[151.14983647707001,-33.349521998945001],[151.15009346858,-33.349537323681027],[151.15024069856,-33.349639947881975],[151.15033389633999,-33.349804118759018],[151.15040261874,-33.350052745533006],[151.15048386186999,-33.350265107768024],[151.15057875462,-33.350465067565011],[151.15068955864001,-33.350700340918991],[151.15055192976999,-33.350800521345001],[151.15058714194001,-33.350942727945011],[151.15065191178999,-33.351107848188995],[151.15076045493001,-33.351295400815992],[151.15074784907,-33.351630380203005],[151.15067724954,-33.351943396943007],[151.15057596149001,-33.352209642509017],[151.15065325143999,-33.352338498272999],[151.15075897064,-33.352466404345996],[151.15106257201001,-33.352563811706013],[151.15146454846999,-33.352634040557021],[151.15174828278001,-33.352612624166987],[151.15211278608999,-33.352492923954983],[151.15223450405,-33.352357428409007],[151.15231931005999,-33.352043936480015],[151.15235751498,-33.351648360381994],[151.15242414964999,-33.351251836484998],[151.15243731711999,-33.350928786110011],[151.15239645007,-33.35066728238899],[151.15247099841,-33.350437773196994],[151.15264448292999,-33.350193013382992],[151.15280431766999,-33.349960655937991],[151.15300905407,-33.349774594326995],[151.15315580519999,-33.349566569463008],[151.15306147172001,-33.349378544403997],[151.15290745418,-33.349132765018005],[151.15277677863,-33.348778671574998],[151.15252156832,-33.348500423954007],[151.15232943468001,-33.348351505030983],[151.15205597004001,-33.348288942125983],[151.15168752899001,-33.348325133610992],[151.15165930571001,-33.348328914837019],[151.15130361633999,-33.348139336153018],[151.15055113276,-33.348192219922005],[151.15008852701001,-33.348016558819005],[151.1500835649,-33.347961433322006],[151.15016370945,-33.347597784143005],[151.15065060562,-33.347134685665992],[151.15119757154,-33.347148798745991],[151.15147882863999,-33.346956140856996],[151.15173758992,-33.346482791441005],[151.1517542759,-33.346029695330984],[151.15174198916,-33.345265988680012],[151.15075461583001,-33.344905308966972],[151.15037931840001,-33.344840066379994],[151.15053289484001,-33.344299534908018],[151.15086732642001,-33.34428065822101],[151.15088035778999,-33.344000493922003],[151.15050872092999,-33.343762322232017],[151.15052974138001,-33.343440520797991],[151.15069504183001,-33.342345416171995],[151.15098817987999,-33.341926264836999],[151.15110323598,-33.340854269595994],[151.15094465957,-33.339951186081997],[151.15079214804999,-33.339881430018998],[151.15072557817001,-33.339512693477005],[151.15087976403001,-33.338734659868003],[151.15105480817999,-33.338522525944995],[151.15121929434,-33.338009151446009],[151.15142404637999,-33.337882964590996],[151.15153431600001,-33.337297643854001],[151.15142718491001,-33.336557497247014],[151.15141456275001,-33.336202582576988],[151.15162744097,-33.335538147639987],[151.15157266321,-33.334821238984006],[151.15149563127,-33.333804767986003],[151.15130519466001,-33.332728222775991],[151.15102649219,-33.331793523877018],[151.15102714049999,-33.331762866981002],[151.15151033686999,-33.331366135152976],[151.15189980740999,-33.330693576574994],[151.15217596442,-33.33027332790499],[151.15236200429001,-33.330114175409008],[151.15297464439999,-33.329826076359012],[151.15344600515999,-33.329438000947],[151.15350988967,-33.329217467783991],[151.15342056394999,-33.328953325092023],[151.15351792448001,-33.328895792941992],[151.15460006869,-33.328124492927998],[151.15538233891999,-33.327420309552998],[151.15594922896,-33.326820293383001],[151.15721171654999,-33.325890496268016],[151.15730879720999,-33.325818996556997],[151.15749488128,-33.325881790571998],[151.15872161512999,-33.326064338669987],[151.15903555029999,-33.325639742499988],[151.15985028796001,-33.325804457615995],[151.16049711252001,-33.325456137722],[151.16025267564001,-33.324915661024022],[151.16035747290999,-33.323986659514993],[151.16089898212999,-33.322563063802988],[151.16126757337,-33.322028539518016],[151.16166356343999,-33.320484818853004],[151.16168877113,-33.319601763632008],[151.16212195412001,-33.319274131751001],[151.16269919638,-33.318853187340004],[151.16348031403001,-33.318196651504024],[151.16438507090001,-33.317064733323029],[151.16438657073999,-33.316993173682],[151.16439238995,-33.316715665070006],[151.16451057352,-33.316396163719979],[151.16446750306,-33.316352841851],[151.16471959322999,-33.316019822184984],[151.16512083967001,-33.315858729017982],[151.16523315315001,-33.315802472178021],[151.16567038315,-33.315934871304975],[151.16660367816999,-33.316151468276011],[151.16704304192999,-33.316205674588993],[151.16711780259001,-33.316175657708015],[151.16718206977001,-33.316197677087999],[151.16772698176999,-33.31610972864398],[151.16788259467,-33.31604981932098],[151.16826744017001,-33.316092509394998],[151.16827193294,-33.315877831352012],[151.16782085983999,-33.31570415488499],[151.16697479383001,-33.315393415102996],[151.16657342629,-33.31481211754501],[151.16672846917001,-33.314655136971986],[151.16684652923001,-33.314476898806006],[151.16684929307999,-33.314344952793],[151.1670109671,-33.31413136190401],[151.16722978549001,-33.313918613133993],[151.16743657725999,-33.313597697424996],[151.16761454472001,-33.313288354568002],[151.16780704467001,-33.312967226895999],[151.16781391524,-33.312903734696015],[151.16809157391,-33.312418974254996],[151.16973933054001,-33.311083227186991],[151.17035289798,-33.310930427852],[151.17055347002,-33.310880476666014],[151.17123602736001,-33.31085474097501],[151.17176457084,-33.310039338462985],[151.17165618025001,-33.309905487342981],[151.17171547395,-33.309893141756994],[151.17179668151999,-33.310110315415997],[151.17183337728,-33.310256895771992],[151.17192174729001,-33.310280139887006],[151.17218917694001,-33.310476055722994],[151.17234832508001,-33.310382407950001],[151.17242401162,-33.310179541972992],[151.1722691194,-33.31006927315098],[151.17211548057,-33.309899028456009],[151.17206234269,-33.309706265431011],[151.17193602052001,-33.309474121796981],[151.17265362386999,-33.308940926243999],[151.17271942203001,-33.308892033583007],[151.17386383389999,-33.30852113387698],[151.17414019825,-33.308459207965988],[151.17461327802999,-33.308353198719018],[151.17492875268999,-33.308183223913993],[151.17504150120999,-33.308251992114997],[151.17516456665999,-33.308276032029006],[151.17533674641001,-33.30824256652199],[151.17551017381999,-33.308149122827992],[151.17569588796999,-33.308151852073003],[151.17603624482999,-33.308276839182994],[151.17639213812001,-33.308342058861989],[151.17673574512,-33.308311106711002],[151.17695103103,-33.308266272783008],[151.17710992229999,-33.308184612572987],[151.17727031048,-33.308030982718002],[151.17737505509001,-33.307804542045005],[151.17737879902,-33.30762461376505],[151.17738204630001,-33.307468677527012],[151.17741386264001,-33.307313159579998],[151.17749028315001,-33.307074302222006],[151.17762609209001,-33.306728330393994],[151.17771654776001,-33.306501680329006],[151.17769147173999,-33.306333327559997],[151.17752254366999,-33.306210861216016],[151.17732354621,-33.306159947089995],[151.17715162315,-33.306181420371999],[151.17686841301,-33.306057275332016],[151.17682449101,-33.306024947289998],[151.17703718407,-33.30599889436801],[151.17758983873,-33.304904943696023],[151.17744350839001,-33.304622915026982],[151.17745574796001,-33.304614037636],[151.17762037265999,-33.304575556425995],[151.17778680075,-33.304498905592979],[151.17797500358,-33.304381677589006],[151.17797750003001,-33.304261726042014],[151.17808099086,-33.304095260378986],[151.17822733406001,-33.303929424076991],[151.17828846643999,-33.303738339068005],[151.17852825232001,-33.303201908036996],[151.17855548014001,-33.302975408363004],[151.17888546111001,-33.302232685042014],[151.17903177223999,-33.301570589736983],[151.17848929178001,-33.301268550407997],[151.17841403054001,-33.301136433344986],[151.17826089194,-33.300942207356975],[151.17806240511001,-33.30086730104],[151.17777671427001,-33.300863110728997],[151.1775752346,-33.300932147326016],[151.17746195557999,-33.300882489081985],[151.17727650730001,-33.300867769824997],[151.17714944388999,-33.30079391229701],[151.17692214230999,-33.300730580708006],[151.17669383782001,-33.300715232019002],[151.17655839078,-33.300715710083004],[151.17631225116,-33.301662757759999],[151.17438413514,-33.302325822523017],[151.17456491409999,-33.300565435866005],[151.17111917528999,-33.301179994175001],[151.17111588392001,-33.301179193578015],[151.17061439828001,-33.301106399197003],[151.17025095762,-33.301073568482991],[151.16968261148,-33.301022227355993],[151.16965798551999,-33.300828761540998],[151.16914655151001,-33.300845908173997],[151.16845519865001,-33.30134961290598],[151.16777126184999,-33.301847907516994],[151.16762977437,-33.301984210154998],[151.16753764305,-33.301984629948997],[151.16699208531,-33.302182144395005],[151.16647033587,-33.302880702486995],[151.16563322518999,-33.303231362212017],[151.16501932284001,-33.303322077733],[151.16490569246,-33.303311269669983],[151.16426453893001,-33.303186485647004],[151.16380279972,-33.302828497700993],[151.16301858880001,-33.302795011431009],[151.16293206923999,-33.302942919254015],[151.16091958710001,-33.302609040535003],[151.16095593748,-33.302548542667999],[151.16094640108,-33.302347574113],[151.16115873384999,-33.301923653146005],[151.16152906471001,-33.300343637643991],[151.16153324905,-33.300325779170002],[151.16209184491001,-33.299704131336014],[151.16231753880999,-33.299103529997979],[151.16236678215,-33.299096528713008],[151.16309935946001,-33.298713667578014],[151.16336775568001,-33.29810919701201],[151.16337681726,-33.297677003351986],[151.16347226568001,-33.297613492040014],[151.16394687056999,-33.297173859432],[151.16386820164999,-33.296645108254992],[151.16455806393,-33.296327453754003],[151.16413496787001,-33.293483744103],[151.1640925019,-33.293466331184014],[151.16174219289999,-33.292502540066003],[151.16110706577001,-33.292567399402003],[151.16109438890999,-33.292300266633021],[151.15973193889999,-33.291772319618012],[151.15969480216,-33.291734506695008],[151.15916385477999,-33.291193889997004],[151.15886957036,-33.290988658074987],[151.15845699720001,-33.291289225591001],[151.15786377907,-33.291380756597007],[151.15758659759001,-33.290935978753005],[151.15719916961999,-33.290566574534978],[151.15563323680999,-33.290547231212983],[151.15526729974999,-33.290631154823004],[151.15503874314999,-33.29121232866602],[151.15532495817001,-33.291847991976041],[151.15540665238001,-33.292371001919996],[151.15538720801999,-33.292691645577015],[151.15344008292999,-33.292217916784985],[151.15399577047,-33.290742664174992],[151.15399190093001,-33.290707562453015],[151.15441974237999,-33.290331911746009],[151.15417964495001,-33.290064063666009],[151.15410409615001,-33.289536067203002],[151.15432338727001,-33.28829793205599],[151.15441544909999,-33.287811481466008],[151.15452901894,-33.287534035747996],[151.15491326616001,-33.285083997923003],[151.15507332079,-33.28423823583001],[151.1553163131,-33.283874982086004],[151.15564849649999,-33.283378382885004],[151.15808642914999,-33.283809787858992],[151.15756692970999,-33.284070828470988],[151.15730301823001,-33.284836024906006],[151.15808255601999,-33.284809956512987],[151.15826781941001,-33.285256435525007],[151.15885746215,-33.285587292326987],[151.15970421628001,-33.285850370624999],[151.16042918030999,-33.285825318493004],[151.16141350464,-33.285625145141999],[151.16217356446001,-33.28595850757501],[151.16314888688001,-33.286187674627989],[151.16522660165001,-33.286683656194015],[151.16573332515,-33.286905882698981],[151.1658332417,-33.28736751719898],[151.16584989724001,-33.287444464466006],[151.16583188063001,-33.287684316382013],[151.16579081875,-33.288230987350993],[151.16577658943999,-33.288910799244981],[151.16640888674999,-33.28924225037899],[151.16739099182999,-33.28914937096598],[151.16776840515001,-33.288815547639004],[151.16827243799,-33.288872952008013],[151.16830764421999,-33.288876961342993],[151.16813243505001,-33.289507499145017],[151.16840006607001,-33.290047224809008],[151.16844715072,-33.290142177569003],[151.16823688401999,-33.290507689032999],[151.16770730466999,-33.290740518819987],[151.16766636040001,-33.291076454854007],[151.16795726473001,-33.291210087478994],[151.16845730027001,-33.290954349422989],[151.16913562036001,-33.29107284195301],[151.16914594385,-33.291074644958989],[151.16915484450999,-33.291086361897989],[151.16913963233,-33.291157251236008],[151.16902678551,-33.291683104664997],[151.16904975464001,-33.291917462356999],[151.16914118542999,-33.292850386438012],[151.17015336538,-33.292443845681994],[151.17026092150999,-33.292400647008016],[151.17044393329999,-33.292280179354989],[151.17051860852001,-33.292414661559988],[151.17069928427,-33.292623677070999],[151.17114590475001,-33.292441413908008],[151.17161639493,-33.292162756481005],[151.17176819436,-33.292165155564],[151.17210050507001,-33.292170410510018],[151.17262333797001,-33.292257409704],[151.17281757110001,-33.292289731209991],[151.17407102769999,-33.292319348599008],[151.17472900696001,-33.292392847456988],[151.17541993997,-33.292560826759001],[151.17550657890001,-33.292455274046013],[151.176885978,-33.292508650423017],[151.17713819509001,-33.292789881612997],[151.17774845302,-33.293056147185013],[151.17791113178001,-33.292975376047004],[151.17834626109999,-33.293104316360981],[151.18056245234999,-33.293101005029001],[151.18137937227999,-33.292755059251007],[151.18150019717001,-33.292713649592017],[151.18169469450001,-33.292921196671024],[151.18178241212999,-33.293068811395997],[151.18191415048,-33.293011683394006],[151.18192246314999,-33.292998532775989],[151.18197513019999,-33.293058131124013],[151.18266781144999,-33.293560578359994],[151.1829678297,-33.29358633092501],[151.18313631305,-33.292811430630998],[151.18348020484001,-33.292954440818995],[151.18485110604001,-33.293982396144997],[151.18742654184001,-33.294852754993002],[151.18762147145,-33.294918628140998],[151.18762689849001,-33.294925464118997],[151.18762313598,-33.295107463900024],[151.18762288496001,-33.295119560692008],[151.18761172236,-33.295659126633993],[151.1868026466,-33.296145047440994],[151.18662655014001,-33.296628927714004],[151.18699141068001,-33.297118491656015],[151.18713582162999,-33.29775886372601],[151.18756321234,-33.298365808163993],[151.18854859538001,-33.298738876978021],[151.18946462343001,-33.298851402445003],[151.18963382185001,-33.298807340025029],[151.19013454724001,-33.298970596887997],[151.19057953591999,-33.298875617146017],[151.19089891394,-33.299089840386983],[151.19153196721001,-33.299235785694989],[151.19197173619,-33.298910289024001],[151.19245259698999,-33.298495761047995],[151.19389349196999,-33.298567187019998],[151.19532629494,-33.298530747002999],[151.19690015502999,-33.298267276862006],[151.19722261110999,-33.297901704939996],[151.19724926468999,-33.297871484830019],[151.19680623509001,-33.296204358223982],[151.19688501133999,-33.295690113014999],[151.19593062746,-33.295676255978989],[151.19562508396001,-33.295840978533995],[151.19559737501001,-33.295774914246003],[151.19552799491001,-33.295514382005017],[151.19556444291001,-33.295377786766991],[151.19622758635001,-33.295124374656005],[151.19636662382001,-33.295199308363998],[151.19668495162,-33.295409104770009],[151.19668885056001,-33.295391563166994],[151.19660187080001,-33.295289085401002],[151.19692845617999,-33.295467978046979],[151.19725018424,-33.295947020138016],[151.19755142698,-33.296295315084997],[151.19796289124,-33.296568196841001],[151.19797587949,-33.296569730631013],[151.19804289058001,-33.296708988523996],[151.19891981772,-33.296837103707006],[151.19933056419001,-33.296500612380996],[151.19910883739999,-33.296048814182001],[151.19933957614001,-33.295880591927983],[151.19964030336999,-33.29583774364999],[151.20000283588001,-33.296277164454004],[151.20076812483001,-33.295856999545997],[151.20155995549001,-33.295278207734995],[151.20178552255999,-33.294818916989996],[151.20165081425,-33.294680083966995],[151.20151914286001,-33.294426437840002],[151.2015844842,-33.294008408687993],[151.20162024013999,-33.293863813519991],[151.20130551923,-33.293709554016012],[151.20095705106999,-33.293563604346993],[151.20060990581999,-33.293267052031005],[151.2002791255,-33.292955607712003],[151.19996161893999,-33.292564851685],[151.19966904834999,-33.292338147761996],[151.19964949054,-33.29236056777799],[151.19963863599,-33.292341458437001],[151.19955390064001,-33.292057546194002],[151.19920719052999,-33.291651046974991],[151.19891338354,-33.291457838986979],[151.19872629605999,-33.291172837254024],[151.20029936738001,-33.291352762042997],[151.20038043803001,-33.290928541622009],[151.20083561538999,-33.290850534763017],[151.20086182138999,-33.290684755099996],[151.20088797689999,-33.29033974359001],[151.20089811462,-33.290016781797],[151.20112543441999,-33.289772512563999],[151.20132127289,-33.289543207981993],[151.2017725279,-33.289365784368002],[151.20202726269,-33.289328923452992],[151.20209520770999,-33.289345427718992],[151.20232978075001,-33.289430700646008],[151.20265913018,-33.289534276561021],[151.20291755621,-33.289582895307021],[151.20320938619,-33.289616047064982],[151.20320795996,-33.289408182774991],[151.20322998866001,-33.28897727816701],[151.20320538823,-33.288925480883989],[151.20354649957,-33.288697899176995],[151.20379649023999,-33.288685689741008],[151.20397683646999,-33.288708269990984],[151.20442956593999,-33.288714469125992],[151.20477658943,-33.288652547244993],[151.20489962489,-33.288548016876],[151.20479969688,-33.288422346794],[151.20459578546999,-33.288264349110001],[151.20433970727001,-33.288086605705999],[151.20409593007,-33.287987310781013],[151.20373215103999,-33.287877731584004],[151.20345771308999,-33.287851165752002],[151.20335594468,-33.287859201202004],[151.20316173837,-33.287478700938003],[151.20312971953999,-33.286810643622999],[151.20302791442001,-33.286467567740999],[151.20277750789,-33.286244502632016],[151.20290332865,-33.28594602931701],[151.20318111937999,-33.285805199826989],[151.20359303206001,-33.285791274189982],[151.20376123388999,-33.285843571800001],[151.20391908792999,-33.286079077454005],[151.20411590057,-33.286445227700987],[151.20415862669,-33.286802249364996],[151.20411435555999,-33.286947132487988],[151.20432369663001,-33.287040423961997],[151.20451874067999,-33.287191552793992],[151.20474924723001,-33.28737016069902],[151.20490070911001,-33.287680489580019],[151.20498124369001,-33.287935860957013],[151.20508832062001,-33.288032610263997],[151.20526901046,-33.288062346112007],[151.20559761308999,-33.287972368445004],[151.20580175094,-33.287779060403004],[151.20590939528,-33.287531660152013],[151.20602624796999,-33.287298288796002],[151.20616797983001,-33.28704973495001],[151.20610997880999,-33.286908311341008],[151.20598648504,-33.286647223752006],[151.20590663256999,-33.286406168091993],[151.20588403760999,-33.28611299015401],[151.20578748499,-33.285879667408985],[151.20569162088,-33.285660660719984],[151.20560290618999,-33.285412735574987],[151.20549411690001,-33.285280197883999],[151.20548890941001,-33.284993599626013],[151.20537634357001,-33.284782326870008],[151.20525760392999,-33.284442215072019],[151.20505907486,-33.284040277756986],[151.20499078083,-33.283684121035996],[151.20500736925001,-33.283317922709017],[151.20502904304001,-33.28287986102],[151.20480397930999,-33.282636546441999],[151.20433040809999,-33.282372956719989],[151.20429561771999,-33.282199833708994],[151.20467213895,-33.282082434596994],[151.20522844928999,-33.282054057491983],[151.20547339314001,-33.281940622561002],[151.20595512060001,-33.281780936898997],[151.20673456112999,-33.281658972334007],[151.20703310799999,-33.281476805936002],[151.2067076335,-33.28133487462199],[151.20625130166999,-33.281312077809005],[151.20560996607,-33.281228625536002],[151.20555493960001,-33.281236067827997],[151.20553812891001,-33.281154582871991],[151.20524178794,-33.281145489482007],[151.20479094869,-33.281237212284992],[151.20431280865,-33.281234264913991],[151.2036909988,-33.281083228236987],[151.20353772417999,-33.280734724012007],[151.20332711404001,-33.281025655928019],[151.20328529232,-33.280947154137017],[151.20356998071,-33.280695397861997],[151.20377245450001,-33.279933378082994],[151.20400077709999,-33.278998424363003],[151.20463751776001,-33.278986447859999],[151.20513516868999,-33.278921819278992],[151.20552323539999,-33.278707950051995],[151.20579767928999,-33.278497921725986],[151.20626207357,-33.278214554347976],[151.20645698063001,-33.278007217020992],[151.20666004268,-33.277732690223019],[151.20693219186001,-33.277474943694003],[151.20737431158,-33.277201883386986],[151.20775824547999,-33.276902113357011],[151.20804624305001,-33.276500440104009],[151.20810934379,-33.276098481421009],[151.20826149086,-33.276005635835013],[151.20849230320999,-33.275835317073998],[151.2088163016,-33.275709638040993],[151.20949883518,-33.275466667744013],[151.20971696641001,-33.275171739569998],[151.21025484987001,-33.274857955878005],[151.21072919564,-33.274545553331002],[151.21113491520001,-33.274225916184989],[151.21146797091001,-33.274052127469012],[151.21181422252999,-33.273916127342986],[151.21193563380001,-33.273836265905004],[151.21224695916999,-33.273911869463987],[151.21265950597001,-33.273868868008982],[151.21278634890001,-33.27363238911299],[151.21355327367999,-33.273054967370015],[151.21483311100999,-33.27164751997099],[151.21593101477001,-33.270768633116006],[151.21650625804,-33.27051694051697],[151.21690485532,-33.270184170121986],[151.21831036716,-33.269236782381007],[151.21968693375999,-33.268406445433016],[151.22029282088999,-33.268792192353004],[151.22056876069001,-33.268782823476002],[151.22056039615001,-33.268608971679996],[151.21998342474001,-33.268106154499009],[151.21846263174999,-33.26737416771099],[151.21722476208001,-33.266777677725997],[151.21663594445999,-33.267465172543993],[151.21562376864,-33.268158205529012],[151.21506385683,-33.268390405973015],[151.21493023849999,-33.268977566696975],[151.21485833124001,-33.26929354937301],[151.21457462858999,-33.270049980131986],[151.21368879658999,-33.270856693299983],[151.21262829323001,-33.271729066240013],[151.21260776375999,-33.271750808239005],[151.21247899136,-33.271887179576993],[151.21236515838001,-33.271746673814],[151.21209138363,-33.271799999329012],[151.21152305724999,-33.271810911624016],[151.21084108945001,-33.271908192421016],[151.21066059841999,-33.271876390599985],[151.20982236568,-33.27163371264799],[151.20833471648999,-33.271039614936001],[151.20824384919001,-33.271038305179999],[151.20755148481001,-33.27071933229599],[151.20737523106001,-33.270606938970992],[151.20738396192999,-33.270604148498002],[151.20731823374999,-33.270542026811],[151.20718979556,-33.270355000521995],[151.20701910593999,-33.270259304792006],[151.20627730615001,-33.269558187044993],[151.20546317258999,-33.268598839410998],[151.20542762676999,-33.267939132365008],[151.20611089390999,-33.267990056651001],[151.20679877517,-33.268041323950008],[151.20632643139001,-33.267758370487002],[151.20627286606,-33.267726282165981],[151.20631265338,-33.267689030904982],[151.20624918902001,-33.26745905012401],[151.20559744387,-33.26710604824801],[151.20459553325,-33.266098970453001],[151.20424593185001,-33.265555173592993],[151.20413076649999,-33.265024098874001],[151.20409924865001,-33.264812864089016],[151.20395157143,-33.264257159349988],[151.20362178543999,-33.263717912907012],[151.20234226938999,-33.262954957224004],[151.20216096267001,-33.262884095375995],[151.20199665379999,-33.262579407540997],[151.20312987304001,-33.261599181741012],[151.20478817738001,-33.260339857810017],[151.20663262584,-33.259976636915013],[151.20849434816,-33.259973771498004],[151.20945835386999,-33.260663065227988],[151.21169486510999,-33.261008431611998],[151.21263294932001,-33.261157121873993],[151.21255326199,-33.260308945314002],[151.21369878536001,-33.259538064400999],[151.21401576228999,-33.258744169041989],[151.21418628155999,-33.258317078953993],[151.21372273966,-33.258197053127006],[151.21365331043,-33.257995308055008],[151.21298534338001,-33.257946260505008],[151.21265829805,-33.258087562530015],[151.21251718368001,-33.258148531750017],[151.21208461800001,-33.258736745440004],[151.21198193629999,-33.258803229088997],[151.21168735699001,-33.258993967190001],[151.21129269958001,-33.258949984704998],[151.21058636657,-33.258550555409997],[151.21051025495001,-33.258398920024995],[151.21053307164999,-33.258058040660003],[151.21036927284999,-33.257490040069989],[151.21019874660999,-33.257137345937004],[151.20983075535,-33.257293200655994],[151.20961289900001,-33.257362522624007],[151.20893052219,-33.257364397535994],[151.20827756788,-33.256745070353027],[151.20823225586,-33.256702092561],[151.20824769206999,-33.256659626550992],[151.20831488147999,-33.256474780780003],[151.20833779359,-33.256411743735008],[151.20839180479999,-33.256396776396997],[151.20939888212999,-33.256117711343016],[151.21077538124999,-33.255841922948001],[151.21128812817,-33.255809115858987],[151.2118496619,-33.255773184841992],[151.21281313917001,-33.256266906824997],[151.21359836523999,-33.256185033266014],[151.21444129903,-33.255935443829017],[151.21447605159,-33.255914962422018],[151.21429502564001,-33.25636612305],[151.21477436546999,-33.256908605516003],[151.21497297286999,-33.256787857222989],[151.21558219963001,-33.255766609696011],[151.21568192231001,-33.255685640881005],[151.21636908456,-33.255654304322],[151.21661174639999,-33.255576763912991],[151.21679635718999,-33.255609062601984],[151.21783096863999,-33.257447822744012],[151.21791094138999,-33.257453478839018],[151.21805487793,-33.257597558013003],[151.21819795328,-33.257740773727988],[151.21867573624999,-33.257738894901998],[151.21881672678001,-33.257517535460018],[151.21892697633999,-33.257525332028017],[151.21886363927999,-33.256208311355017],[151.21865175072,-33.255999660929014],[151.21864932103,-33.255997266968031],[151.21869374920001,-33.255869056619005],[151.21869652875,-33.255869683687997],[151.21891802376999,-33.255919688915995],[151.21940818280001,-33.254755941214015],[151.22009727702999,-33.253470726761016],[151.2202631751,-33.252662117168988],[151.21894073889001,-33.25213346519002],[151.21863677394001,-33.252394061857011],[151.21839827420999,-33.252209236185983],[151.21836048774,-33.252213419661977],[151.21629006671,-33.25244266523999],[151.21628732418,-33.252439541923998],[151.21590352832999,-33.25202203359801],[151.21492478195,-33.251925583101006],[151.21415050550999,-33.251420062977999],[151.21347847099,-33.250710006986012],[151.21348937005001,-33.25017456550502],[151.21366328949,-33.248622451854004],[151.21420564621999,-33.248591777620007],[151.21514186217999,-33.248357071150991],[151.21564434498001,-33.248103116315015],[151.21569275569999,-33.248078649465008],[151.21606583338999,-33.247606786906012],[151.21618986255001,-33.247093172039015],[151.21631505338999,-33.246522308420992],[151.21632963477001,-33.246445883197993],[151.21638209330001,-33.246434204292989],[151.21640685179,-33.246083850104988],[151.21655883696999,-33.245704991016005],[151.21643155340999,-33.245586111159007],[151.2164775251,-33.243981414337014],[151.21509705990999,-33.244129636233978],[151.21509305328999,-33.244120643297002],[151.21490370104999,-33.243936581567006],[151.21414620947999,-33.243763448352993],[151.21373111790001,-33.243509332364987],[151.21316627787999,-33.243358051100003],[151.21272731495,-33.243160853237008],[151.21271121005,-33.24283611351801],[151.21286523520999,-33.242523366004988],[151.21312581915001,-33.242555744272998],[151.21330060919999,-33.242338736917993],[151.21350499766999,-33.242341673616004],[151.21354546994999,-33.242027291096001],[151.21139270885001,-33.241767272448996],[151.21096316907,-33.241665648428985],[151.21132842649999,-33.23990520110199],[151.21090686882999,-33.239412373227999],[151.21078912562001,-33.239438259728004],[151.21073738438,-33.239302984602013],[151.21012067486001,-33.238977379343005],[151.21004419927999,-33.238822490058972],[151.20889367983,-33.238089590302998],[151.20878037481,-33.23799877578999],[151.20825482423999,-33.237090754195989],[151.20809670942,-33.236868902535001],[151.20805113251001,-33.236248283779993],[151.20793282491999,-33.236132494393011],[151.20787297262001,-33.236073916918983],[151.20736455541001,-33.23584159275299],[151.20735681920999,-33.235830740811991],[151.20745554413,-33.235380707491998],[151.20761917344001,-33.235154002030988],[151.20732903612,-33.234901664877995],[151.20662392428,-33.23494876326599],[151.20630913253001,-33.234791512475006],[151.20609413893999,-33.234196661367015],[151.20591988581,-33.233831463382984],[151.20544848769001,-33.233557418603006],[151.20522899420001,-33.23382406854499],[151.20501121037,-33.234088642724991],[151.20537377447999,-33.234990376851002],[151.20536808794,-33.235073891908016],[151.20299702173,-33.235440883414974],[151.20335924337999,-33.234825825990001],[151.20366089229,-33.234459385342987],[151.20388136880001,-33.23326777519501],[151.20369375337,-33.232853066557993],[151.20321292202999,-33.232392920209001],[151.20342412713001,-33.231654374269979],[151.20364291409001,-33.230545137813984],[151.20314856502,-33.230464433020018],[151.20310773006,-33.229611852488993],[151.20190061265001,-33.229463582386003],[151.20188152119999,-33.229406554397997],[151.20171545630001,-33.228910480858012],[151.20114760739,-33.227913469440011],[151.20105549905,-33.227623739173005],[151.20070893117,-33.227727282075008],[151.20066090995999,-33.227741629099981],[151.20022209888,-33.226896703148],[151.19990634019001,-33.226288711080997],[151.20001617080999,-33.225713502748],[151.20022907137999,-33.224892586678997],[151.19944920533001,-33.224675297392018],[151.19927410923,-33.224837751030002],[151.19930282471,-33.224768711852015],[151.19819423711999,-33.225202856220989],[151.19742929310999,-33.225974318774],[151.19605105854001,-33.226408022529],[151.19609281334999,-33.227281277506002],[151.19597450296001,-33.228375019620991],[151.19618703587,-33.22885866140701],[151.19612688725999,-33.228911932761001],[151.19626798764,-33.229202379052005],[151.19680369157001,-33.229374947617998],[151.19743825892999,-33.229507748615006],[151.19762837316,-33.22979890292801],[151.19763555963999,-33.229801032489988],[151.19761905218999,-33.230298215738998],[151.19805466406001,-33.230243683939001],[151.19810662469999,-33.230382632773988],[151.19800100165,-33.230751899044002],[151.19765166809,-33.232343616205007],[151.19762551137001,-33.232355909830012],[151.19734890172001,-33.232351902110992],[151.19644423795,-33.232438996589018],[151.19563031214,-33.232255391037],[151.19454361416999,-33.232082134632982],[151.19353791107,-33.231912235842003],[151.19333829729999,-33.231878512503982],[151.19322328875,-33.231869097690016],[151.19121247448001,-33.231704441518993],[151.19069849175,-33.231625370610999],[151.19063400575999,-33.231365068917995],[151.18921217678999,-33.231126242442002],[151.18836362620999,-33.230982785121],[151.18738244924,-33.230920266704999],[151.18628315756001,-33.23076612756001],[151.18552546366999,-33.23061959069701],[151.18488759326999,-33.230589318328988],[151.18487877729001,-33.230588898500997],[151.18486264684,-33.23047338765501],[151.18433896286999,-33.229783911711017],[151.18379105712,-33.229566658454999],[151.18340136392001,-33.229512468440014],[151.18331528394,-33.229141696993011],[151.18188100043,-33.228580586644014],[151.18028492389001,-33.228204140861003],[151.18011004096999,-33.228171180801994],[151.18021060193999,-33.227997962486988],[151.17998939148001,-33.227769699808007],[151.17977004766999,-33.227580659052009],[151.18034591213001,-33.227404149116005],[151.18046816468001,-33.22702683718299],[151.18054188113999,-33.226611874463025],[151.18048400357,-33.226378117276994],[151.17983814446001,-33.226556985505006],[151.17907747014999,-33.226287943487009],[151.17848199918001,-33.226052625446989],[151.17837746141001,-33.22582043804799],[151.17834152886999,-33.225823276760018],[151.17841198976001,-33.225563931758018],[151.17837710705999,-33.225558974114016],[151.17846299492001,-33.224947512132985],[151.17862791178999,-33.224081645696998],[151.17810216504,-33.224087378516998],[151.17756733013999,-33.223902234677006],[151.17673953447999,-33.223685113922009],[151.17646956287999,-33.223986938428986],[151.17621435136999,-33.224449574114992],[151.17592166911999,-33.22457292934601],[151.17582202373001,-33.224869024216005],[151.17640682191001,-33.225207832563001],[151.17643139136001,-33.225518890338009],[151.17640013835,-33.225519267016004],[151.17614307957999,-33.225522366343988],[151.17591751611999,-33.226345824512983],[151.17579543882999,-33.226492654821008],[151.17562028552001,-33.226464826254976],[151.17550674854999,-33.226446787107996],[151.17532146907001,-33.226303043462991],[151.17518207834999,-33.226401923347019],[151.17502635727001,-33.226426691839983],[151.17364318873001,-33.226014755293974],[151.17328276927,-33.226543301824996],[151.17193187864001,-33.226410246797023],[151.17191877219,-33.227117796875021],[151.17277233403999,-33.227240962788009],[151.17267007114,-33.227365338300011],[151.17324566145999,-33.227502443294995],[151.17307687456,-33.227890186882995],[151.17302923686,-33.227930994611008],[151.17283220323,-33.227758222344995],[151.17154309311999,-33.227916222765984],[151.17144093580001,-33.227984939158013],[151.17123154861,-33.22812578259299],[151.17119117369,-33.228152941669002],[151.1699035803,-33.228018116671009],[151.16953116488,-33.227361480025024],[151.16910744533999,-33.227258367166982],[151.16911652659999,-33.227202014899007],[151.16896037532999,-33.227066095333988],[151.1686787253,-33.227040386845999],[151.16868086565,-33.227017886313028],[151.16855226340999,-33.227028845860985],[151.16846165218001,-33.227020574830988],[151.16842643401,-33.227039566563995],[151.16734960668001,-33.227131326287996],[151.16727478352999,-33.227449132854019],[151.16706121659001,-33.227224846439015],[151.16691390458001,-33.227029408064986],[151.16687631859,-33.227030668765991],[151.16664632141001,-33.226789126257003],[151.16585153643001,-33.225919618165001],[151.16476479370999,-33.226087489226998],[151.16469033919,-33.226137717913026],[151.16377867263,-33.22537971436401],[151.16344858963001,-33.225171237718001],[151.1636299457,-33.224798797502999],[151.16394230080999,-33.224754224962993],[151.16502402403,-33.224599860045977],[151.16631468358,-33.224504748298997],[151.16711943922999,-33.225010901071009],[151.16885467111001,-33.225373829412],[151.17090729968001,-33.224883791053003],[151.17156488369,-33.223658444668992],[151.1719180517,-33.223336905926999],[151.17225350903999,-33.22331334307399],[151.17330955667001,-33.222799917418008],[151.17344584329001,-33.222078407879003],[151.17334329125001,-33.22202579055601],[151.17370351188001,-33.221663027062995],[151.17431811226999,-33.221134550076009],[151.17546496087999,-33.220588180268997],[151.17637476562001,-33.220288749216003],[151.17764649501001,-33.220126500718003],[151.17838880986,-33.220041789743988],[151.1784698845,-33.220001501267994],[151.17884015407,-33.219817503340003],[151.17915806465001,-33.219030130291991],[151.17915729514999,-33.219027575710008],[151.17945758463,-33.218574799068001],[151.17928929376001,-33.218065860703007],[151.17898437858,-33.217712872786002],[151.17829833171999,-33.216918645035996],[151.17771152962001,-33.21593945102498],[151.17748140741,-33.214887721105001],[151.17703269329999,-33.214539562688991],[151.17636394406,-33.214107989921011],[151.17555425995999,-33.213741692050995],[151.17423116615001,-33.213180749525989],[151.17322305185999,-33.212427587496983],[151.17319159552,-33.212401432695984],[151.17284664296,-33.211863856404001],[151.17182164342,-33.211118445596995],[151.17148444182999,-33.210700024963003],[151.17070447024,-33.210420093941991],[151.16968541479,-33.209629257924007],[151.16964404864001,-33.209601916975998],[151.16939786392001,-33.209226285089997],[151.16857677205999,-33.208618163273009],[151.16772404471001,-33.208101907825004],[151.16664270485001,-33.207320883257005],[151.16561884955999,-33.206991979198001],[151.16419523701001,-33.206585656179996],[151.16303906137,-33.206503331028991],[151.16261180984,-33.206490063846999],[151.16178260410001,-33.206339507908993],[151.16135983364001,-33.206154792184023],[151.16121573917999,-33.206061764921003],[151.16104042220999,-33.205895598835014],[151.16084761021,-33.204936021313998],[151.16086185584001,-33.20490662257901],[151.16099855658999,-33.204433882610019],[151.16131809573,-33.204381529782005],[151.16163735027999,-33.204280021659002],[151.16205156093,-33.20390289784001],[151.16202282802001,-33.203686474307979],[151.16171146515001,-33.20358888146901],[151.16051816513999,-33.203336760405016],[151.15976785665001,-33.20275432588199],[151.15914366639001,-33.201606837155992],[151.15891312375999,-33.201057112809998],[151.15906187282999,-33.200665321727001],[151.15918823393,-33.200332498880002],[151.15861496754999,-33.200232205537027],[151.15838119009001,-33.200269736459013],[151.1581065805,-33.199676088979984],[151.15722807099999,-33.199372523640982],[151.15692029184001,-33.199227152348996],[151.15682311558999,-33.198994933711994],[151.15663695520001,-33.199164420119978],[151.15603461724001,-33.199261113853019],[151.15507993283001,-33.198869269806977],[151.15394122458,-33.19839276457499],[151.15272348481,-33.197767537823005],[151.15170979756999,-33.197650077223976],[151.15079967113999,-33.197438335357006],[151.15011523577999,-33.197430936784016],[151.14939628121999,-33.197454959540003],[151.14886135031,-33.197563640974003],[151.14818548197999,-33.197737567737015],[151.14749390335999,-33.197579042810993],[151.14672329680999,-33.197271801368991],[151.1458519876,-33.197119267554996],[151.14527967783999,-33.197198911962005],[151.14463975465,-33.197371619486013],[151.14384006933,-33.197087225490002],[151.1432245947,-33.196784827259982],[151.14298685175001,-33.196843870521],[151.14226749475,-33.196694004722012],[151.14072175082001,-33.196745549882991],[151.14071569312,-33.196749244476003],[151.14034436364,-33.196516907319996],[151.13962663628001,-33.196942194211005],[151.13920921414001,-33.19734221529],[151.13886387385,-33.197049637781994],[151.13829046587,-33.196342261652994],[151.13704688619001,-33.195929639891986],[151.13570259936,-33.195671708548019],[151.13410668885001,-33.195422141956996],[151.13295638011999,-33.195460427732016],[151.13307096109,-33.196364716921011],[151.13330799104,-33.196810881684989],[151.13299157538,-33.196972760927991],[151.13246089411001,-33.197172040898032],[151.13185973792,-33.197403932512003],[151.13146288621999,-33.197386863934994],[151.13126143279999,-33.197213018630997],[151.13078895198001,-33.19741395990799],[151.13043742541001,-33.197554698955997],[151.12995775575001,-33.19787175610599],[151.12997330828,-33.197681833891004],[151.12989948180001,-33.197720633541003],[151.12988915979,-33.197501237855015],[151.13003740536001,-33.196664674919006],[151.12987626504,-33.196139512364006],[151.12969338367,-33.195514701687017],[151.12940680080001,-33.195223122145009],[151.12915831554,-33.195016305808004],[151.12880073587999,-33.195028194803008],[151.12859553563999,-33.195379139071008],[151.12858347417,-33.195419823442002],[151.12849115103,-33.195550245956014],[151.1284030038,-33.195536201210018],[151.1282975924,-33.19593390540701],[151.12795040258001,-33.196164363276999],[151.12792943034,-33.196186337370015],[151.12770116086,-33.196099677809002],[151.12769953957999,-33.196100027659007],[151.12756607383,-33.195972556597994],[151.12723245082,-33.195768566184995],[151.12681705748,-33.195638985849016],[151.12634297251,-33.19571209243999],[151.12627037012999,-33.195856325420984],[151.12619685038001,-33.195862215699997],[151.12614940621,-33.195947939208004],[151.12596156498,-33.19625154783698],[151.12585252850999,-33.195830071558007],[151.12565534066999,-33.19526308558499],[151.12525798566,-33.194832394443985],[151.12520610614001,-33.194776162234994],[151.12512563303,-33.194718484368018],[151.1251509942,-33.194661968517011],[151.12503066478001,-33.194278826310978],[151.12491572076999,-33.194010213897997],[151.12469592186,-33.193687728594007],[151.12490315183999,-33.193379740021996],[151.12521409802,-33.192738518499993],[151.12514552751,-33.192367998472008],[151.12498980570001,-33.191957354690992],[151.12497979150999,-33.191892012437002],[151.12508204310001,-33.19186101382801],[151.12519287807999,-33.191653902479999],[151.12523342402,-33.191415908772996],[151.12489555484001,-33.191342321460006],[151.12489142813999,-33.191315392942975],[151.12461181322999,-33.190808495562983],[151.12424281924001,-33.190576996651984],[151.12383485078999,-33.190604881152979],[151.12349902166,-33.190716402754994],[151.12340147373001,-33.190801126504006],[151.12274421868,-33.190692393559999],[151.12244233595999,-33.191526875617008],[151.12247161895999,-33.192150513333992],[151.12206720998,-33.192183440230011],[151.12166729929001,-33.192383112864],[151.12154855828001,-33.192759853550982],[151.12177976750999,-33.19332571712701],[151.12182307271999,-33.193437697055003],[151.12179098927999,-33.193438760791004],[151.12130532165,-33.193454878564985],[151.12090523704001,-33.193684045283],[151.12050717389999,-33.193956321714992],[151.11989793826999,-33.194106065999996],[151.11961051297999,-33.194547383706997],[151.11978737000001,-33.195197714964991],[151.11978825074999,-33.195200952894005],[151.1197967096,-33.195232057003984],[151.11993163375001,-33.195918429883001],[151.11994111899,-33.19612053148299],[151.11995591249001,-33.196435763147996],[151.11993700478001,-33.197127239281002],[151.11970287067001,-33.19760996572699],[151.11952001327001,-33.198090989563021],[151.11973893275001,-33.198470217242004],[151.11955238288999,-33.198780764426992],[151.11982355267,-33.19899143783401],[151.11985087287999,-33.199012661644012],[151.11984258680999,-33.199046072726993],[151.1198249601,-33.199117147335009],[151.11985276758,-33.19907529884599],[151.11987957186,-33.199034958816],[151.11992549383001,-33.199070634160009],[151.12009297590001,-33.199134226799011],[151.11994051824999,-33.199250816044994],[151.11992437756999,-33.19928086100802],[151.11967910503,-33.19973743327499],[151.11963614728,-33.200336291359008],[151.12056413055001,-33.200424995715004],[151.12107339982001,-33.20067694370799],[151.12187811384001,-33.200627625194997],[151.12206837741999,-33.200615964545001],[151.12213629202,-33.200611801668991],[151.12206209275001,-33.200672565532976],[151.12193399170999,-33.200777469856007],[151.12179413235,-33.200892000381003],[151.12180248285,-33.201069862514004],[151.12122976134,-33.200964758941986],[151.12052194776999,-33.201145966107994],[151.11999919701,-33.201636472495991],[151.12015824395999,-33.202057067229973],[151.12021339258999,-33.202202904276],[151.12028574464,-33.202245231242998],[151.12073106739001,-33.202505751082995],[151.12060061670999,-33.202782947101014],[151.12090088630001,-33.203365880979014],[151.12106848284,-33.203673457185026],[151.12126200358,-33.204028606695999],[151.12182249886001,-33.20414223233302],[151.12229313482001,-33.204070466160005],[151.12267222521001,-33.203892153483999],[151.12299383780999,-33.203476353448977],[151.12309162084,-33.203439773384993],[151.12318825346,-33.203492733466007],[151.12375141044001,-33.203378446070978],[151.12404658366,-33.203368646187023],[151.12463064843999,-33.203215428132012],[151.12493776421999,-33.202975813385009],[151.12513493763001,-33.202816323525006],[151.12563563521999,-33.202852130648004],[151.12641272203999,-33.202907703107002],[151.12702038590001,-33.202772806843001],[151.12764420207,-33.20298149236001],[151.12819272352999,-33.203039734096997],[151.12836987835999,-33.202938257548006],[151.12850595800001,-33.202800573873994],[151.12856524972,-33.202740583742987],[151.12925179856001,-33.202832469411021],[151.12946662388001,-33.202985334146],[151.12921136859001,-33.202953188472009],[151.12854367009001,-33.203262153220997],[151.12793048776001,-33.203521508896003],[151.12752334016,-33.203535039357014],[151.12747637606,-33.203536600130995],[151.12712345350999,-33.203285455550002],[151.12660248232001,-33.203087687137973],[151.12632883066999,-33.203081459719002],[151.12617563347001,-33.203077972319001],[151.12547617793999,-33.203316282915992],[151.12506614639,-33.203664463741006],[151.12456984239,-33.203991611523996],[151.12387373963,-33.204301493614999],[151.1235114943,-33.20445690438401],[151.12318211242001,-33.204706810793979],[151.12315854486999,-33.205380791862005],[151.12315785032999,-33.205400639769998],[151.1230989684,-33.205638099555991],[151.12301445311999,-33.205978936878005],[151.12303462478999,-33.206408419493989],[151.12312046807,-33.207114245604991],[151.12298989108001,-33.207153176621006],[151.12296181103,-33.207212843376993],[151.12262679045,-33.206737654253999],[151.12226557650999,-33.206309931534996],[151.12181891796001,-33.205999749642984],[151.12140931005999,-33.205994224001998],[151.12131482999001,-33.206130628767006],[151.12073805707999,-33.205998298378013],[151.12051210663,-33.206483740949977],[151.12065494424999,-33.207255665260014],[151.12034963298001,-33.207564509855985],[151.12005411832999,-33.20808213031799],[151.12004103820999,-33.208560510197003],[151.11998687709999,-33.208920766243011],[151.11954243664999,-33.209293966081994],[151.11935615034,-33.209867706556992],[151.11951906879,-33.210310377667994],[151.12000551132999,-33.210831931638012],[151.11988178683001,-33.211224368498996],[151.11965302108999,-33.211650159285995],[151.11968241727999,-33.212276486551005],[151.11971741251,-33.213022115621008],[151.12050500595001,-33.213145352248986],[151.12113247094001,-33.212885563815007],[151.12200409723999,-33.212528055675016],[151.12290279077001,-33.211990413461997],[151.1241931667,-33.211469631046029],[151.12550919134,-33.210738883074029],[151.12610998547001,-33.209912391913996],[151.12636632893,-33.210829899742002],[151.12695645516001,-33.211288241723999],[151.12729260901,-33.211635533696025],[151.12837386558999,-33.211958064292006],[151.1290284451,-33.21188097852599],[151.12950939921001,-33.211881163400001],[151.13007439827001,-33.211805024767962],[151.13022077849999,-33.21153250527],[151.13023759578999,-33.211394875955008],[151.13065205180999,-33.211284894108992],[151.13123697272999,-33.210877109572976],[151.13161883289001,-33.210685177027024],[151.13211696155,-33.210698481308988],[151.13242046337001,-33.211106589221998],[151.13164691021001,-33.21128167910198],[151.13092848706,-33.211873136557983],[151.13093371206,-33.212739242672981],[151.13130537090001,-33.213085344773994],[151.13174799462001,-33.213429082990992],[151.13215380643001,-33.213650196573013],[151.13219117067001,-33.21379067011901],[151.13227507401999,-33.214106102629017],[151.13310090037999,-33.214429588934003],[151.13311258799001,-33.21443416666601],[151.13276637811001,-33.214679693404008],[151.13233919123999,-33.21466403205801],[151.13170191944999,-33.21471510150301],[151.13128315627,-33.214878387248987],[151.13118972998001,-33.21507393739401],[151.13098167843,-33.215040023118988],[151.13054980794001,-33.21483918780401],[151.13038600177001,-33.214537250965009],[151.13037504978001,-33.214460509916989],[151.13000058451999,-33.21405475434301],[151.1289164913,-33.213672588408997],[151.12821387247001,-33.213845299094004],[151.1280691099,-33.214208799405021],[151.12752853469999,-33.214187324305001],[151.1269375899,-33.214195658777982],[151.12673900992999,-33.214120285220012],[151.12657750899001,-33.213810053112013],[151.12588793360999,-33.213504370454004],[151.12522640156001,-33.21379518481799],[151.12486189571001,-33.214331413402988],[151.12472173680999,-33.214352245045994],[151.12392788197999,-33.21470121517698],[151.12372005838,-33.214998091628004],[151.12370049787,-33.214994933963993],[151.12300346412999,-33.215286915561009],[151.12289375769001,-33.215977603457006],[151.12297758923,-33.216347279644985],[151.12241907811,-33.217024785690022],[151.12288682600001,-33.217313701012003],[151.12209644396,-33.217925145279992],[151.12229185344,-33.218486945140015],[151.12212435512001,-33.218512352647004],[151.12143288817001,-33.218923626987007],[151.12089286619999,-33.219985342324001],[151.12035203457,-33.219977169765997],[151.12031023777999,-33.219976538742003],[151.11993180483,-33.219970817142006],[151.11976900331001,-33.219298129842016],[151.11907319114999,-33.218691850958002],[151.11873007039,-33.218165374157017],[151.11835986378,-33.216374004001992],[151.11872336031999,-33.216072110873],[151.11868697259999,-33.215296655822009],[151.11767667286,-33.214971689891989],[151.11723269857001,-33.214598074384995],[151.11679432414999,-33.214343759204006],[151.11648948619001,-33.213905787215012],[151.11629948800999,-33.213643237678014],[151.11568231223001,-33.21336497389899],[151.11517578026999,-33.213172653020997],[151.114777621,-33.212259824153008],[151.11428001659999,-33.211499646799986],[151.11370293955,-33.211227663113007],[151.11357994636001,-33.210909312416995],[151.11249956705001,-33.210050748556995],[151.11246459367999,-33.209916825793982],[151.11232042633,-33.209115067390023],[151.11167256085,-33.208180624551986],[151.11156530367001,-33.207932899717996],[151.11148732366999,-33.20714306192599],[151.11152556016,-33.206860580108994],[151.11160169913001,-33.206733864705015],[151.11218992081001,-33.205994436700003],[151.11222866241999,-33.205990382832013],[151.11243155163999,-33.205690684475002],[151.11261618745999,-33.205458580254991],[151.11270395411,-33.206682772735],[151.11357308273,-33.207789112367017],[151.1142638259,-33.208571358838988],[151.11455364878,-33.209100185607987],[151.11526041907999,-33.209751802637001],[151.11578011033001,-33.210018808710011],[151.11633263162,-33.209183356523006],[151.11637876679001,-33.208364682725005],[151.11629664615,-33.207514731350997],[151.11623348693999,-33.207015581434],[151.11639516256,-33.206590372927018],[151.11698011839999,-33.206182655220992],[151.11742035675999,-33.205719989571001],[151.11748901914001,-33.204911179587008],[151.11745544231999,-33.204195372893004],[151.11719702848001,-33.204094819900988],[151.11696765593999,-33.203904733725018],[151.11596624565999,-33.203402623877999],[151.11590148651999,-33.202936087081007],[151.11728995825999,-33.202324156277001],[151.11768350616001,-33.201624063593016],[151.11729516317001,-33.200920017193994],[151.11646566275999,-33.200533366471987],[151.11627804494,-33.200445911975009],[151.11626644153,-33.200446295403005],[151.1169675532,-33.199806758040992],[151.11710687748999,-33.198815936564991],[151.11701226189999,-33.198630311901013],[151.11684534872001,-33.198302839386017],[151.11688181922,-33.198110371956993],[151.11703687965999,-33.197292092367],[151.11626278878001,-33.196791844044014],[151.11527814931,-33.196155513645003],[151.11525467345001,-33.196145736376991],[151.11448093279,-33.195823467272987],[151.11435313837001,-33.19577493562501],[151.11339596978999,-33.195411429261],[151.11303400179,-33.195273960970994],[151.11234128077001,-33.195655360987004],[151.11203513138,-33.195187550749999],[151.11156474086999,-33.194247233433998],[151.11048655719,-33.193984207058996],[151.10981570013001,-33.194185141071003],[151.10936535510999,-33.194320026355989],[151.10893687136999,-33.194274460738022],[151.10889442110999,-33.194189594920005],[151.10870169591999,-33.193804295747995],[151.10870511153999,-33.193738781099995],[151.10954776712001,-33.193920390509014],[151.11150772482,-33.193728178050989],[151.11183398249,-33.193749547768007],[151.11188731304,-33.193811390548007],[151.11225771637001,-33.19395206941698],[151.11248385454999,-33.193925463569997],[151.11282261653,-33.193876011287983],[151.11309326630999,-33.193828810556987],[151.11317403827999,-33.193777727056997],[151.11360658692001,-33.193737311039001],[151.11370998708,-33.193727648692985],[151.1138156056,-33.193753411998976],[151.11394838122999,-33.193878582322995],[151.11410586962,-33.194027048913],[151.11422375487001,-33.194138177770022],[151.11443135315,-33.194322479645017],[151.11458855315999,-33.194275389204989],[151.11487982721999,-33.194188133702006],[151.11500911012001,-33.194132675009016],[151.11509528652999,-33.194336026227994],[151.11542565974,-33.194592729553001],[151.11576800237,-33.194619620934994],[151.11619488932999,-33.194509883451005],[151.11638826799,-33.194165858436001],[151.11643069125,-33.194177034063991],[151.11681920996,-33.193734002977003],[151.11686138127001,-33.192814946672982],[151.11669085515999,-33.192641677967018],[151.11673602070999,-33.192576466762986],[151.11645208399,-33.191976495489016],[151.1157374451,-33.191283260947017],[151.11546190989,-33.190862239671993],[151.11487834476,-33.190236348776985],[151.11416540841,-33.189578896724996],[151.11349549746001,-33.18932446491101],[151.11353267516,-33.189094839787984],[151.11351143453999,-33.188641493891012],[151.11358315191001,-33.188352350671998],[151.11348236966001,-33.188021126227994],[151.1132569017,-33.187455058852002],[151.11318114545,-33.187051314210002],[151.11297735212,-33.186341144114998],[151.11292550248999,-33.185841017529995],[151.11290538354001,-33.185411530921982],[151.11286471260999,-33.185150008299011],[151.11268216278,-33.184893182603993],[151.11229650915001,-33.184547495605003],[151.11209608005001,-33.183908904992983],[151.11203530073001,-33.183217893927001],[151.11185448188999,-33.182979336356986],[151.11203135865,-33.182607593606015],[151.11197390084001,-33.181318253373995],[151.11176232749,-33.180599225591017],[151.11163944035999,-33.179714522040996],[151.11165018989001,-33.179213613245004],[151.11157123756999,-33.178926088899999],[151.11162724447999,-33.177638470673017],[151.11162212863999,-33.17761588914999],[151.11236897930999,-33.178163929547985],[151.11303332185,-33.179415347975997],[151.11339230272,-33.180613208580006],[151.11345186839,-33.181884657806997],[151.11401980214001,-33.182693567258013],[151.11427341938,-33.183258204702007],[151.11454595564001,-33.183790483239989],[151.11453092419001,-33.183814661775003],[151.11454702137999,-33.184387558662003],[151.11485241457001,-33.184702370566001],[151.11455289650999,-33.185437510694996],[151.11464870521999,-33.185465655917987],[151.11451796746999,-33.18565652862101],[151.11433847674999,-33.18590345740099],[151.11431304129999,-33.185892732218996],[151.11389066204001,-33.186097905308003],[151.11390854977,-33.186479670241013],[151.11416989196999,-33.186719543470005],[151.11432493577999,-33.186769434554009],[151.11446528811999,-33.186958288986013],[151.11467496796999,-33.187066049596005],[151.11481743926001,-33.187195154304014],[151.11512150358999,-33.187376256884995],[151.1152403804,-33.187487024590006],[151.11548171279,-33.187784912616003],[151.11559375085,-33.187956113002002],[151.11548271548,-33.188057136841991],[151.11573039698001,-33.188494627246996],[151.11588799469999,-33.188529750508991],[151.11594224139,-33.188878486161997],[151.11595835016999,-33.189222075318],[151.11620774327,-33.189691755316986],[151.11708531661,-33.190465617640008],[151.11717612574,-33.190462605730012],[151.11798324065001,-33.19070349596803],[151.11855975509999,-33.190875555519995],[151.11882949712,-33.190809256961998],[151.11927817048999,-33.190679668135999],[151.11967695919,-33.190456143626001],[151.11998314671001,-33.190197453124021],[151.12017134318,-33.189847087743992],[151.12026693691001,-33.189461557655015],[151.12024689123999,-33.189384042393009],[151.12077628367999,-33.189171390196989],[151.12127082404999,-33.189268336434992],[151.12182047933999,-33.189392731990004],[151.12197685929999,-33.189428122769002],[151.12213577804999,-33.189197455577002],[151.12215989200999,-33.189162454044002],[151.12192312585,-33.188622019140013],[151.1212247396,-33.188104437274994],[151.12056178533999,-33.188094425528988],[151.12030619359001,-33.187798081234995],[151.11977693349999,-33.187421335003968],[151.11936688663999,-33.187161237853019],[151.11960386218999,-33.186959993483995],[151.11970482958,-33.186688992887994],[151.11968960371999,-33.186364492831999],[151.11988795584,-33.185746140771009],[151.11992196561999,-33.185647543500998],[151.12043208873999,-33.185192412836003],[151.12075707682001,-33.184889809956985],[151.12121379921999,-33.184464542420983],[151.12137499087001,-33.183560272979008],[151.12157712326001,-33.183396302135002],[151.12178078436,-33.183160769266003],[151.12173270700001,-33.182754414763998],[151.12142576867001,-33.182511175522002],[151.12139247555999,-33.182455310019009],[151.12112443328999,-33.182005552939991],[151.12113258381001,-33.181623906275],[151.12113322241001,-33.181618970474013],[151.12152035120999,-33.181772796695014],[151.12164131282,-33.181784979702002],[151.12169646960001,-33.182517199730007],[151.12201196106,-33.183940571980017],[151.12236479308001,-33.184645781856005],[151.12320907045,-33.184468393469999],[151.12371310265999,-33.183854222488016],[151.12373316348001,-33.183524966503008],[151.12293602957001,-33.183192972643987],[151.12258459514001,-33.182517589361986],[151.12248145044001,-33.181833963093013],[151.12251433315001,-33.181778625679996],[151.122684394,-33.181757840080003],[151.12274691652999,-33.181767576077],[151.12279233359999,-33.181744648886003],[151.12295045210999,-33.181725323064001],[151.12377242247001,-33.181315669880995],[151.12409643618,-33.180878860945995],[151.12424833010999,-33.180879139634015],[151.12483123657,-33.181188366573004],[151.12568528489001,-33.181219738315029],[151.12594941149999,-33.180792757130007],[151.12568627435999,-33.180059735008001],[151.1257943967,-33.179904665562006],[151.12546366347999,-33.179446331763998],[151.12507111799999,-33.179225672500998],[151.12503504720999,-33.178809419988994],[151.1251802303,-33.178787029436002],[151.12551248307,-33.178298040058991],[151.12539780130999,-33.178189235197003],[151.12502515647,-33.177387711490006],[151.12495893042001,-33.177192214932994],[151.12506770076001,-33.177147816031997],[151.12529775038001,-33.176751839384991],[151.12488519954999,-33.176287595898003],[151.12462544434999,-33.176188953588991],[151.12448581884999,-33.176067250157004],[151.12438753267,-33.176098605096982],[151.12387252798999,-33.17590302730801],[151.1236214804,-33.175828100326981],[151.12357832409,-33.175787888344004],[151.12384462253999,-33.175532651645],[151.12404876535999,-33.175273262519994],[151.12404016004001,-33.175137816652999],[151.12426170216,-33.175113432793999],[151.12474561846,-33.174828513316001],[151.12422528120999,-33.174337976098997],[151.12412360043001,-33.174289116108994],[151.12408248277001,-33.173978265655002],[151.12358389670999,-33.173861535074018],[151.12356923207,-33.173810534861019],[151.1233757718,-33.173569011950995],[151.12332568143,-33.173284945747987],[151.12332514894001,-33.173281920556022],[151.12341685057001,-33.172973114473997],[151.12387168351,-33.172932251893982],[151.12401807597999,-33.172719712894995],[151.12402570291999,-33.172361917994017],[151.12381252468001,-33.171714467083994],[151.12373411486001,-33.171567563560991],[151.1235942639,-33.171305546481015],[151.12358291422001,-33.171288125162008],[151.12373661369,-33.170739716125986],[151.12335396221999,-33.170154986823015],[151.12305978320001,-33.170043260365993],[151.12294610817,-33.169768692012987],[151.12266299166001,-33.169740559650016],[151.12221377342999,-33.169519038175984],[151.12208555518001,-33.169496487601002],[151.12168956093001,-33.16942683807401],[151.12161879339999,-33.169306007681001],[151.12173721170001,-33.169249378542006],[151.12217536705,-33.168659475288983],[151.12238255104,-33.168256970935992],[151.12247679367999,-33.167828901149996],[151.12239730422999,-33.167565235734983],[151.12214764551999,-33.167299001926985],[151.12186911820999,-33.167056192807998],[151.12146579847001,-33.166782457892005],[151.12136573574,-33.166714546205995],[151.12134192729999,-33.166670233348981],[151.12112015445001,-33.166257487813006],[151.12102630304,-33.166092269323002],[151.12093312951001,-33.165731904970983],[151.12082026643,-33.165686631254992],[151.12082447367001,-33.165489482691008],[151.12082582255999,-33.165426248514997],[151.12083465529,-33.165012422376002],[151.12080662132001,-33.164910357577021],[151.12107497162,-33.164734235900973],[151.12101711832,-33.164258207351011],[151.12040307187999,-33.164039612979998],[151.12031815533001,-33.163743713909014],[151.12055099292999,-33.163407395408989],[151.12094854060999,-33.162796762688998],[151.12086222248999,-33.162471038914006],[151.12063546255001,-33.162179847343999],[151.12048011145001,-33.162108299615007],[151.12054839814999,-33.161933886116017],[151.12066257651,-33.161642266699992],[151.12080063488,-33.161289648918995],[151.12078296423999,-33.160788309734009],[151.12046323036,-33.16039382257901],[151.12045635848,-33.160385342867997],[151.12031307333001,-33.160208558583008],[151.12017028855999,-33.160162429029988],[151.12018290959,-33.160103838208983],[151.12002427994,-33.159750640150001],[151.11882143706001,-33.159850298325004],[151.11800306116999,-33.159817701749013],[151.11700319080001,-33.159701507088997],[151.11628280919001,-33.159486420223992],[151.11617729315,-33.159499313588995],[151.11599271066001,-33.159443482858009],[151.11560701152001,-33.158488423520993],[151.11505111968,-33.157539006402999],[151.11442187328001,-33.156842941035009],[151.11409019013999,-33.156769569919],[151.11374435675,-33.156433944024982],[151.11408172988001,-33.156534689011004],[151.1143962118,-33.155622929072997],[151.11364352726,-33.155370897596995],[151.11364013789,-33.155346454220002],[151.11291741929,-33.154926865184009],[151.11290988491999,-33.155125241375991],[151.11260411296999,-33.155022854485985],[151.11262286447001,-33.154976216722993],[151.11181384963001,-33.153155928773991],[151.11155210817,-33.151395127834995],[151.10841121931,-33.154845346310999],[151.11069550182,-33.155880412208006],[151.11077669897,-33.155894275208979],[151.11005238643,-33.156303080986007],[151.10936421257,-33.15662155258898],[151.10904451875999,-33.156587540087003],[151.10832899144,-33.156165120203987],[151.10766640287,-33.155396418698992],[151.10714319271,-33.154230970398991],[151.10631272462999,-33.154012035441006],[151.10627723094001,-33.154506026453994],[151.10604224987,-33.155745840317017],[151.10619345284999,-33.156097139231008],[151.10557638531,-33.156139485981015],[151.10433906648001,-33.156662968905991],[151.1031255396,-33.15754337004099],[151.10272103264001,-33.158447564740996],[151.10317313075001,-33.158780688025992],[151.10365287913999,-33.158839194431984],[151.10349613899001,-33.158934770293982],[151.10297759081001,-33.159049837177001],[151.10258863509,-33.158884547791999],[151.10210720025,-33.158468676312985],[151.10150715411999,-33.157711297777986],[151.10117747840999,-33.157247230532022],[151.10089503840999,-33.156695247051999],[151.10025382622001,-33.156155113245987],[151.09967594611999,-33.155871952894998],[151.09950999999,-33.155877432362992],[151.09980577542001,-33.155718070161996],[151.10005172237999,-33.154515734091007],[151.10035506740999,-33.153895904325985],[151.10032443833001,-33.153620407978998],[151.10073266696,-33.153123030252992],[151.10031103841999,-33.152611217203997],[151.10047335890999,-33.151219812211984],[151.1005477546,-33.149162183998016],[151.10082574929999,-33.147814749239011],[151.10062883199001,-33.147247718732999],[151.0998668615,-33.146747146302992],[151.09882571874999,-33.146351377924994],[151.09744644509999,-33.146014560954001],[151.09656214981001,-33.145326828826029],[151.09649445736,-33.145117829635005]],[[151.17098639624999,-33.231809957187991],[151.17105350777999,-33.231829103811002],[151.17148471172001,-33.231952114109006],[151.17165094373999,-33.232110678301012],[151.17171594784,-33.232381034559012],[151.17154190693,-33.232676686394996],[151.17101313174001,-33.23303856459701],[151.17075962799001,-33.233448554763001],[151.17080419512001,-33.233479032241014],[151.17068916760999,-33.233583744309009],[151.1713396191,-33.234345752320991],[151.17229085067001,-33.234256458532997],[151.17287883711001,-33.234017723542003],[151.17311074085001,-33.234450094545977],[151.17306852811001,-33.234469640379977],[151.17275479654,-33.234599666223993],[151.1723573205,-33.234463653861994],[151.17211456735001,-33.234591294378014],[151.17195839051999,-33.235044619415007],[151.17179370252001,-33.235318997987008],[151.17171559196001,-33.235919063713986],[151.17181238885999,-33.236336216485995],[151.17111209807999,-33.236427984806006],[151.1706604421,-33.236994279009991],[151.17021645911001,-33.236895591039996],[151.17003927648,-33.237172209484008],[151.16964025372999,-33.237080080136003],[151.16970974492,-33.236071130035995],[151.16921074928001,-33.23594971048],[151.16799511289,-33.236069445377012],[151.16744542361999,-33.236364209321998],[151.16615282156999,-33.236841783210984],[151.16649486937999,-33.239593575328001],[151.16718760993001,-33.240093307777009],[151.16657004218001,-33.239828058249017],[151.16631660857001,-33.239719206304997],[151.16551045755,-33.240691646728997],[151.16545680670001,-33.240681013671988],[151.16450431589999,-33.240492239844997],[151.16295593571999,-33.240728762593996],[151.16109659003001,-33.240396755378008],[151.16111928535,-33.240094573420997],[151.16113490614001,-33.239348818342009],[151.16203407037,-33.238802623788992],[151.16293010434001,-33.238405574638996],[151.16294102732999,-33.237883544315991],[151.16283637047999,-33.237853301576962],[151.16286486371999,-33.237770629261007],[151.16304677289,-33.237817386018008],[151.16363518316999,-33.237032947458005],[151.16348765116001,-33.236320963623001],[151.16346751933,-33.236162592646018],[151.16385490241001,-33.236260077414997],[151.16639425324999,-33.236557317668996],[151.16728286284999,-33.236106920497001],[151.16756368355999,-33.235313655998013],[151.16838522268,-33.232972806948005],[151.16838705264999,-33.232090888799],[151.16853124943,-33.232006798749985],[151.16855097486999,-33.231995295980006],[151.1685864191,-33.232015364252007],[151.16894486411999,-33.232218302987015],[151.16996836242001,-33.232064470244993],[151.17060573774,-33.232013202405],[151.17098639624999,-33.231809957187991]],[[151.00366647852999,-33.268080726210997],[151.00384594641,-33.267872400000002],[151.00377734580999,-33.268540581442998],[151.00377081871,-33.268980021039994],[151.00348008608,-33.269264950946003],[151.00300898104999,-33.270357354076012],[151.00267018092001,-33.271714800684997],[151.00279230608001,-33.273528750791002],[151.00252689807999,-33.273825697656001],[151.00208605284001,-33.274865266851975],[151.00214912041,-33.276247494864009],[151.00316399008,-33.277086389113997],[151.00336232940001,-33.277019098094982],[151.00356051508999,-33.277173273980004],[151.00483496509,-33.276997569237992],[151.00623110122001,-33.275976346516011],[151.00593552141001,-33.27652448627699],[151.00509042537001,-33.277325977299007],[151.00483331672999,-33.277839210579018],[151.00466084863001,-33.278450709176006],[151.00475776887001,-33.278817884487999],[151.00477772292999,-33.279254864673021],[151.00511322661001,-33.279580691757971],[151.00536869397001,-33.279909096842012],[151.00525243262999,-33.280213496059993],[151.00519062187001,-33.28016541490399],[151.0048636022,-33.280107833480002],[151.00476651494,-33.280115637421986],[151.00465770143001,-33.280111539606999],[151.00468341801999,-33.280094230668013],[151.00468776105001,-33.279903421882992],[151.00472046834,-33.279464931361986],[151.0045456837,-33.279156723014992],[151.00408853732,-33.279149377703],[151.00387888137001,-33.278879857180009],[151.00297391179001,-33.278370384294007],[151.00221522411999,-33.277553224617002],[151.00199686716999,-33.276281044492009],[151.00176011476,-33.274605494800994],[151.00175805437999,-33.274578465910011],[151.00214465072,-33.274496547304999],[151.00236397777999,-33.27417938167401],[151.00220166522999,-33.273856082471987],[151.00170011981001,-33.273527325849997],[151.00167777716001,-33.273525256768998],[151.00166028953001,-33.273295834016992],[151.00134965410999,-33.271757313638034],[151.00105574131001,-33.271463803627],[150.99957225380999,-33.270568966577017],[150.99827643437001,-33.270274018908005],[150.99648053125,-33.269557512209992],[150.99630515667999,-33.269226516422016],[150.99809339057001,-33.269774956523982],[150.99955079484999,-33.270098370425025],[151.00175915918001,-33.27107086507899],[151.00216851622,-33.271259666057013],[151.00279356458,-33.270027655035001],[151.00324152996001,-33.269306297169003],[151.00366647852999,-33.268080726210997]],[[151.15849337296001,-33.305670871694986],[151.15869287992001,-33.304365394872008],[151.15994132669999,-33.303557715371987],[151.15994035422,-33.303472135166984],[151.16019762741001,-33.303411515697],[151.16055498674999,-33.30326573637803],[151.16110144064999,-33.303266567469983],[151.16164879662,-33.303286486736006],[151.16194990330001,-33.303745500103986],[151.16193048395999,-33.304017698748986],[151.16185532054999,-33.304245870601015],[151.16179775195999,-33.304280956788006],[151.16177240185999,-33.30427056449799],[151.16174671982,-33.304312057589009],[151.16170120199001,-33.304339799149986],[151.16168608338,-33.304410020401995],[151.16137591283001,-33.304911138634992],[151.16115840395,-33.305359543259001],[151.16108661165001,-33.305358480949984],[151.16080067838001,-33.305984159700984],[151.16080827262999,-33.306081338285992],[151.16079762645001,-33.306103288180005],[151.16054186163001,-33.306137651652001],[151.15973890634001,-33.306489517661014],[151.15867140840999,-33.306544337112015],[151.15802767052,-33.30641292238802],[151.15849337296001,-33.305670871694986]],[[151.02241438693,-33.198683130244],[151.02478533820999,-33.198683130103021],[151.02439311237001,-33.199068479443021],[151.02384228465999,-33.199584649586988],[151.02309714408,-33.19990685071599],[151.02277595202,-33.200307363826987],[151.02183757404001,-33.200387885017015],[151.02176683014,-33.200408914463004],[151.02175815103999,-33.200386025760992],[151.02132136379001,-33.200121391140989],[151.02112225255999,-33.199889168307998],[151.02085343829,-33.199727415147017],[151.02046321509999,-33.199663942389002],[151.01998691566999,-33.19964204615799],[151.01973577256001,-33.199451939734011],[151.01973106713001,-33.199440321038004],[151.02025383526001,-33.198469660108998],[151.02053407491999,-33.197828440897993],[151.02241438693,-33.198683130244]],[[151.05986329216,-33.179859909927004],[151.05986753581001,-33.179941160319999],[151.05988603227999,-33.180295415268994],[151.06008323169999,-33.180887856861006],[151.06012553765001,-33.18101495670701],[151.06007078127001,-33.181124153869021],[151.05976937868999,-33.181725210395015],[151.05908545465999,-33.181857706006994],[151.05857393468,-33.181822800739006],[151.05828058665,-33.181687539062992],[151.05779461147,-33.181502687063009],[151.05756934505001,-33.181489622932986],[151.05756162937999,-33.181476024093016],[151.05725125360999,-33.181471177595007],[151.05716202632999,-33.181466002869001],[151.05715958572,-33.181469745070999],[151.05671067509999,-33.181462735820986],[151.05651686504001,-33.181441430460978],[151.05657081189,-33.181279590562987],[151.05661442472999,-33.181304632968001],[151.05897061534,-33.181304630088995],[151.05904348444,-33.181134605025001],[151.05929603307999,-33.181134604507001],[151.05985266754999,-33.179835793523985],[151.05986329216,-33.179859909927004]],[[151.06543480053,-33.178796286036018],[151.06537683072,-33.179306468238018],[151.06533056306,-33.179416380819013],[151.06524594781001,-33.179506244631995],[151.06517250921999,-33.179565756008003],[151.06485525251,-33.179799424729993],[151.06451487763999,-33.179794130075997],[151.06390400538001,-33.179568855685993],[151.06383937140001,-33.179545019414988],[151.06381648568001,-33.179563565160009],[151.06377030747001,-33.179600987872007],[151.06361196389,-33.179551203119004],[151.06256683672001,-33.179222601816015],[151.06372953703999,-33.179222601585998],[151.06543480053,-33.178796286036018]],[[151.02959287188,-33.198449192993991],[151.03154002113001,-33.19864390778401],[151.03151351075999,-33.198656148650976],[151.03097197039,-33.198673725538995],[151.03091202017001,-33.198660319964006],[151.02952472160999,-33.198752132122998],[151.0290298811,-33.198885173122015],[151.02839189836999,-33.19897883692601],[151.02780824918,-33.198645471874002],[151.02753708412999,-33.198494990545008],[151.02894905434999,-33.198386378260992],[151.02923033554001,-33.198591747742007],[151.02959287188,-33.198449192993991]],[[151.04629362198,-33.190496888755007],[151.04850192399999,-33.189944813476991],[151.04851108349001,-33.19014346461001],[151.04828047282001,-33.19024083383799],[151.04809006136,-33.190282981062019],[151.04766738322999,-33.190386607722999],[151.04710607281001,-33.190728368977986],[151.04651018434001,-33.190783725311995],[151.04570172775999,-33.190891485175989],[151.04629362198,-33.190496888755007]],[[151.04085521111,-33.193924206372991],[151.04164062179001,-33.193440876602999],[151.04159777710001,-33.194106458273005],[151.04080248387999,-33.194473772712016],[151.04030597197001,-33.194831361685004],[151.03990863876999,-33.194870780283999],[151.04085521111,-33.193924206372991]],[[151.06770138728001,-33.167174586380995],[151.06669704189,-33.166923494178],[151.06694162191999,-33.166909756122003],[151.06805913577,-33.167112113230999],[151.06856940461,-33.167187547865993],[151.06870314604001,-33.167236868434983],[151.06916955695999,-33.167546567812018],[151.06913435675,-33.16754602211099],[151.06907763384999,-33.167545141354005],[151.06918270712001,-33.167928537450003],[151.06906089192,-33.168308411554001],[151.06881387882001,-33.168508627845],[151.06881387778,-33.16745270248699],[151.06770138728001,-33.167174586380995]],[[151.06676853955,-33.174595025009005],[151.06676949881,-33.174596354298998],[151.06680987241,-33.174815361675989],[151.06709712909,-33.175184600747009],[151.06709848556,-33.175206169289012],[151.06696247477001,-33.17614031656101],[151.06653700850001,-33.176447255719992],[151.06676853955,-33.174595025009005]],[[151.06688920933999,-33.173629675825005],[151.06692465012,-33.17362076106599],[151.06712647149001,-33.173481823482014],[151.06725006756,-33.173450735011023],[151.06799358787001,-33.172938879398991],[151.06814503323,-33.172159656389994],[151.06794429148999,-33.171506677463015],[151.06760639341999,-33.171354867684009],[151.06771281802,-33.17114201865899],[151.06772687979,-33.171113863945997],[151.06779726891,-33.171159993014982],[151.06804519895999,-33.171497886684001],[151.06823587861001,-33.171858750948999],[151.06833938171999,-33.172313704005013],[151.06830212021001,-33.172718752150992],[151.06809677744999,-33.173025748024983],[151.06780791479,-33.173259866275004],[151.06740507581,-33.173516074044016],[151.06688485613,-33.173664502077983],[151.06688920933999,-33.173629675825005]],[[151.07384330204999,-33.16003138936501],[151.07387023334999,-33.160016887982991],[151.07390905821001,-33.159978061771994],[151.07410588759001,-33.159845184960005],[151.07444827556,-33.159755040955993],[151.07479379232001,-33.159521780448998],[151.07529889949001,-33.158611341011991],[151.07533916196999,-33.158630712048989],[151.07510876632,-33.159001108528976],[151.07509833802999,-33.159478154991014],[151.07514984026,-33.159717553957002],[151.07497447624999,-33.159953445226989],[151.07446297823,-33.159993256036003],[151.07412163383,-33.16003569563901],[151.07384330204999,-33.16003138936501]],[[151.07277216610001,-33.16116072292202],[151.07341484726001,-33.160311697650009],[151.07360628705001,-33.160182459866],[151.07343268048001,-33.160406800744987],[151.07325522057999,-33.160738098422982],[151.07319119542001,-33.161071152559998],[151.07301373467999,-33.161402450974023],[151.07278686308999,-33.161398938201003],[151.07216505568999,-33.161293866880008],[151.07212749506999,-33.161274111372002],[151.07271524428,-33.161303836602009],[151.07271529849001,-33.161301389698004],[151.07276126292001,-33.161303715287993],[151.07276126955,-33.161303443389997],[151.07276903453001,-33.161303836043999],[151.07277216610001,-33.16116072292202]],[[151.06643441743,-33.17796378117599],[151.06690794701001,-33.177824076135991],[151.06699041100001,-33.178367454200988],[151.0668399818,-33.178420594709991],[151.06643441691,-33.178445276849992],[151.06643441743,-33.17796378117599]],[[151.03869249016,-33.19608692905701],[151.03864579031,-33.196376890107992],[151.03839062599999,-33.196870383522004],[151.03790470428001,-33.196994003049028],[151.03768925866001,-33.19693476976299],[151.03773962055001,-33.196884407623976],[151.0377991675,-33.196890361755997],[151.03788088611,-33.196898533705998],[151.03869249016,-33.19608692905701]],[[151.20282748380001,-33.235729569438],[151.20309582785001,-33.236256744164017],[151.20263186514001,-33.236470730855991],[151.2025382365,-33.236350957094992],[151.20249570019001,-33.236296541978],[151.20282748380001,-33.235729569438]],[[151.19946697263001,-33.226199950689008],[151.19977137958,-33.226826490380986],[151.19962934567999,-33.226804364518003],[151.19908683833,-33.22616311789001],[151.19901092457999,-33.225839249793985],[151.19946697263001,-33.226199950689008]],[[151.04483929189001,-33.191628850929007],[151.04466828353,-33.191577700509008],[151.04472183563999,-33.191544744686993],[151.04533637736,-33.191135051311996],[151.04530217988,-33.191470010981007],[151.04514054466,-33.191672949356992],[151.04483929189001,-33.191628850929007]],[[151.05032723970999,-33.187556656936025],[151.05131743558999,-33.187226592230992],[151.05124570487999,-33.187340761860987],[151.05068525561001,-33.187700480130026],[151.05032723970999,-33.187556656936025]],[[151.03411443159001,-33.197155588687011],[151.03399345969001,-33.197453919505989],[151.03358163811001,-33.197528545093995],[151.03411443159001,-33.197155588687011]],[[151.03648679106999,-33.416929168456015],[151.03677300171,-33.416327279830007],[151.03690235791001,-33.41613461939901],[151.03647992879999,-33.416955362124],[151.03648679106999,-33.416929168456015]],[[151.07618331011,-33.157946273288012],[151.07622132522999,-33.157921224559004],[151.07617484164999,-33.157983755492985],[151.07618331011,-33.157946273288012]],[[151.18979310805,-33.231486082774985],[151.18979845402001,-33.231485998442999],[151.19015372301999,-33.231541011924001],[151.19015767699,-33.231542169962005],[151.18979310805,-33.231486082774985]]]},"properties":{"OBJECTID":128387,"FireName":"Three Mile","FireNo":"19112659888","FireType":1,"StartDate":1574686800000,"EndDate":1578834000000,"AreaHa":48215.55012742}},{"type":"Feature","id":128390,"geometry":{"type":"Polygon","coordinates":[[[150.67862040215999,-32.697716679499806],[150.67736527989001,-32.697217596396811],[150.67562659588,-32.697182963879818],[150.67520764612999,-32.697195430228824],[150.67305808128,-32.697048821746819],[150.67258612648999,-32.697077411504814],[150.67146043806,-32.697886768160799],[150.67145463934,-32.697922716207799],[150.67087011884001,-32.698491041148799],[150.67079833248999,-32.698494123974797],[150.67058084600001,-32.698519185316798],[150.67054710374001,-32.69854344485681],[150.67024645001001,-32.700790846226774],[150.66970364810001,-32.70303374580773],[150.66602375977999,-32.704808633100711],[150.6659228993,-32.704796060840714],[150.66586596547,-32.70484132786671],[150.66511967062999,-32.704732817283698],[150.66475136017999,-32.705450586196697],[150.66467642097001,-32.705476565788715],[150.66442900612,-32.705567791964711],[150.66419153110999,-32.705677019149689],[150.66411986547999,-32.705716128836698],[150.66404879055,-32.7057563942477],[150.66397812688001,-32.705797412655706],[150.66390767887,-32.705838818803691],[150.66383724849001,-32.705880223230693],[150.66364439831,-32.705983353747698],[150.66344449224999,-32.706081957305699],[150.66324967822001,-32.706185492216697],[150.66323970164001,-32.706192118116689],[150.65925211257999,-32.705537608449703],[150.65860681277999,-32.704696534537732],[150.65797468931001,-32.70253610766774],[150.65662592024,-32.701085052160757],[150.65600439495,-32.700816721909767],[150.65263807159999,-32.700916329783759],[150.65263418518001,-32.700913001159755],[150.65244272800999,-32.70078380371077],[150.65241922838999,-32.700783545037787],[150.65236026206,-32.700743754542763],[150.65221754766,-32.700667088763772],[150.65213554401001,-32.700630179204765],[150.65197956253999,-32.700572666523769],[150.65182082863001,-32.700526807230766],[150.65166164489,-32.700493900715784],[150.65140418050001,-32.700480535042779],[150.65113899043001,-32.700511567138768],[150.65086963259,-32.700569332925781],[150.65059966403999,-32.700636176480764],[150.65033265412001,-32.700694434618761],[150.65027396482,-32.700708044341766],[150.64616071446,-32.700591620711776],[150.64423561007001,-32.699960291444775],[150.64054532885999,-32.700929315204753],[150.63940789967,-32.701306913382766],[150.63723782124001,-32.701313498144749],[150.63630180764,-32.702376602057747],[150.63628737609,-32.702375080359744],[150.63627966087,-32.702374209372749],[150.63222832947,-32.706616143245689],[150.62787102498999,-32.708794919284664],[150.62518473841001,-32.71229164323961],[150.62361158614999,-32.713363158673602],[150.62280670288999,-32.713500972720595],[150.62275042543001,-32.713533335397585],[150.6210643451,-32.713773942065586],[150.61774218812999,-32.713813942847601],[150.61625136883001,-32.712194586009623],[150.61266061225999,-32.712299661217614],[150.61268840821,-32.712978886846599],[150.61268010417001,-32.712978811842596],[150.61277875434999,-32.715389395915558],[150.61163714501001,-32.717131697960532],[150.61148672721001,-32.717136095819548],[150.61002186544999,-32.717178914149535],[150.60987144475001,-32.71718331012255],[150.60975831578,-32.717186616141539],[150.60968996285999,-32.717246832088556],[150.60764045361,-32.717263378928543],[150.60544667383999,-32.71835964121253],[150.60540505221999,-32.718403344557544],[150.60534100480001,-32.718398056396538],[150.60403422122999,-32.719062669324522],[150.60053898660999,-32.722582420370465],[150.59778162232999,-32.724371664497454],[150.59871459441999,-32.727420526499401],[150.59964763226,-32.730469380281377],[150.59733564161999,-32.733270978224326],[150.59419952984999,-32.735172970816294],[150.59401445628001,-32.735294576032302],[150.59378822362001,-32.735442705666287],[150.59356118305001,-32.735589922062303],[150.59333530040001,-32.735738723793283],[150.59311251881999,-32.735891622821271],[150.59289481997001,-32.736051136937284],[150.59271933118001,-32.736189128665295],[150.59266082473999,-32.736237465737304],[150.58767133129999,-32.734991051747301],[150.58674700416,-32.73692513621728],[150.58672517997999,-32.736904804802272],[150.58671392810999,-32.73692778984028],[150.58583064432,-32.738732137379245],[150.58562089694999,-32.743523152291175],[150.58332197980999,-32.746665864048147],[150.57981097338001,-32.749843648022107],[150.57967866422001,-32.7498315673501],[150.57966049962999,-32.749848007102088],[150.57848291955,-32.749740478142101],[150.57846820524,-32.749752112048093],[150.57846514175,-32.749754418972095],[150.57706757846,-32.749577299512111],[150.57164519976999,-32.749734144716101],[150.57068989019999,-32.750598597199094],[150.57065221361,-32.750616216641085],[150.57054898361,-32.750654547381096],[150.57044359408999,-32.750687615120071],[150.57033714765001,-32.750718092842092],[150.57027431789001,-32.750736140678086],[150.56918077176999,-32.751521170656076],[150.56768261023001,-32.752429110924062],[150.56480979481,-32.754792265352016],[150.56475555405001,-32.75482804390704],[150.56465383086001,-32.754902804385047],[150.56455332771,-32.754979562837043],[150.56445188132,-32.755054851499033],[150.56434737935001,-32.755125210381038],[150.56420173269001,-32.75520347517903],[150.56404813506001,-32.755270829562029],[150.56389432239999,-32.755336930002017],[150.56379460963001,-32.755387730923026],[150.56358229777001,-32.755540143569014],[150.56353610431,-32.755588164130018],[150.56346465250999,-32.755683191175024],[150.56339624872999,-32.755781715931022],[150.56332450997999,-32.755876284171009],[150.56324306229999,-32.755959461046018],[150.56313209748001,-32.756041642928018],[150.56301096684001,-32.756112638420021],[150.56288328382999,-32.756175511678009],[150.56275265274999,-32.756233338688993],[150.56262267442,-32.756289210585017],[150.5624917202,-32.756343819316008],[150.56243004725999,-32.756367309841011],[150.56235873072001,-32.756394474395996],[150.56230532929999,-32.75641290394902],[150.56222407288999,-32.756440945621002],[150.56208815201001,-32.756483038667],[150.56195134471,-32.756520526521001],[150.56179799795001,-32.756552949467],[150.56164234490001,-32.756576193693007],[150.56154569451999,-32.756588309680012],[150.56021842346999,-32.757581794271005],[150.55938361871,-32.757783298842988],[150.55939399328,-32.758013757125994],[150.55932533073999,-32.759562525651951],[150.55892097287,-32.760975871367947],[150.55818092063001,-32.760975871071963],[150.55784141359999,-32.761380229626937],[150.55750572100999,-32.76252654599493],[150.55770790231,-32.764277492115909],[150.55844795300999,-32.765421900869882],[150.55898964163001,-32.766568217201886],[150.55797874895001,-32.767848048778859],[150.55730354689001,-32.767443690982844],[150.55730354350001,-32.766366039473866],[150.55689918665999,-32.765826261076896],[150.55514823908999,-32.766499554568874],[150.55427467554,-32.767241513376867],[150.55319511376999,-32.767848051262838],[150.5527259097,-32.769127883301842],[150.55265724545001,-32.770407713929821],[150.55110847882,-32.771552122250803],[150.55124199484999,-32.77343849003779],[150.55292809210999,-32.774245299313762],[150.55447686062001,-32.77471832024677],[150.55535042669999,-32.775929485713739],[150.55575478757001,-32.778153453923707],[150.55622780901001,-32.779095682844705],[150.55602563145001,-32.780644451613682],[150.55595696839001,-32.782530819060661],[150.55676568549001,-32.784686122731621],[150.55838311893999,-32.785494838357621],[150.55919183459,-32.785763774087599],[150.56000055224999,-32.786841424681597],[150.56215585914001,-32.788525612740585],[150.56296076173001,-32.789467842141562],[150.56410898582999,-32.789738686432557],[150.56498255315,-32.790007622354558],[150.56761088019999,-32.790276556772554],[150.56902613418001,-32.791085272172538],[150.57023539428999,-32.791758564086528],[150.57293238603,-32.792431857193527],[150.57434764103999,-32.792836213424522],[150.57535472089,-32.792836213207515],[150.57744517482001,-32.792836212598516],[150.57946315155999,-32.793173813056491],[150.5806762247,-32.793173811564522],[150.58229365705,-32.792431852684523],[150.58283152871999,-32.792096158314543],[150.58397593933,-32.792229672717525],[150.58613505922,-32.79290487324652],[150.58754649792999,-32.79324056514951],[150.58882823645001,-32.794318215665498],[150.59098354193,-32.795329110033485],[150.59253230873,-32.795866981737475],[150.59408107849001,-32.796002402728462],[150.59610286831,-32.796137824433458],[150.59825817409001,-32.796675694634473],[150.5993339199,-32.79728223041645],[150.60095135385001,-32.799572955728429],[150.60303799494,-32.801659593766409],[150.60316204743,-32.80171614826741],[150.60309431957,-32.801624764564387],[150.60520351190999,-32.802468307713376],[150.60520855971001,-32.802468308488379],[150.6057349875,-32.802468307404382],[150.60701291193999,-32.802132614284382],[150.60795514134,-32.801861770035401],[150.60815732181999,-32.802266127106378],[150.60916821706999,-32.802872663504374],[150.61011044867999,-32.803612714034379],[150.61112134333001,-32.803412443882365],[150.61307446883001,-32.803748136311363],[150.61361615652001,-32.804152493491358],[150.61522977525999,-32.805163387648342],[150.61603849091,-32.805769923135344],[150.61792676721001,-32.806509974052311],[150.61927335655,-32.806645395410335],[150.62008207238,-32.806576730051326],[150.61933820727,-32.807789803676293],[150.61974256620999,-32.808867456185276],[150.62008207491999,-32.810011864524277],[150.62021559076999,-32.810956002296273],[150.62048643398001,-32.812235833474247],[150.62075346604999,-32.814391137392221],[150.62176436167999,-32.815873145993201],[150.62277526001,-32.81695079639919],[150.62627715317001,-32.81728649004819],[150.62836760760999,-32.817557332628191],[150.62835416825999,-32.817586730569168],[150.62836678330001,-32.817588365992172],[150.62821801011,-32.81791452196218],[150.62821789844,-32.817914769141183],[150.62842085883,-32.817961607134173],[150.62803084962999,-32.818792982550157],[150.62748160487001,-32.819857786167141],[150.62681403899001,-32.821018090317139],[150.62647446637999,-32.821527784040136],[150.62633437572001,-32.822022436727124],[150.62591497970001,-32.82339696077711],[150.62581783324001,-32.823812998358093],[150.62582733558,-32.823934738093087],[150.62591048973999,-32.824519838324079],[150.62590095979999,-32.824877905432096],[150.62587928465999,-32.825692209053067],[150.62568881127001,-32.826323948699056],[150.62513357781,-32.826639317180067],[150.62468964256999,-32.826891464000042],[150.62491784042001,-32.827166973343047],[150.62408873081,-32.827903044185035],[150.62422258725999,-32.827986689709036],[150.62375603426,-32.828243289446043],[150.62375603491,-32.829099895300033],[150.62461096077001,-32.829588431685018],[150.62454405151999,-32.829967581224018],[150.62465826714001,-32.830481545295008],[150.62528644582,-32.83179500700399],[150.62522933899001,-32.832994255712968],[150.62631437370001,-32.833622432834957],[150.62745651649001,-32.833451110203981],[150.62831312105001,-32.834079288174962],[150.62962658615001,-32.83362243043895],[150.62928394178999,-32.832822932332974],[150.62996922673,-32.832366074438987],[150.63035942351999,-32.831683233883972],[150.63164545461001,-32.830943892421004],[150.63181180748001,-32.830826455226003],[150.63356697111999,-32.830310216981992],[150.63505175461,-32.829396503971026],[150.63505175396,-32.82825436277804],[150.63470911136,-32.827683292345036],[150.63356696749,-32.827397756879037],[150.63270145472001,-32.827366292343051],[150.63306979698001,-32.826498608756047],[150.63425603883999,-32.826521045056055],[150.63540992091001,-32.826149335974058],[150.63701281837001,-32.826750824786053],[150.63645002817,-32.825594976201067],[150.63730776112999,-32.825217508061087],[150.63824642684,-32.824984714041072],[150.63854737996999,-32.824927190544081],[150.63887792647,-32.825227686445075],[150.64041981840001,-32.825513221433077],[150.64110510270999,-32.825170578325071],[150.64110510297999,-32.824827936265073],[150.64003051853001,-32.824129459457097],[150.64026787585999,-32.823877638939088],[150.64142875000999,-32.823255342196106],[150.64085740674,-32.822421444538115],[150.64062025161999,-32.821772786196121],[150.64143655468001,-32.82071063476112],[150.64201881471999,-32.821001762412124],[150.64241856360999,-32.819859620592155],[150.64190459815001,-32.819459870050153],[150.64179049653001,-32.818889352115157],[150.64179155323001,-32.818888022873175],[150.64247566936999,-32.818431944427168],[150.64350359744,-32.818888799755165],[150.64430309702001,-32.81991672637016],[150.64504548970001,-32.820602011715145],[150.64670159473999,-32.819688297710144],[150.64655495478999,-32.819483009723157],[150.64664270566999,-32.819471369990161],[150.64736185901,-32.820074533751139],[150.64871465192999,-32.820207327475153],[150.64940754443001,-32.819647734333152],[150.65010513957,-32.818909284399162],[150.65011344691999,-32.81886693271916],[150.65075619858001,-32.819174331766163],[150.65109883784999,-32.818089297257181],[150.65086610703,-32.81715838496018],[150.65123330796999,-32.817512110658178],[150.65264161347,-32.817681691329177],[150.65277188496,-32.817533487663184],[150.65367298352001,-32.81793529193417],[150.65434423446999,-32.818881457833164],[150.65599122788001,-32.819291433878149],[150.65612572732999,-32.819807015766138],[150.65523261980999,-32.820448928699143],[150.65523262133999,-32.821253403530115],[150.65405142761,-32.821999415083113],[150.65130875720001,-32.822696704968116],[150.64782230991,-32.822324817498107],[150.64628827536001,-32.821488069562129],[150.64410343704,-32.821534555647119],[150.64428937899001,-32.821720499553116],[150.64475423902999,-32.822557246487101],[150.64433586568001,-32.823533452279108],[150.64391749136001,-32.823951827079092],[150.64391749184,-32.824416687325083],[150.64521909807999,-32.824881547044072],[150.64684610571999,-32.825811266441072],[150.64707853671001,-32.826787472688054],[150.64851960160999,-32.827066387740054],[150.65079741131001,-32.82674098679005],[150.65214550236001,-32.827298817743049],[150.65423737110001,-32.828646911390038],[150.65566983638999,-32.829005028625026],[150.65621149318,-32.832544956689965],[150.65718227427001,-32.834332976277956],[150.65447688678,-32.833958759629951],[150.65399597844001,-32.835335506425935],[150.65386074128,-32.836399253769919],[150.65446075355001,-32.837895459799903],[150.65380070789001,-32.839277497369892],[150.65454224477,-32.839861163758897],[150.65778516555,-32.840219490142871],[150.66049846196,-32.840450465239861],[150.66054466387999,-32.840820079048868],[150.66084209837001,-32.841385200882861],[150.66128824910001,-32.841563660671859],[150.66232926453,-32.842455956140839],[150.66301335873999,-32.842812875306841],[150.66304196708001,-32.843327819961836],[150.66280685765,-32.843627049920833],[150.66280685855,-32.844578833565819],[150.66271168089,-32.845292674131798],[150.66264524151001,-32.845585011262799],[150.66252047346001,-32.845710847639793],[150.66233905105,-32.846558500437801],[150.66209302204001,-32.846958297053789],[150.66071293496,-32.847005886099772],[150.65995150635999,-32.84748177915678],[150.65988256496999,-32.847558380981773],[150.65884083729,-32.848053202107785],[150.65884319438999,-32.847963475897771],[150.65885728967001,-32.847426917526775],[150.65904709163999,-32.845581414222792],[150.65768000991,-32.84382605809882],[150.65592537200999,-32.843375656302818],[150.65345039111,-32.843448544161824],[150.65228271639,-32.844858158239816],[150.65309253977,-32.846304879594797],[150.65393826974,-32.847698766735761],[150.65381249574,-32.847719728398772],[150.65414562149999,-32.848623924355763],[150.65484509359001,-32.849061094434759],[150.65490704928999,-32.849099815759743],[150.65590642247,-32.849432939777742],[150.65668024351001,-32.849602215171743],[150.65649958586999,-32.849653831081753],[150.65557754613999,-32.850248696706736],[150.65522062634,-32.850754331501733],[150.65542015982001,-32.850969829669722],[150.65514458888001,-32.851016565538728],[150.65449780565001,-32.851104644278728],[150.65420398408,-32.851313861756708],[150.65343891635001,-32.851385399634701],[150.65313643030001,-32.851279517932717],[150.6527137795,-32.851228639332724],[150.65215250301,-32.851289680728712],[150.65121037905999,-32.85164418672472],[150.6504204311,-32.852015858676708],[150.64980187856,-32.852319171765714],[150.64928351981999,-32.8526816258087],[150.64916344163001,-32.852947756707685],[150.6490489583,-32.852823486098707],[150.64894700579001,-32.852913264183698],[150.64841706006001,-32.853714495253691],[150.64848545631,-32.85433610761568],[150.64872400096999,-32.854937059725678],[150.64876685176,-32.855079494799668],[150.64881790663,-32.855065665516669],[150.64893602941001,-32.855566766221663],[150.64935786742001,-32.856934642456658],[150.64937629113001,-32.857521911613631],[150.64959588404,-32.858198854865634],[150.64957138151999,-32.858484698206624],[150.65000569750001,-32.859380403759594],[150.65031760945001,-32.859772776586617],[150.65073237345001,-32.860124134172594],[150.65063817436999,-32.860480245436605],[150.64977244087001,-32.860506922030609],[150.64938437187999,-32.861072236208592],[150.6491688488,-32.861526270454576],[150.64862177034999,-32.86233195121558],[150.64793116788999,-32.862791363864559],[150.64767908287001,-32.863344914380569],[150.64774608898,-32.864018988838545],[150.64772870497001,-32.864677161327556],[150.6479012142,-32.865210067562543],[150.64850664079,-32.865407552687543],[150.64892936593,-32.865586379421515],[150.64869391764,-32.866022902516526],[150.64836019117999,-32.866279997151516],[150.64747347586999,-32.86663353952153],[150.64689168409001,-32.867467187479498],[150.64678012709999,-32.867837282589491],[150.64656268275999,-32.868362851400491],[150.64638065803999,-32.868831826000481],[150.64611612773001,-32.869213355787466],[150.64576039157001,-32.869836525118458],[150.64610547103001,-32.870258164209467],[150.64662274784999,-32.870582835043457],[150.64667020958001,-32.87071256412046],[150.64642754702999,-32.870908409021467],[150.64618930079999,-32.870973353846466],[150.64614256435999,-32.870972472294461],[150.64612269161,-32.870991509018459],[150.646034558,-32.871015532488471],[150.64530095422,-32.871173499995457],[150.64488230175999,-32.87160938461745],[150.64439279835,-32.87215845424943],[150.64389533517999,-32.873007989929427],[150.64355765784001,-32.873588548502426],[150.64323419032999,-32.874913759774401],[150.64314666882001,-32.875656496991404],[150.64313227443,-32.876200201391391],[150.64326593698999,-32.876918479605379],[150.64452665971001,-32.877357379742371],[150.64564008856999,-32.877593080547371],[150.64611486185001,-32.877602022070356],[150.64649016001999,-32.877572340388362],[150.64693364592,-32.878662442540346],[150.64643435619999,-32.878831983677351],[150.64566112982001,-32.878668307151365],[150.64517366443999,-32.878390716475366],[150.64436196374001,-32.878345600840348],[150.64375985087,-32.878393897796364],[150.64291815364001,-32.879481490542346],[150.64257416416001,-32.880459170684325],[150.64234778577,-32.882333762660302],[150.64197239953,-32.883161731688283],[150.64248572881999,-32.883797700486284],[150.64324951876,-32.884319098317285],[150.6431042602,-32.884465475320276],[150.6422853972,-32.884688617801274],[150.64167296905001,-32.885124412019287],[150.64041806112999,-32.887128704568248],[150.64010855007999,-32.88813684944023],[150.64015865335,-32.888913196761216],[150.64071602383001,-32.889221950540218],[150.64052277504001,-32.889844588646184],[150.64038911534999,-32.890885874793192],[150.64026626941001,-32.892851883810167],[150.64037438681001,-32.894106497086142],[150.64081314629999,-32.894890180286119],[150.64203001748001,-32.895658725181121],[150.64378953433999,-32.895960319393126],[150.64451039396999,-32.895437090766137],[150.64447486278999,-32.895277049758135],[150.64543512259999,-32.894863597040136],[150.64602998974999,-32.894387703051137],[150.64730894913001,-32.893971296876138],[150.64758332911001,-32.893212726461158],[150.64904790422,-32.893045773124165],[150.64995917120001,-32.894422038471134],[150.64906525647001,-32.894300103801143],[150.64711095593,-32.894680853263147],[150.64567478887,-32.895518678233138],[150.64512428303999,-32.896283707712129],[150.64492709909001,-32.897055394405101],[150.64589985827999,-32.897700008844105],[150.64649027247,-32.898098830436091],[150.64654744852999,-32.898174803284085],[150.64650588524,-32.898194841845083],[150.64617871042,-32.899682005789074],[150.64570281937,-32.900901479525054],[150.64522692534999,-32.90137737170604],[150.64522692585001,-32.901823520691032],[150.64573256297001,-32.902329156274035],[150.6466546039,-32.902507615196036],[150.64823099633,-32.901912749278047],[150.64948021482999,-32.901347626038046],[150.65061045863001,-32.900841990152053],[150.65138429468001,-32.900109617781077],[150.65194243123,-32.901235964624043],[150.65008184673999,-32.901977515880041],[150.64941489095,-32.901897578218033],[150.64886031435,-32.902860994771032],[150.64784318623001,-32.903125893813019],[150.64715508158,-32.903681017887031],[150.64641567003,-32.904356903001016],[150.64544659757999,-32.90462268599002],[150.64410256799999,-32.90451619960902],[150.64298387822001,-32.904982026364998],[150.64176471843999,-32.905608255796992],[150.64153311351001,-32.905641155294994],[150.64139004693999,-32.905600916866987],[150.64013976659999,-32.905839069687985],[150.63949535105999,-32.905930599063993],[150.63877916761999,-32.907540143739965],[150.63807803995999,-32.908581893140948],[150.63823372294999,-32.909964450321937],[150.63897607967999,-32.91099290265791],[150.64081500242,-32.910581293107931],[150.64200660038,-32.90918359220894],[150.64434939031,-32.907909335387963],[150.64466180996001,-32.90777217387096],[150.64655916766,-32.907524690975954],[150.64659197261,-32.907614331853971],[150.64830314490999,-32.907079909986976],[150.64948582085,-32.906475876007974],[150.65050114034,-32.906852850003972],[150.65123593033999,-32.907396682347958],[150.65129240806999,-32.908178516442945],[150.64833471503999,-32.908254106928965],[150.64644111619,-32.909268227278936],[150.64328617973999,-32.910914642518925],[150.64277797784001,-32.912479713812914],[150.64460913252,-32.91382646521388],[150.64806654418999,-32.913774993167877],[150.64871805189,-32.914542806204878],[150.65032202250001,-32.91490492716386],[150.65069731759999,-32.915321919902858],[150.65115854236001,-32.915976372853848],[150.65122518784,-32.917122137154834],[150.65139028057999,-32.917221063615827],[150.65116811255001,-32.917291218076841],[150.65129741807999,-32.918820592310809],[150.65110130735999,-32.919818961901818],[150.65295856389,-32.920187886882793],[150.65376538314999,-32.9204717921588],[150.65328883953001,-32.920944555625788],[150.65258711678001,-32.923949472341747],[150.65370751301,-32.924705989217735],[150.65261895118999,-32.925157696701731],[150.65229218715001,-32.927089337064714],[150.65138262208001,-32.92846743976768],[150.65231137251001,-32.929841345845645],[150.65168659426001,-32.930876002210645],[150.65183756118,-32.932119019362638],[150.65241320698999,-32.932943707269622],[150.65340125786,-32.933814896871617],[150.65534280659,-32.933386291337627],[150.65618292515001,-32.932898236413621],[150.65678518688,-32.932715758080633],[150.65809554705001,-32.932873356391624],[150.65793000084,-32.933025922067621],[150.65700195869999,-32.93329464476863],[150.65629997767999,-32.934180732632619],[150.65631716089999,-32.935366440594592],[150.65682638211999,-32.936275250389578],[150.65802037076,-32.936951651921575],[150.65890969245001,-32.936314321008581],[150.65907011735001,-32.935745072344581],[150.65990558882999,-32.935311099472592],[150.66053941675,-32.93558033900959],[150.66078870873,-32.936007522327571],[150.66112151953999,-32.937331447172568],[150.66115734109999,-32.937337298333567],[150.66106853477001,-32.937981753706552],[150.66091221889999,-32.938545465756562],[150.66116437855999,-32.938702744483557],[150.66112452511001,-32.938984560499556],[150.66079935572,-32.939750035940534],[150.66099988878,-32.940242450088533],[150.66102292439999,-32.940525789092533],[150.66141382416001,-32.940738861027512],[150.66233246144,-32.940601745810525],[150.66284188982999,-32.93978827395852],[150.66300920244001,-32.939225588704538],[150.66302123987001,-32.938768174434557],[150.66313534695001,-32.938736197560544],[150.66317461874999,-32.938587815893541],[150.66326414369999,-32.937873735588553],[150.66355870455999,-32.937431899301558],[150.66350976773001,-32.937281429319576],[150.66402779424999,-32.936920768731575],[150.66383886708999,-32.935367007142581],[150.66335904531999,-32.934389138597609],[150.66297618729999,-32.933343827919614],[150.66393425973999,-32.933260990645607],[150.66448581662999,-32.933787840050613],[150.66434957532999,-32.934255610587613],[150.66448234813001,-32.934586148542586],[150.66489477533,-32.935041208439578],[150.66552399934,-32.935321378783584],[150.66612672085,-32.93539146761659],[150.66645011584001,-32.935687113369589],[150.66642670710999,-32.936578056113575],[150.66685410101999,-32.936992585588584],[150.6668236703,-32.937075409753568],[150.66802371986,-32.937097822349564],[150.66833247694001,-32.937461464523565],[150.66764908745,-32.937896052467558],[150.66689577893001,-32.938299508075552],[150.66670131716,-32.938528919824556],[150.66671383049001,-32.938579754253546],[150.66649282984,-32.938828796833555],[150.66637484376,-32.939294712415531],[150.66630163118,-32.939287153860555],[150.66599345860999,-32.939818889652543],[150.66589823792,-32.939921144097525],[150.66574978322001,-32.940186777776525],[150.66576529998,-32.940212558421521],[150.66572653501001,-32.940279445704533],[150.66491362137,-32.941035815000504],[150.66495498694999,-32.941782437662511],[150.66524362647999,-32.942405086380496],[150.66556951494999,-32.9427712443605],[150.66620838373001,-32.94283462216849],[150.66666906270001,-32.94271463620349],[150.66731063389,-32.942675184373499],[150.66762360503,-32.94237240263849],[150.66782959592999,-32.94184596534452],[150.66804066223,-32.9418400271135],[150.66806923995,-32.941741899670511],[150.66809611593001,-32.941759693538501],[150.66818754683001,-32.941634006493508],[150.66887644177001,-32.940990756388501],[150.66947115251,-32.941240441561511],[150.67053168951,-32.941260228549517],[150.67123871713,-32.941273413595518],[150.67150511029999,-32.941904668366504],[150.67156877943,-32.942174264301499],[150.67141032123001,-32.942532661330496],[150.67154516316,-32.942675399671494],[150.67357316325999,-32.943081547838496],[150.6736051588,-32.943261700016471],[150.67464454904001,-32.943939907205475],[150.67416585716001,-32.944667353494474],[150.67364020068001,-32.945432677162437],[150.67494106545999,-32.946658334029429],[150.67643587910999,-32.947500026719432],[150.67724490511,-32.947345397066435],[150.67698362320999,-32.948944129562406],[150.67770308834,-32.951188289426383],[150.67907572791,-32.952263589479358],[150.67979527219001,-32.954507739049326],[150.68038669930999,-32.955699729410313],[150.68193214337001,-32.956122096345311],[150.68408963041,-32.956949466291306],[150.68582147456999,-32.956194242326326],[150.68690365291999,-32.956476739605314],[150.68733278016001,-32.957928136427299],[150.68742682989,-32.960291883701252],[150.68926647723001,-32.961375724805244],[150.69020518478999,-32.960770639892253],[150.69022455500999,-32.961027197751243],[150.69021161844,-32.96165785989723],[150.68977057647001,-32.962711573892229],[150.68962270366001,-32.963754277736228],[150.68962333318001,-32.963756374379201],[150.68958252402999,-32.963929809605204],[150.68992516535999,-32.964672202712201],[150.68996553587999,-32.964699957909197],[150.6900652576,-32.964881920133195],[150.69015523428001,-32.965650641985185],[150.69006818756,-32.966267386042169],[150.68948686744,-32.967999121906146],[150.68892070499001,-32.969360511885142],[150.68891859794999,-32.971946224883105],[150.68659388808999,-32.974227072527057],[150.68537252767001,-32.975357963311062],[150.68609629808,-32.976624559435031],[150.68695577463001,-32.977800683988022],[150.68722718972001,-32.978569688617014],[150.68749860343999,-32.979610106612],[150.68632247924,-32.980650527320989],[150.68546300411001,-32.981464767216956],[150.68582488978001,-32.982324242606964],[150.68599783959999,-32.983673250083932],[150.68594062753999,-32.983665772751955],[150.68592790606999,-32.985020702602924],[150.68676169702999,-32.986047762304906],[150.68678556360999,-32.986868938427897],[150.68680720507999,-32.986907513543891],[150.68828058304001,-32.986858466051892],[150.68924650420999,-32.987162657563893],[150.68975372564,-32.987687393384881],[150.69067389092001,-32.988009813636886],[150.69102713820001,-32.988359913289877],[150.69146646677001,-32.988883384441877],[150.69186897038,-32.989081699030862],[150.69227048146001,-32.98931816523686],[150.69274586863,-32.989326956568853],[150.69307272391001,-32.988951263499885],[150.69436293908001,-32.987238200887909],[150.69502288413,-32.987116785119895],[150.69704005112999,-32.9870585903369],[150.69981845683,-32.987338872014881],[150.70064019232001,-32.98796479583288],[150.70066020173999,-32.987786283954875],[150.70071205475,-32.987868383630882],[150.70128219508999,-32.988776383825886],[150.70143001184999,-32.989114244281879],[150.70202126907,-32.989177592987872],[150.70273922250001,-32.989050894760872],[150.70335159488999,-32.98873415074587],[150.70390062035,-32.988586335276878],[150.70451299056,-32.988480753243884],[150.70512536321999,-32.988586334840882],[150.70535764292001,-32.988945311576877],[150.7061811792,-32.989156474371889],[150.70650617351001,-32.989194708920877],[150.70735249411999,-32.989749068413865],[150.70783990404999,-32.990086545804857],[150.70769489418001,-32.990233916385854],[150.70724443333,-32.991126069562839],[150.70739065862,-32.991669013887837],[150.70779689405001,-32.992486861617827],[150.70735689963001,-32.99297401467782],[150.70625415724001,-32.992233406928825],[150.7060197779,-32.990968500240832],[150.70620209859999,-32.990116444623851],[150.70540347139999,-32.990011719460853],[150.70516192029999,-32.991087791431845],[150.70521162079001,-32.993294754914821],[150.70570134102999,-32.995014572508794],[150.70620882968001,-32.996195214727777],[150.70605712806,-32.996218951217777],[150.70630265851,-32.99641349779376],[150.70630603463999,-32.996421352107767],[150.70631362974001,-32.996422190729781],[150.70716688419,-32.997098257686766],[150.70818320090001,-32.997212362921772],[150.70967302432999,-32.997515789565753],[150.71040150414001,-32.997765081288748],[150.71320441051,-32.998866262244746],[150.71418121705,-32.999725961874731],[150.71467491741001,-33.001558383617706],[150.71659939740999,-33.001593616379701],[150.71682580647001,-33.001597760072698],[150.71726756384999,-33.002035299513693],[150.71783236160999,-33.002093347974707],[150.71868263207,-33.0020611798817],[150.71942583529,-33.001788460759713],[150.72106485802999,-33.001913843235705],[150.72185361662,-33.002071398559714],[150.72281464053,-33.002136659462693],[150.7236046303,-33.002246509919686],[150.7245607582,-33.002502536743698],[150.72552178883001,-33.002567776659696],[150.72614320132999,-33.002626821659689],[150.72697512225,-33.00331002459869],[150.72763968513999,-33.003894739885673],[150.72807172322001,-33.004713805723654],[150.72827612609001,-33.005576442554663],[150.72820117194999,-33.006290839851637],[150.72852368264,-33.006964758472627],[150.72879693143,-33.007351472571635],[150.72956130278999,-33.008462887250616],[150.73039452238999,-33.009098373317606],[150.73135318852999,-33.009258963533604],[150.73242507443001,-33.009421602111594],[150.73361750357,-33.009300117576593],[150.73407890992999,-33.008974474065617],[150.73454885126,-33.008314962975611],[150.73511248647,-33.008420630949608],[150.73635541345001,-33.008538624929606],[150.73720574495999,-33.008506331959609],[150.73789112700999,-33.008280172520628],[150.73853085787999,-33.007623722262629],[150.73919005956,-33.006204140277646],[150.74027589252,-33.003599337973675],[150.74081938974999,-33.002273083890692],[150.74123142425,-33.001660213523706],[150.74169519330999,-33.001239149070699],[150.74199157961999,-33.000719617795731],[150.74199630829,-33.00053410472772],[150.74238899284001,-33.00053472147971],[150.74316176628,-33.001034087043713],[150.74392991748999,-33.002002331686697],[150.74588799079001,-33.002944359968701],[150.74933238112999,-33.003340563130699],[150.74950123747001,-33.003103497796694],[150.75064796165,-33.002177732577699],[150.75195288293,-33.001934334126702],[150.75245796402001,-33.001753653242709],[150.75394455725001,-33.003571839842685],[150.75173585191999,-33.00363537931068],[150.75182001127001,-33.004782123957646],[150.75325546931001,-33.006239515832647],[150.75488283534,-33.006334201409643],[150.75226321277,-33.010641753413594],[150.75256053786001,-33.013065830599551],[150.75344959192,-33.013384183087538],[150.75633825228999,-33.012680317836555],[150.75959320224999,-33.011680621861586],[150.76120965410999,-33.01073382098658],[150.76129596449999,-33.0107740952526],[150.76148164068999,-33.010574507798594],[150.76159651897001,-33.01050721808258],[150.76181112411001,-33.010556534497574],[150.76372867654999,-33.000358352061731],[150.76903394454999,-33.001029337714726],[150.76899135087001,-33.001046341826701],[150.78727085214999,-33.003382963638686],[150.78550501398999,-33.002413110433707],[150.78509360378999,-33.001366724528715],[150.78535310753,-33.00053336008672],[150.78701217619999,-33.000998539491704],[150.78769229425001,-33.000843006319705],[150.78858710367001,-33.000054415104721],[150.78907426219001,-32.999660821407737],[150.79014110721999,-32.999947870513729],[150.79121213581999,-33.000067390644723],[150.79194536143001,-32.999376470681725],[150.79168624428999,-32.998600951291756],[150.79134260249,-32.998025048116752],[150.79106846073,-32.997852601663766],[150.79004056216999,-32.997599768688758],[150.78858116762001,-32.997104650600768],[150.78697657692999,-32.99764602474275],[150.78537615412,-32.998019858473739],[150.78481030716,-32.99837852214975],[150.78318351518001,-32.998215556622739],[150.78268072217,-32.998264257441747],[150.78340066448001,-32.998006493758744],[150.78409957666,-32.997231554889765],[150.78446065706001,-32.996379035561787],[150.78471178838001,-32.995880680890778],[150.78531506057001,-32.995749526001795],[150.78659996846,-32.994678769295795],[150.78788487612999,-32.99382216262179],[150.78874148042999,-32.992680021202823],[150.78809902630999,-32.991609262825847],[150.78509442215,-32.992523714569835],[150.78482982169999,-32.991804627375835],[150.78397547496999,-32.992004192264815],[150.78365484205,-32.992587983655831],[150.78312317071999,-32.992687674237821],[150.78312301560001,-32.992683874618827],[150.78158255436,-32.992254274241844],[150.7801395617,-32.992697881251821],[150.77927947875,-32.993688142764817],[150.77803356033999,-32.994202264837796],[150.77702197171999,-32.994888143144784],[150.77546720904999,-32.995028031784791],[150.77498201102,-32.994133209727806],[150.77651839031,-32.992212748813827],[150.77743114742,-32.992174123168844],[150.77846965117001,-32.991405262487852],[150.77858324036001,-32.990262046072857],[150.77723028361001,-32.990023223947858],[150.77575438891,-32.990262371863857],[150.77587584144001,-32.989839907107857],[150.77601360276,-32.989104949403867],[150.77633219032001,-32.988686980510877],[150.77653714473999,-32.988846127429873],[150.7764744433,-32.988174634299881],[150.77751898995999,-32.987757495411891],[150.77828776365999,-32.987234882262896],[150.77868614866,-32.9872084542599],[150.77823457515001,-32.987770235746886],[150.77870155675001,-32.988180774591882],[150.77982140937999,-32.987932548675886],[150.78040314296001,-32.986937331350909],[150.78070910453999,-32.985836651063913],[150.77992409541,-32.985420463157922],[150.77913993191001,-32.984970768478931],[150.77847000003999,-32.98472421451094],[150.77792352962001,-32.984312261258935],[150.77623540880001,-32.985019608284937],[150.77572153355999,-32.984769342043933],[150.77582101927999,-32.984470883085926],[150.77639208900001,-32.983114588720944],[150.77639208886001,-32.982329367993962],[150.77724869556999,-32.980830307407977],[150.77781976406999,-32.979545397321999],[150.77939020648,-32.978902942291],[150.78196002229001,-32.979188477879013],[150.78288801252,-32.978117719884018],[150.78310216251,-32.976832811699026],[150.78188863808001,-32.976761427015035],[150.78172647146999,-32.976540291513047],[150.78214896333,-32.975974176833049],[150.78187909472001,-32.975634193641049],[150.78113899563999,-32.975489066082041],[150.78131756821,-32.974477144967061],[150.78081788108,-32.973906073127083],[150.77996127709,-32.973834690882086],[150.77874775211001,-32.973620538906083],[150.77706368112001,-32.973246302943075],[150.77681694341999,-32.972929667279089],[150.77635088805999,-32.972485622611089],[150.77592817409999,-32.972606730271103],[150.77453611134001,-32.971693177322109],[150.77451928047,-32.971710136367115],[150.77442342342999,-32.971646822528093],[150.77348714612,-32.97092623059612],[150.77410773490001,-32.969965251839128],[150.77439436838,-32.969635174169134],[150.77479973736001,-32.969574315836134],[150.77553548304999,-32.969694428995133],[150.77682039147999,-32.969694428492126],[150.77831944962,-32.96919474215413],[150.78060373081999,-32.967695681477153],[150.78131756748999,-32.966624924157173],[150.78295939451999,-32.96662492379717],[150.78438706934,-32.96591108554518],[150.78460122054,-32.96484032738519],[150.78567197644,-32.963626802938201],[150.78567197541,-32.961699439552241],[150.78502952206,-32.960985600446264],[150.78403014849999,-32.959486540097274],[150.78253109169,-32.959201005308273],[150.78160310179999,-32.958701318780292],[150.78124618160001,-32.956845339289316],[150.78010404276,-32.956916722576317],[150.77889051776,-32.956631187277317],[150.77831944805999,-32.957345025592304],[150.77639208478001,-32.957987479929294],[150.77596378407,-32.958772702990274],[150.7755354812,-32.959557924362258],[150.77553548148001,-32.960771449868254],[150.77667762244999,-32.961770821989241],[150.77704077934999,-32.962006879162239],[150.77625133087,-32.962993667543216],[150.77555017206001,-32.963186628188232],[150.77520172006999,-32.962811710976226],[150.77454456846999,-32.962062583730237],[150.77422830507001,-32.961989908847237],[150.77347234561,-32.962009950585234],[150.77322379808001,-32.962407743897217],[150.77282972950999,-32.962266639492228],[150.77296325391001,-32.961699200166244],[150.77289470072,-32.961262232026236],[150.77299857141,-32.960292036947251],[150.77354296198999,-32.959195621502275],[150.77343802752,-32.958623928896287],[150.77322311794001,-32.957681568215285],[150.77371850136001,-32.956952985701307],[150.77369977215,-32.956114678580313],[150.77477444463,-32.956066797285303],[150.77608923930001,-32.955956144891303],[150.77674187030999,-32.955297388983318],[150.77784956209999,-32.955518220281313],[150.77903422559001,-32.955840968177327],[150.78060792573999,-32.956505809649308],[150.78176040874001,-32.956526288978303],[150.78217205026999,-32.955963779012308],[150.78146760784,-32.955515516109308],[150.78055106638999,-32.955599786942322],[150.77969605713,-32.954813650559316],[150.77892221710999,-32.953961912817356],[150.77992492691999,-32.953611036184348],[150.78110873661001,-32.953967267268339],[150.78155340915001,-32.953673497480345],[150.78148168813999,-32.95350412909135],[150.78195080436001,-32.953680557337343],[150.78250883270999,-32.953623429854353],[150.78248750805,-32.952885633087362],[150.78416743022001,-32.952479707409367],[150.78490697985001,-32.951520776235377],[150.78557539568001,-32.950225388469399],[150.7861392497,-32.949933713777405],[150.78657613524001,-32.949523399459395],[150.78670310003,-32.949642037669406],[150.78664748905999,-32.950277914415388],[150.78600462093999,-32.952143584152367],[150.78474093889,-32.953394894790357],[150.78394824621,-32.95488918642733],[150.78529272339,-32.955181192837323],[150.7863443574,-32.954462420885342],[150.78747044171001,-32.953946074015349],[150.787572122,-32.954651775327328],[150.78706934480999,-32.955681957351338],[150.78625447460999,-32.956471969742303],[150.78560106386001,-32.957164281270295],[150.78537811229,-32.958132379833287],[150.78706444593999,-32.959067291693266],[150.78865415256001,-32.959450253869264],[150.78893045296999,-32.959034764256252],[150.79118711308999,-32.959768185969274],[150.79228507326999,-32.960733468714253],[150.79260855083001,-32.961757803449245],[150.79379006100001,-32.961860547102233],[150.79386917757,-32.961897456550226],[150.79538598326999,-32.963869283085202],[150.79957383615999,-32.964249995538196],[150.80261858255,-32.960900813050259],[150.80405856764,-32.962281879335229],[150.80502879648,-32.961999772194225],[150.80545764598,-32.96223368760824],[150.80650461043001,-32.962138508444241],[150.80683685224,-32.96147402725623],[150.80749041243001,-32.96128397786724],[150.80801908701,-32.961468071868232],[150.80840817935999,-32.96166261581525],[150.80904763562,-32.962028018975239],[150.81051993285999,-32.964657079323189],[150.81438655778999,-32.963318631563212],[150.81513013931001,-32.961682752847246],[150.81780703251999,-32.961385317746242],[150.81765831452,-32.959303289500276],[150.81438655261999,-32.956328963326307],[150.81341881352,-32.956093588788313],[150.81345263355001,-32.956047085355316],[150.81333138885,-32.955828848482312],[150.81448784938999,-32.953847972172348],[150.81596632265999,-32.95205975284037],[150.81474662302,-32.950987829694377],[150.81492184147999,-32.950961460277377],[150.81563236170001,-32.950298545486383],[150.81678206102001,-32.949148050294411],[150.81524632378,-32.948625939190414],[150.81394267381,-32.948469500148413],[150.81398074241,-32.948303935940416],[150.81405864096001,-32.948240929930421],[150.81417717048001,-32.947449652410441],[150.81418514118999,-32.947414985750427],[150.81438959286999,-32.947453200677415],[150.81467348851999,-32.946522908261429],[150.81744770840001,-32.946053779549445],[150.81938752057999,-32.945419598874459],[150.82098554212001,-32.944874860732462],[150.82116287657001,-32.944020892633482],[150.82241232234,-32.943843576366483],[150.82404882170999,-32.942431354722501],[150.82418798865001,-32.94328922202449],[150.82438484317001,-32.943443017610491],[150.82242837019999,-32.944462719545477],[150.82248040499999,-32.945328559455447],[150.82201868978001,-32.945958166618446],[150.82229785489,-32.946237333969449],[150.82013237410999,-32.949021433643402],[150.81956130666001,-32.952638215111364],[150.82173303317001,-32.951838121611381],[150.82171766677001,-32.952031762184369],[150.82628385993999,-32.954544362980329],[150.82940690242,-32.953057196744361],[150.82875102756,-32.948091474473422],[150.82897431479,-32.948053694067426],[150.83132634843,-32.947187513138424],[150.83482735006001,-32.943317714115466],[150.83384946168999,-32.943269005610496],[150.83445910078001,-32.942344515853492],[150.83542899552,-32.941559643933509],[150.83638074395,-32.941518870373507],[150.83749195243999,-32.940507378237534],[150.83962134916001,-32.939513488799541],[150.83958229211001,-32.939369243115536],[150.84079940513001,-32.939395133553539],[150.84235926720001,-32.939341344653542],[150.84348882166,-32.940417109894533],[150.8434888216,-32.941600452103508],[150.84391912984,-32.942138335125506],[150.84488867498999,-32.943246387482482],[150.84546912691999,-32.94449220729247],[150.84557661439001,-32.94655206124343],[150.84884837932,-32.948002586616425],[150.84938966441001,-32.948410230952405],[150.84983457214,-32.949546472890411],[150.85106655825999,-32.950696257017384],[150.85082714616999,-32.952724540822352],[150.84826552596999,-32.952967726258343],[150.84550123203999,-32.954924279740339],[150.84614080474,-32.956557772886313],[150.84406689976001,-32.958049002118273],[150.84326551405999,-32.958416917908281],[150.84092166011999,-32.957040270142279],[150.83888018456,-32.957195831671307],[150.83662866348001,-32.956679650933303],[150.83368659415001,-32.956628643275309],[150.83182948114001,-32.958505179153271],[150.83109923549,-32.960592140019251],[150.83151257756001,-32.962456255432237],[150.83115583616001,-32.962519208841222],[150.83090305598,-32.962740396496237],[150.83052656349,-32.962799722136225],[150.82949080490999,-32.963199262667217],[150.82933118816001,-32.96330763707121],[150.82895945801999,-32.963322047642222],[150.82875599824999,-32.963556619709216],[150.82865746197001,-32.963582418057221],[150.82862014021001,-32.963713252698192],[150.82766769420999,-32.964811319925204],[150.82711561917,-32.965781504719182],[150.82658912989001,-32.965852767427165],[150.82648660253,-32.965844053256198],[150.82260702987,-32.963488555705212],[150.81746738940001,-32.964821056109194],[150.81899024885001,-32.969008906642152],[150.82108417836,-32.97262568511708],[150.82247052635,-32.972702716149101],[150.82275198381001,-32.972859511991082],[150.82384491912001,-32.973308039377095],[150.82478915655,-32.972895024861081],[150.82557765453001,-32.971906662503109],[150.82698543116999,-32.970701092738125],[150.82697446921,-32.97114856459212],[150.82983167299,-32.97165178813411],[150.83180112378,-32.970762516531117],[150.83210287842999,-32.971225163316106],[150.83220138054,-32.971479936245089],[150.83218693461001,-32.97169600083911],[150.83221523476999,-32.972739675670091],[150.83175613308001,-32.973910953302067],[150.83114895986,-32.974535387371077],[150.83113676498999,-32.975034088609071],[150.83182158992,-32.975635609383048],[150.83207612057001,-32.976229654977047],[150.83174286367,-32.97674367317304],[150.83078294743001,-32.976911139848049],[150.82908521869999,-32.976881625763035],[150.82763872774001,-32.976707338232025],[150.82622396063999,-32.976682709569033],[150.82600151365,-32.977096377261034],[150.82605446906999,-32.977281437970021],[150.82449335531001,-32.976891158255029],[150.82401746122,-32.976986336980026],[150.82449335479001,-32.978509191652016],[150.82461005817001,-32.979151056141013],[150.82430489161999,-32.979718506036008],[150.82401746465001,-32.97984168988399],[150.82412402674001,-32.980054819842998],[150.82406301052001,-32.980168276250005],[150.82419779998,-32.981984709463973],[150.82300461534999,-32.983709795700939],[150.82154311004001,-32.984063289442929],[150.82017155308,-32.984422180117939],[150.82014535818999,-32.984898083198921],[150.81997009554999,-32.984997829633919],[150.81945429020001,-32.986272049235914],[150.81887933102999,-32.9871369316499],[150.81870346637001,-32.987418602044905],[150.81832819108999,-32.987524213277894],[150.81738065476,-32.987387439016878],[150.81655892454,-32.987934038014878],[150.81635584131999,-32.988444269708872],[150.81503391743999,-32.988284870687878],[150.81494110465999,-32.988211391946898],[150.81488399668001,-32.986669501823897],[150.81522663908001,-32.98581289593092],[150.81608324384001,-32.985356038560909],[150.81705406267,-32.985356038673928],[150.81905280883001,-32.985241825231924],[150.81973809322,-32.984899182834937],[150.8194525573,-32.983699933589946],[150.81933834515999,-32.983014648926947],[150.81871016667,-32.98215804338497],[150.81813909690001,-32.981644079412966],[150.81756802447001,-32.981187223071991],[150.81682563435999,-32.981358544960976],[150.81631167222,-32.981701186770977],[150.81557236427,-32.981331537069977],[150.81542098544,-32.98089136274497],[150.81438181143,-32.980594641149992],[150.81419871181001,-32.980444832057984],[150.81334210698,-32.980273510326988],[150.81237128734,-32.980330617060993],[150.81140046844001,-32.980444831783984],[150.81082939786,-32.981187223820974],[150.81002989967001,-32.982158043025954],[150.80928750974999,-32.983071755982941],[150.80911619047001,-32.983871255880949],[150.80928751054,-32.984784968395942],[150.80931827243,-32.985200272356927],[150.80874714065999,-32.985444982501924],[150.80702425928999,-32.986165877866895],[150.80582268090001,-32.986177417842896],[150.80480830797001,-32.986453511062912],[150.80390042728001,-32.987123375300911],[150.80303936086,-32.9874674692309],[150.80293339689999,-32.988893830262867],[150.80209202764999,-32.989524855847854],[150.80180649236999,-32.989810391705873],[150.80203492068,-32.991466495767831],[150.80131025937999,-32.991809756649836],[150.80088278561001,-32.991802225481841],[150.80019648938,-32.992076441244834],[150.79957910272,-32.992996070178819],[150.79962685434,-32.993443292331797],[150.79938350080999,-32.993564955155819],[150.79957034495999,-32.993868584906807],[150.79843717950001,-32.994321849128809],[150.79752346773,-32.994835813146793],[150.79678107672001,-32.995406884230789],[150.79666686278,-32.996149275940773],[150.79735214579,-32.996491917694762],[150.79843718014999,-32.996834560608775],[150.79900825016,-32.996834560038764],[150.79946510571,-32.997234309383764],[150.79980774837,-32.99769116644076],[150.79997906921,-32.997862486249765],[150.80055013835999,-32.998090915972739],[150.80152095726999,-32.998148023333755],[150.80260599092,-32.997862486304754],[150.80374813226999,-32.996948773381767],[150.80626083948999,-32.997062988378758],[150.80818214582999,-32.996613327485775],[150.80823786286001,-32.996638038917787],[150.80984098951001,-32.996892220194773],[150.81042965097001,-32.998148021640745],[150.80871644075,-32.997976701105742],[150.80797405032999,-32.998033809005747],[150.80807212067,-32.998344366371754],[150.80763140809,-32.998547772541748],[150.80820247797999,-32.999689912949727],[150.80871644138,-32.999747020914732],[150.80911619024999,-33.000032555492716],[150.81025832928,-33.000546518802722],[150.81099380948001,-33.000696623038714],[150.81092961643,-33.000763261446721],[150.81057950197999,-33.001590501466723],[150.81021195433999,-33.002043299517702],[150.80994863855,-33.002208573020702],[150.80991044225999,-33.002194224630699],[150.80983162135001,-33.002224171088699],[150.81007907316999,-33.001692610665714],[150.80796078697,-33.000294864779711],[150.80404186307999,-32.999167752910736],[150.80080281782,-32.999564225626735],[150.8021961693,-33.001251670447701],[150.80499800192001,-33.004022092600664],[150.80533644440001,-33.004068924507671],[150.80591322453,-33.004936028294658],[150.80618262151,-33.005376810191642],[150.80636418789999,-33.00600267770065],[150.80657720284,-33.006381184284635],[150.80656329106,-33.00694308915763],[150.80609017642999,-33.008658270195603],[150.80728283392,-33.010493446215584],[150.80858703749001,-33.010658592654586],[150.80939584237001,-33.011260014075582],[150.81108786990001,-33.011227759024578],[150.81211380804001,-33.011369659919573],[150.81258466633,-33.011783238186574],[150.81249347625999,-33.012049013256558],[150.81277241404999,-33.01361488947655],[150.81440622766999,-33.016051899890499],[150.81609510590999,-33.016259877724515],[150.81711368250001,-33.015742508865522],[150.81834719793,-33.015095091513523],[150.81926321200999,-33.01444211266152],[150.81973504742999,-33.014628758474529],[150.82044731856001,-33.015800795711513],[150.82079358553,-33.016788037842495],[150.82078371036999,-33.017189261744484],[150.82014323327999,-33.017401070290489],[150.81896920148,-33.017781946886473],[150.8177962586,-33.018118232071487],[150.81757077652,-33.018408578643481],[150.81807886713,-33.019441779865481],[150.81906342209999,-33.020819728344435],[150.81912882226001,-33.021506872665427],[150.81853362685999,-33.022543967262422],[150.81828453285999,-33.023360654048417],[150.81961049527001,-33.023589472167416],[150.82071163974999,-33.023555533620417],[150.82125225073,-33.023718649469416],[150.82212035374999,-33.024051444987393],[150.82363174516999,-33.024454284015398],[150.82528133043999,-33.024762948475399],[150.82651769039001,-33.025383984388377],[150.82700420341999,-33.025938271173388],[150.82697835816001,-33.027796807154367],[150.82718461440001,-33.028449636508348],[150.82812383229,-33.028780196300353],[150.82967476264,-33.029271634581328],[150.83000749988,-33.029560990220332],[150.82989798057,-33.030313461604315],[150.82989633239001,-33.031092564783307],[150.82969326695999,-33.032147561811286],[150.82966289077001,-33.032145292344303],[150.82978646533999,-33.032654062325285],[150.8301599525,-33.033062010962297],[150.83062568042999,-33.033137512199289],[150.83176376981001,-33.03313230337227],[150.83249544072001,-33.032780085203292],[150.83310227867,-33.032012233048292],[150.83368140773001,-33.031425016272301],[150.83422891735,-33.030928665465311],[150.83449875561999,-33.030590719880323],[150.83504886752999,-33.030154210756315],[150.83533435635999,-33.030175341626311],[150.83589852490999,-33.030877011400314],[150.83625478085,-33.031704966807304],[150.83693598088999,-33.032642719769285],[150.83743826769,-33.033556043118274],[150.83796433960001,-33.034198956440271],[150.83851157765,-33.034511613095262],[150.83929312751999,-33.034487410397254],[150.84059448442,-33.034147462626272],[150.84143401234999,-33.033821814166274],[150.84201963320001,-33.033384172282283],[150.84314595487999,-33.033109551425284],[150.84402208014001,-33.033621732467267],[150.84516520278001,-33.034545117363272],[150.84582689442999,-33.03503397259626],[150.84607562516001,-33.035337017686253],[150.84664808319999,-33.035453070737255],[150.84726515360001,-33.035032478888283],[150.84848412974,-33.034363802824281],[150.84909617091,-33.033828658105286],[150.84972919679001,-33.033254626839273],[150.85013892049,-33.032763993277293],[150.85022967655999,-33.032245032935279],[150.85026340336,-33.031460213408309],[150.85049357829001,-33.030497247256314],[150.85093263245,-33.030158629238329],[150.85168051661,-33.030135393024331],[150.85249462921999,-33.030588003252326],[150.85308629818999,-33.03114310542032],[150.85419672642999,-33.03162472697931],[150.85503269197,-33.032057526034301],[150.85541622976999,-33.032523507583299],[150.85553115164001,-33.033074308571265],[150.85516169483,-33.03396515365128],[150.85415846595001,-33.034894819128262],[150.85328367456,-33.035648436645261],[150.85286968955,-33.036559773510255],[150.85287796732999,-33.037266821881225],[150.85335803173001,-33.037863626347217],[150.85527103192999,-33.038530570427213],[150.85613900792001,-33.038656506038208],[150.85685753755001,-33.0389973650732],[150.85731288229999,-33.03990698771419],[150.85760441821,-33.040082453123198],[150.85789393703001,-33.041247025037173],[150.85792635697001,-33.042094982915174],[150.85770059360999,-33.042670902868146],[150.85694982095001,-33.043059401230167],[150.8554677118,-33.043033922009158],[150.85456786047001,-33.043018444619165],[150.85356106398001,-33.04304571992914],[150.85297556236,-33.043169439448157],[150.85261044616001,-33.042940153147143],[150.85229718260001,-33.042756358595149],[150.85188888158001,-33.042124927473154],[150.85142440627999,-33.041626327241168],[150.85072871512,-33.041926538467173],[150.85060660319999,-33.042593432465161],[150.84999943009001,-33.043608762673145],[150.84949702431999,-33.04467049513913],[150.84920200466999,-33.04591420335511],[150.84956062035999,-33.046410985912104],[150.85061930462999,-33.046429239034126],[150.85284254838001,-33.046467541126113],[150.85406220349,-33.04639933539211],[150.85500204962,-33.046950707676103],[150.85639671243999,-33.048401886380091],[150.85679642950001,-33.049389955775077],[150.85715618181999,-33.049842136862054],[150.85625302054001,-33.049960412054062],[150.85536498940999,-33.049454543277065],[150.85373802964,-33.048846750880074],[150.85199114912001,-33.048816669907083],[150.84988655158,-33.05043059048306],[150.84794937034999,-33.051690565071034],[150.84714445611999,-33.052122668761029],[150.84755710438,-33.052575791057016],[150.84909230389999,-33.052602283318009],[150.85100565710999,-33.052323076064035],[150.85232477304001,-33.052524204082026],[150.85346776556,-33.053435883009008],[150.85396901761001,-33.054604106741991],[150.85437089477,-33.055503020240984],[150.85435142052,-33.056305482697987],[150.85428008698,-33.057062451975966],[150.85405101088,-33.057772105991958],[150.85339731386,-33.058519049237944],[150.85322225103999,-33.059185031887935],[150.85363171687999,-33.059771879632933],[150.8557418433,-33.060120390155916],[150.85701138715999,-33.060186819320933],[150.85822475098999,-33.060386068296928],[150.85865047340999,-33.060179774543933],[150.85869494940999,-33.06019142225292],[150.85903432558001,-33.060931876532912],[150.85878750712001,-33.061703183773908],[150.85783108792,-33.063060684195868],[150.85809731936999,-33.063426109597877],[150.85794095927,-33.06345829998989],[150.85739317491999,-33.063930530359862],[150.85614648852001,-33.064006087039893],[150.85563648055,-33.063854973620877],[150.85474869111999,-33.063401634605881],[150.85314311132001,-33.063269410588873],[150.85257643755,-33.063533858472873],[150.85185864934999,-33.064176091138869],[150.85142419817001,-33.065101659114852],[150.85138642212999,-33.065932782298837],[150.85172642726999,-33.066820572033841],[150.85240643647001,-33.067425024199821],[150.85374756849001,-33.068388371190814],[150.85384512885,-33.068439103065813],[150.85380321155,-33.068583880192818],[150.85520428973001,-33.069267347859821],[150.85580170092001,-33.069719670475799],[150.85581995294999,-33.070285442198788],[150.85556093189001,-33.070825070880765],[150.85416313272,-33.071769529425779],[150.85191532452001,-33.072978435717772],[150.85103751457001,-33.073757342357744],[150.84899359952999,-33.074504949942721],[150.84860247287,-33.074856088784728],[150.84917818355001,-33.075653380803722],[150.84942946821999,-33.077554531881688],[150.84938914451001,-33.077695796479695],[150.84878500521,-33.078286413251689],[150.84866172859,-33.078997879068666],[150.84858488730001,-33.079977746527661],[150.84935640885001,-33.080927655206658],[150.85055050526,-33.081929445997638],[150.85170251528999,-33.082484504445624],[150.85232714628,-33.082941266882607],[150.85269025411,-33.083259720943616],[150.85262103916,-33.083927523398614],[150.85111221534001,-33.084971907903601],[150.84950286825,-33.085791538332579],[150.84836142803999,-33.086976024319569],[150.84850618461999,-33.087558318393562],[150.84891790995999,-33.088056022078547],[150.84996732452001,-33.088475527809557],[150.85075195102999,-33.088890459874534],[150.85127286984999,-33.089256239521539],[150.85147060642001,-33.089839444027525],[150.85086417347,-33.090810176835497],[150.8497854149,-33.091594359763505],[150.84828728865,-33.092192893394483],[150.84801161345999,-33.0926341280015],[150.84763001236001,-33.093073532146477],[150.84761370899,-33.093742243266476],[150.84770333150001,-33.094412784149462],[150.84746756876001,-33.095389900687451],[150.84690531530001,-33.096718171333443],[150.84660895576999,-33.098006434381425],[150.84701092872999,-33.098905370805419],[150.84811994700999,-33.099058327179399],[150.84949922939001,-33.098992942599416],[150.85126554913001,-33.09826522382842],[150.85213252077,-33.097477380149435],[150.85290222231001,-33.096331059094446],[150.85307954656,-33.095575921801462],[150.85342117655,-33.094600617163458],[150.85369032752001,-33.094426854923462],[150.85485768462999,-33.09435775767048],[150.85734695648,-33.094400585738462],[150.85856403074001,-33.094466108309469],[150.85955087926001,-33.095285857789463],[150.86051181463,-33.097175545775436],[150.86170625263,-33.098177243822427],[150.86480535107,-33.099300783077396],[150.86532423416,-33.099755669893391],[150.86518595294999,-33.101091292681375],[150.86557950692,-33.102346826776376],[150.86794585096999,-33.103100938027353],[150.86800347674,-33.103070615686356],[150.86939938255,-33.10346248602734],[150.87132362240999,-33.104193264441335],[150.87176551085,-33.104678001171322],[150.87129600794,-33.10533804178133],[150.87042862334999,-33.106038999568312],[150.87012452582999,-33.106892737629309],[150.87066941308001,-33.107808707954284],[150.87122581873999,-33.108247686694291],[150.87188753125,-33.109022490218273],[150.87203340324001,-33.110027075079266],[150.87231020454001,-33.112656332187235],[150.87283904642001,-33.114240080017197],[150.87282409287999,-33.11486016829619],[150.87405957695,-33.1153584484682],[150.87517941387,-33.115950179581183],[150.87647161166001,-33.116449402770179],[150.87786800902001,-33.117332136140163],[150.87944480147999,-33.117788458480156],[150.88040955976001,-33.117757159798174],[150.88170181391001,-33.118256330746163],[150.88321280592999,-33.119093237352132],[150.88445184427999,-33.119448318894143],[150.88614437203,-33.119811086212145],[150.89993799586,-33.1216191376121],[150.9001935629,-33.121364866965109],[150.90039489295,-33.121483683803113],[150.90562238087,-33.116274875633188],[150.91092666783999,-33.114980090163193],[150.91435806067,-33.113749170885235],[150.9163779717,-33.112255957984218],[150.91811210104001,-33.112595949362237],[150.91840835164001,-33.112719375300223],[150.91965196341999,-33.112883305904234],[150.92021652816999,-33.112988171566236],[150.92164480033,-33.112534815092232],[150.92166115315001,-33.112528271833213],[150.92187264814001,-33.112490898835226],[150.92201369979,-33.112387207687227],[150.92278965518,-33.11207671880824],[150.92410453982001,-33.111621443042246],[150.92618266437,-33.112467283498241],[150.92753517148,-33.112823826765229],[150.92809078376999,-33.113310263674236],[150.93092264408,-33.113452771398222],[150.93157598732,-33.1146088861232],[150.93240498910001,-33.115529317426187],[150.93289842729999,-33.116327647896178],[150.93308208792999,-33.116652619947189],[150.93353835302,-33.117981814772158],[150.93362825705,-33.118985415627144],[150.93367041578,-33.119606466320135],[150.93457404194001,-33.119764612097129],[150.93546204143999,-33.120590563868113],[150.93641678891001,-33.120988141103112],[150.93823189279999,-33.120970479445127],[150.93896548316999,-33.121125777936115],[150.93997137037999,-33.121762771234124],[150.94112617904,-33.123308888508092],[150.94225550223999,-33.123518429532083],[150.94486764308999,-33.123370679421079],[150.94562460054999,-33.122524214575087],[150.9495283448,-33.122922577611099],[150.95084343398,-33.124900722272073],[150.95128476598001,-33.125432896293063],[150.95263869205999,-33.125741480165047],[150.95353135370999,-33.126376505287048],[150.95425837882999,-33.126817925050055],[150.95489194172001,-33.126398853828043],[150.95744304953001,-33.12644071747804],[150.95966986658999,-33.128242844172021],[150.96161726621,-33.127415776948034],[150.96155441974,-33.127264824583023],[150.96357208801999,-33.127867636126027],[150.96444833583999,-33.129218110894001],[150.96692085002999,-33.130212891381994],[150.96943296981999,-33.129490357518009],[150.97101600402999,-33.129707036250011],[150.97351054158,-33.129747649181986],[150.97534227947,-33.129013923511017],[150.97924555265999,-33.126977633899038],[150.98049886957,-33.126648553917043],[150.98375452152001,-33.127440341304037],[150.98422141258999,-33.12763090536604],[150.98421491145999,-33.127535933780031],[150.98515007856,-33.128058186363013],[150.98598702590999,-33.127963662732036],[150.98686219955999,-33.126194797276057],[150.98778011539,-33.125205150188066],[150.98785670824,-33.125237119600058],[150.98901316587001,-33.124714081567063],[150.99013944103999,-33.125514738735056],[150.99084491607999,-33.12594745454205],[150.99193122977999,-33.12536306637606],[150.99317971138001,-33.123938612036078],[150.99417395251001,-33.12425557897906],[150.99536630763001,-33.125298018352048],[150.99628906506001,-33.125613819772049],[150.99604719826999,-33.12681374260103],[150.99654092150999,-33.127122638870027],[150.99777842782001,-33.12617948578005],[150.99773014339999,-33.125155467323061],[150.99831585774999,-33.12456297370607],[150.99931968191001,-33.124458717944073],[150.99987945434,-33.125009425564059],[151.00072662611001,-33.125504553430062],[151.00187483817001,-33.125342406162062],[151.00234887094999,-33.125210123044063],[151.00323918262001,-33.126080199221065],[151.00394894167999,-33.125929483252051],[151.00466236291999,-33.12561672781105],[151.00563742407999,-33.125092034447057],[151.00719261661001,-33.124468553066073],[151.00957248776999,-33.124290481745071],[151.01040186814001,-33.12421387062507],[151.01233938102999,-33.124426398234071],[151.01286293289999,-33.123071654142088],[151.01287210522,-33.123069644223079],[151.01356831561,-33.122751479024089],[151.01469530810999,-33.122569021267104],[151.01529938665999,-33.122564330738093],[151.0160769199,-33.122412081281098],[151.01724979943,-33.122080013074111],[151.0186573938,-33.121901984257114],[151.01953117543999,-33.122008935768108],[151.02080413958001,-33.122523073497085],[151.02204053712001,-33.123530527013081],[151.02266869339999,-33.123969984322073],[151.0232357397,-33.124264633535077],[151.02365224188,-33.124537956034068],[151.02465908414999,-33.125162363821076],[151.02592906747,-33.125433029274056],[151.02624681684,-33.125353471075051],[151.02623715252,-33.125367289893056],[151.02691612871001,-33.125197284953067],[151.02790307724001,-33.125147299989052],[151.02903549225999,-33.125281717824059],[151.03006715705999,-33.124796975020061],[151.03083730361999,-33.124594410191072],[151.03125131702001,-33.125102020103064],[151.03199112548,-33.126259005085039],[151.03206339133999,-33.126832791768059],[151.03255767475,-33.127556410360029],[151.03253212911,-33.128701299633015],[151.03331666874001,-33.127854719717028],[151.03415570746,-33.127436516522032],[151.03500819995,-33.127356913638046],[151.03539902131001,-33.12699801659204],[151.03489817993,-33.126567787847037],[151.03480544729999,-33.125945535584059],[151.03483095967999,-33.124800643246061],[151.03509245559999,-33.124518445912074],[151.0358609964,-33.12438740621208],[151.03646104939,-33.124182124088087],[151.03773663529,-33.124202226403071],[151.03805056165001,-33.124061879338058],[151.03896701193,-33.124219662289079],[151.03901418205001,-33.123990305422076],[151.03937774587001,-33.124111599167065],[151.03893844181999,-33.122444005503105],[151.03847623779001,-33.12180681745911],[151.03869687412001,-33.121065847603127],[151.03878017694001,-33.120379981326124],[151.03791363696001,-33.119564627643129],[151.03762133454001,-33.11970318574614],[151.03728597291001,-33.119483158652137],[151.03770842316001,-33.117700289109159],[151.03786064330001,-33.116593181654174],[151.03740650142001,-33.115977589529194],[151.03724997008999,-33.115366684706188],[151.03761157791001,-33.114406037961203],[151.03784484302,-33.113479158880224],[151.03789929157,-33.11294315781322],[151.03847663300999,-33.111842745268227],[151.03896257164001,-33.11102721178726],[151.03905952583,-33.110491880384252],[151.03912112111999,-33.109633876005269],[151.03912986585999,-33.109240316920285],[151.03913940705999,-33.108810981242279],[151.03944573381,-33.108422105822278],[151.03967339542999,-33.107745666648292],[151.03948070882001,-33.106847870131297],[151.03902501029,-33.10630384112131],[151.0386094445,-33.105867812747313],[151.0381561442,-33.105216446198312],[151.03830832738001,-33.104109334610335],[151.03906278989001,-33.102689587535359],[151.03975565226,-33.102127840963369],[151.04001864994001,-33.101774071440367],[151.04011717257001,-33.101167181030391],[151.03996382202001,-33.100413166719385],[151.03985218674001,-33.099695599961414],[151.04012629846,-33.098840936221407],[151.04014297806,-33.098089595959422],[151.04002816437,-33.097515141323441],[151.04034398031001,-33.096696923441435],[151.04073924107001,-33.096130488473442],[151.04066149325001,-33.096132536629447],[151.04074400563999,-33.095915819726457],[151.04126757146,-33.095315609847439],[151.04191388736999,-33.094932069946488],[151.04269564181001,-33.094192747314473],[151.042711505,-33.093477182937484],[151.04247154639,-33.092793392010499],[151.0423583116,-33.092147381340503],[151.04234527411,-33.0921143329495],[151.04274678332001,-33.0920809513945],[151.04327780126999,-33.090944953207526],[151.04404767745001,-33.090742280684516],[151.04466174121001,-33.089892939696526],[151.04560948079001,-33.089335154935547],[151.04655246252,-33.088992033059547],[151.04707594594001,-33.088391794806562],[151.04713150150999,-33.088212726243547],[151.04781107689999,-33.087388291976559],[151.04837609686999,-33.086012397666572],[151.04862045554,-33.085839053672579],[151.04953431600001,-33.08488700867759],[151.05054026677999,-33.083614279809609],[151.05064263751001,-33.082828483927621],[151.05065448176001,-33.082291808178638],[151.051564337,-33.081518635963633],[151.05216879612999,-33.081098594727635],[151.05231364738,-33.080313460797655],[151.05172576723001,-33.079982155002668],[151.05167357951001,-33.080038864354655],[151.05157978132999,-33.079880406637663],[151.05227742664999,-33.078622352513676],[151.05268940600999,-33.076004128490709],[151.05193396728001,-33.074918599240732],[151.05138707415,-33.07401528089374],[151.05234198989001,-33.072479268457769],[151.05265551254999,-33.071112183569774],[151.05226210896001,-33.069674403737807],[151.05130477649999,-33.068108505067819],[151.05168385938001,-33.066981052378836],[151.05221508285001,-33.065378764190868],[151.05175614872999,-33.063701349803864],[151.05013391353,-33.063377733390872],[151.04907033139,-33.06342074670188],[151.04722380867,-33.06363044422389],[151.04686144167999,-33.063501760920886],[151.04689388892001,-33.063408454099893],[151.04686898900999,-33.062739955479884],[151.04630658482,-33.062210539827888],[151.04603514000999,-33.061570158191905],[151.04596394360999,-33.059733362255926],[151.04646755429999,-33.059383345530932],[151.04753240061001,-33.059280721011945],[151.04873624381,-33.05929956727794],[151.04930802051999,-33.059069906974941],[151.05002931440001,-33.058484674930931],[151.05054473086,-33.057597961500953],[151.05191251274999,-33.056605262737982],[151.05278064565999,-33.055783700020989],[151.05308096012001,-33.05501291963499],[151.05380875777999,-33.054129508158006],[151.05510564142,-33.053135663437004],[151.05520136627999,-33.052003776175034],[151.05537051913001,-33.050753728254058],[151.05546885876001,-33.049502576432054],[151.05521185616001,-33.048305536507087],[151.05495748062,-33.046989232998094],[151.05583072781999,-33.045929120012111],[151.05620964446999,-33.044801644516141],[151.05628642942,-33.043727698308153],[151.05643855457001,-33.043082737167154],[151.05660407492999,-33.04161257595517],[151.05732353856001,-33.040925825719178],[151.05830919895001,-33.04121979208918],[151.05933236677001,-33.041576711514168],[151.05963407703999,-33.041621646915175],[151.05964122328001,-33.041724771498167],[151.05965224966999,-33.04185319275917],[151.05991313218999,-33.04195052472317],[151.06013735440001,-33.041825762303176],[151.06036501798999,-33.041730508283173],[151.06045071516999,-33.04174327173417],[151.06070130936999,-33.041590641479175],[151.06119238056999,-33.041690599574167],[151.06166287938001,-33.041697912978165],[151.06206444227999,-33.041692493454171],[151.06288421545,-33.041553660014166],[151.06320753656999,-33.041558680971171],[151.06366138255001,-33.041711196468171],[151.06445226488,-33.041818916483159],[151.06575552685999,-33.041815273160182],[151.06640585361001,-33.041873079192165],[151.06730689635,-33.042125653792169],[151.06854102692,-33.042693569306138],[151.06933088389999,-33.042848964194143],[151.07035251427999,-33.042769332246159],[151.07147805469,-33.042386839357164],[151.07148334329,-33.042401064925166],[151.07213826726999,-33.042123555568153],[151.07294865674999,-33.041377048438171],[151.07327876553001,-33.040968815985181],[151.07373260116,-33.040615098847184],[151.07421400938,-33.040224231025178],[151.07489720002999,-33.039580960364205],[151.07525888544001,-33.039361088711217],[151.07562813478,-33.038894202454202],[151.07561704112999,-33.038893160204225],[151.07605618596,-33.037983086883216],[151.07626064271,-33.037197150113229],[151.07659578226,-33.036556015865237],[151.07676014664,-33.03597236802225],[151.07732962065,-33.035222117773259],[151.07785443618999,-33.034884507508252],[151.07853669221001,-33.034692110384256],[151.07922541789,-33.034612537166268],[151.08005554354,-33.034595257337273],[151.08017661184999,-33.034602639188265],[151.08027279999001,-33.034566617631256],[151.08223851731,-33.03407289336127],[151.08504666504999,-33.033901287773269],[151.08724316711999,-33.032539126033285],[151.08867503344001,-33.031165210765302],[151.08894843012999,-33.03031040653633],[151.09076019520001,-33.029049659104352],[151.09124728981999,-33.028653987825351],[151.09194400922999,-33.028918228709351],[151.09308695755999,-33.028458486792346],[151.09382421702,-33.028422030583343],[151.09444615404001,-33.02847925582234],[151.09514628600999,-33.027535509887343],[151.09640861758999,-33.026791229176368],[151.09727040736001,-33.026231711416372],[151.09813935790999,-33.025338244552394],[151.09816600374,-33.024097879851404],[151.09755434303,-33.023563612347417],[151.09756254403999,-33.023181960513419],[151.09836253659,-33.022860103550421],[151.09843248696001,-33.02224078383243],[151.09829958848999,-33.021883488548447],[151.09830142233,-33.021882848694432],[151.09810475491,-33.021292858081438],[151.09795874765999,-33.020600666680458],[151.0981824468,-33.019979279542468],[151.09818012544,-33.019945861291468],[151.09833440105001,-33.019303843544463],[151.09891683779,-33.018537873790471],[151.09973615415001,-33.017447697047487],[151.09978705296001,-33.017064893347509],[151.09983115847001,-33.017026069730491],[151.09986045042999,-33.016873130205497],[151.10022997498001,-33.015392704885514],[151.10012638616999,-33.015370498629515],[151.10045202028999,-33.01458273372954],[151.10049984129,-33.014002327013543],[151.10028629097999,-33.013239132449556],[151.09992650833999,-33.012697222850555],[151.09983069251001,-33.012594113118553],[151.10065112980001,-33.012008084174568],[151.10124599737,-33.011591677779556],[151.10151368660999,-33.010788609788584],[151.10154342688,-33.010104514041586],[151.10153236972999,-33.01006212903561],[151.10159200032001,-33.009998830215594],[151.10166570091999,-33.009754771198587],[151.10167651546999,-33.009250149903593],[151.10161950046,-33.008715655523602],[151.10152177449999,-33.008483410575614],[151.10139013305999,-33.008236226105623],[151.10137827425001,-33.007990864653607],[151.10140125665001,-33.007717189342621],[151.10115292646,-33.007324005908615],[151.10116250657001,-33.00687705688464],[151.09995904131,-33.006325109665639],[151.09916335636001,-33.007510052331618],[151.09854208373,-33.007745767181625],[151.09797802417,-33.007708325744623],[151.09721296004,-33.007465904012619],[151.09693515083001,-33.007649158720639],[151.0967553639,-33.008050243783622],[151.09650774764,-33.008421448095618],[151.09614344566,-33.008646649536594],[151.09576016949001,-33.008958093183615],[151.09525741982,-33.009253289977607],[151.09490619198999,-33.009666177561591],[151.09447498417001,-33.009818239355589],[151.09372330260001,-33.009749069310587],[151.0930453464,-33.009435839655602],[151.09245978440001,-33.008806730071591],[151.09167690980999,-33.008440361711614],[151.09199045973,-33.005050463850644],[151.09109736740999,-33.002507657711689],[151.09123059474999,-33.002013871904701],[151.09113328986001,-33.001272690840715],[151.09049351825999,-33.000737961508726],[151.08993456236001,-33.000395353103713],[151.08928194544001,-33.000456947369713],[151.08856859670999,-33.000708493934717],[151.08717791775001,-33.000854211920704],[151.08633641607,-33.000483398248711],[151.08576888440001,-33.00029872979573],[151.08563508327001,-33.000224064683735],[151.08746734613001,-32.998735285180743],[151.09127423168999,-32.998972020711733],[151.09153341663,-32.99837407923976],[151.09190005362001,-32.998540396453741],[151.0931506954,-32.998320900084749],[151.09350218226999,-32.997777465540757],[151.09371572220999,-32.997064896035774],[151.09414801569,-32.996713581352779],[151.09442263362999,-32.996523576834775],[151.09445368845999,-32.998842150570745],[151.09567026569999,-33.001359100573715],[151.0992464485,-33.002484355837694],[151.10434484811,-33.001758851127704],[151.10843029361001,-32.998876311577753],[151.10995982071,-32.996668778750781],[151.11117172035,-32.994456417416814],[151.11131368183001,-32.99276322695583],[151.11240275678,-32.991221984770846],[151.11281094060999,-32.991321249057854],[151.11307687892,-32.991899770823842],[151.11329248043,-32.992146414014826],[151.11347533546001,-32.99233529495482],[151.11428839986999,-32.992447798464831],[151.11554911701,-32.992280722020837],[151.11584057082999,-32.992156270429838],[151.116145405,-32.991402085495835],[151.11601197408001,-32.991285537740836],[151.11542273965,-32.99103326113584],[151.11536241485001,-32.990674430787855],[151.11519958513,-32.990342686149866],[151.11484598711999,-32.990194178666869],[151.11436833782,-32.990287180795846],[151.11433832955001,-32.990100610832854],[151.11414519224999,-32.989596607379859],[151.11370964194001,-32.989415352855865],[151.11404148166,-32.988967651257887],[151.11472313135999,-32.988496828853876],[151.11512944771999,-32.988752375812865],[151.11572509411999,-32.988314289000883],[151.11660803567,-32.988817738232889],[151.11695255094,-32.988593869279875],[151.11755058813,-32.988431089393885],[151.11756517427,-32.987744106160889],[151.11729679851001,-32.987582574052894],[151.11660447476001,-32.987386013232893],[151.11635491748001,-32.987043450558907],[151.11636181226999,-32.986718912627893],[151.11691022099001,-32.986226101671903],[151.11691781940999,-32.985868298087915],[151.11671120618001,-32.985038361927927],[151.11754779095,-32.983399181399946],[151.11875741476999,-32.981275929399978],[151.11676171588999,-32.980532011408982],[151.11541241706999,-32.979262448765006],[151.11599842313001,-32.97659443519003],[151.1141276461,-32.974960076282059],[151.11267833706,-32.973421287896073],[151.11240025199001,-32.97207240394409],[151.11298479841,-32.971784464358102],[151.11353059043,-32.971410932819104],[151.11334213821999,-32.970954721420121],[151.11326725037,-32.970984881328107],[151.11335080039001,-32.97080879751212],[151.11352642417,-32.970537046640125],[151.11356080933001,-32.970251231356123],[151.11324273465999,-32.969900437158124],[151.11307903252001,-32.969611628254135],[151.11294261557001,-32.969370953783148],[151.11271825988001,-32.969272117061138],[151.11260659013999,-32.969198845223126],[151.11211289884,-32.96911979770114],[151.11238508856999,-32.968300699555144],[151.11232525604001,-32.967786778002171],[151.11174794906,-32.967646813156158],[151.111175578,-32.967820770358152],[151.11107563409999,-32.967054928996156],[151.11095959488,-32.966977780974162],[151.11127483042,-32.966601692678175],[151.11141206900001,-32.966138472688172],[151.11176857300001,-32.966012628030178],[151.11220819043999,-32.965971552200173],[151.11280623222001,-32.965801632381179],[151.11325142883999,-32.965498163457191],[151.11311151958,-32.964756349738195],[151.11210622900001,-32.964776946284211],[151.11166134978001,-32.964400370981195],[151.11120156115001,-32.963707655854208],[151.11159996834999,-32.963698422906205],[151.11227451426001,-32.963923372853209],[151.11286873552999,-32.963932354649202],[151.11305119414001,-32.963338579062217],[151.11302706202,-32.961811092149233],[151.11269664605999,-32.961376595465239],[151.1121696875,-32.960867542202244],[151.11212933121001,-32.960103371566269],[151.11220012984001,-32.959436324656266],[151.11195359466001,-32.95905081726427],[151.11151762854001,-32.958256802667286],[151.11198403988999,-32.957619599593293],[151.11189065138001,-32.956687597129317],[151.11155721432999,-32.956396219528315],[151.11110654268001,-32.956293959521311],[151.11053863386999,-32.956380814680315],[151.10999089241,-32.956849751254303],[151.10913343335,-32.957242412854306],[151.10853671582001,-32.95735268488329],[151.10779801622999,-32.957484661866296],[151.10691072246999,-32.957948439255304],[151.10662164019001,-32.95805311644429],[151.10636929609001,-32.956550787776301],[151.10873310055999,-32.954891260324324],[151.10877110601999,-32.953107261825345],[151.10873101977,-32.953076600588346],[151.10910951278001,-32.952820246602343],[151.10944761722001,-32.953006630687369],[151.10974403165,-32.95304303486536],[151.10979331355,-32.953097651958352],[151.11080373268999,-32.953494720723342],[151.11130182260999,-32.95323434139533],[151.11148205885999,-32.953256471355353],[151.11200859395001,-32.953114713832356],[151.11203050532001,-32.953116231492366],[151.11204311660001,-32.953105419151356],[151.11241004873,-32.953006629373355],[151.11262829912999,-32.952603708182359],[151.11332000313001,-32.952010658562379],[151.11324864533,-32.950538347635373],[151.11185560826999,-32.948469109653395],[151.10986461485999,-32.947169696783433],[151.10960818237999,-32.946358081163453],[151.11041386685,-32.945475993759445],[151.11025328788,-32.944983153917455],[151.10958459420999,-32.944251842434475],[151.1091137526,-32.94386969482148],[151.10895134096,-32.943463369645478],[151.11002263495001,-32.942960324467492],[151.11174925852001,-32.942207549712492],[151.11265319634001,-32.941528865357505],[151.11376967455999,-32.940507210850512],[151.11460879766,-32.940056826672524],[151.11576608487999,-32.939640202485521],[151.11640753609001,-32.939764926628548],[151.11687153131001,-32.939586466299524],[151.11726414080999,-32.939015395799537],[151.11726414089,-32.938370212887563],[151.11804603085,-32.938107054870549],[151.11878123746999,-32.93700976649658],[151.11990454784001,-32.935687407099586],[151.12075213492,-32.934453252178592],[151.1208508144,-32.934044738400601],[151.12181251064999,-32.932982027505624],[151.12277806353001,-32.931537798739626],[151.12251846584999,-32.930548261462668],[151.12108466213999,-32.929817048312657],[151.12047460072,-32.92992615131665],[151.11792918890001,-32.93091289421465],[151.11667654134001,-32.931484158955648],[151.1167106927,-32.931344398549655],[151.11722394156999,-32.930382317336665],[151.11795713597999,-32.929377364793673],[151.11809497741999,-32.928040169042681],[151.11739994404999,-32.927244607170699],[151.11772832848001,-32.925900578687717],[151.11790658531999,-32.92588077145772],[151.11933426249001,-32.925738001471721],[151.1199767171,-32.925024163608732],[151.11976256628,-32.924381708115725],[151.11933426172001,-32.923632178856757],[151.11854903783001,-32.922989724690758],[151.11779950651001,-32.921883277361758],[151.11714750422999,-32.921862247162771],[151.11659407172999,-32.92111526728079],[151.11596156448999,-32.920080670682793],[151.11681355905,-32.919580982664804],[151.11682858848999,-32.918871551282813],[151.11683693833999,-32.918477421815815],[151.11703471033999,-32.917967869946835],[151.11741772353,-32.917539961370835],[151.1174262353,-32.917137949619828],[151.11766221543999,-32.917031112252843],[151.11791171172999,-32.916285785798841],[151.11799521443999,-32.915957066144856],[151.11862041892999,-32.915672881662857],[151.1186918006,-32.914851967144862],[151.1185847237,-32.914495047159868],[151.11827691710999,-32.914366795842874],[151.11750451847001,-32.91344101666288],[151.11605849998,-32.913300950243887],[151.11532075546,-32.913678577211876],[151.11467780711999,-32.912736959302883],[151.11522025295,-32.912350828043898],[151.11445773052,-32.911623482729908],[151.11395165696001,-32.911580208611923],[151.11353412880999,-32.908982554074946],[151.11283641992,-32.906885085167985],[151.1097032365,-32.906225087532981],[151.11031337559001,-32.905482261896005],[151.10962625742999,-32.902973445997034],[151.10889431296999,-32.902279990946042],[151.10883770432,-32.902120984228041],[151.10916204310001,-32.90189580750004],[151.10951896189999,-32.900289671016075],[151.10894788891,-32.899290297446065],[151.10812697443001,-32.89854076872907],[151.10705621810999,-32.897755546983085],[151.10598295275,-32.897587851711087],[151.1059059614,-32.897536523377099],[151.10580699918,-32.897041709960099],[151.10648514508,-32.896613405627107],[151.10630668601999,-32.89593525980812],[151.10609253212999,-32.895114344881144],[151.10565118804999,-32.894918193289136],[151.10621434289999,-32.894009153176142],[151.10777918479999,-32.89224323828617],[151.10880919576999,-32.891686147882183],[151.10866845596999,-32.890323912672201],[151.1073281036,-32.889516199870215],[151.1061634998,-32.888424793809222],[151.10466728438999,-32.88697042961325],[151.10350275006999,-32.885879001766241],[151.10219087651001,-32.885260155547265],[151.10232048309001,-32.88505093402928],[151.10228303995001,-32.884340323673285],[151.10104387673999,-32.883256442638285],[151.10043377514,-32.882270865205314],[151.09809719729,-32.880859635052317],[151.09654363126,-32.879726550383339],[151.09478550406999,-32.878324062583353],[151.09376345940001,-32.876932779078381],[151.09314967861999,-32.876124622466392],[151.09199877391001,-32.875840800002386],[151.09031263915,-32.875992570455402],[151.08858820883,-32.875478069935397],[151.08709410378,-32.87403513846342],[151.08706631064001,-32.872880893324435],[151.08834420458999,-32.872146015913444],[151.08883066985999,-32.87153216466546],[151.08870437882999,-32.870065772028461],[151.08682427289,-32.869460112368465],[151.08539632762,-32.869837657744476],[151.08392630198,-32.869726385457476],[151.0824486395,-32.869970002957459],[151.08002376639999,-32.870243441681481],[151.07958025367,-32.871301690927446],[151.08180826799,-32.872844724584432],[151.08263698297,-32.873434341926426],[151.08280810602,-32.875256447371392],[151.08346098798,-32.876686538553393],[151.08422649744,-32.878869323740346],[151.08371367427,-32.878803153291351],[151.08367798392999,-32.879659758997349],[151.08435613339,-32.88058774757932],[151.08471305288001,-32.881944040293298],[151.08482012927001,-32.882872029640289],[151.08432851136999,-32.883594997473288],[151.08432213099999,-32.88358153346428],[151.08419851126999,-32.883169764966283],[151.08428853198001,-32.882659810392298],[151.08398695771999,-32.882465087653301],[151.08392039251001,-32.882243355471303],[151.08345096878,-32.88211899815331],[151.08197111858999,-32.881163431677322],[151.08031277200999,-32.881055553735337],[151.08037195265999,-32.880515086413318],[151.08083610150001,-32.878661024752354],[151.08096718247,-32.876515510884374],[151.08031189539,-32.875431689608398],[151.07718037148001,-32.87509723634939],[151.0754196314,-32.874139553027419],[151.07510827140999,-32.872846246186441],[151.07495878271999,-32.871913351279439],[151.07341374339001,-32.871702745818453],[151.07315222100999,-32.870894237497446],[151.07218787049001,-32.869335187453466],[151.07021822188,-32.8681115696765],[151.06814722140001,-32.867728643997495],[151.06690396159999,-32.867112907100505],[151.06675877398999,-32.866704381380508],[151.06646464964999,-32.864623895012549],[151.06531020285999,-32.863102776029564],[151.06325967658,-32.863786879299553],[151.06237285025,-32.865562741496532],[151.06073997998999,-32.866539606943519],[151.06041391214001,-32.866560720565516],[151.06138542126001,-32.864490811746549],[151.06177818899999,-32.861016972523593],[151.06064863173,-32.859482569814602],[151.06199641076,-32.855845072030654],[151.06151845482,-32.853517711089694],[151.06198966608,-32.851294287583713],[151.06226695567,-32.848264794565772],[151.06151147385,-32.846620466108789],[151.06233405698001,-32.845401232457803],[151.06257021047,-32.84443614503882],[151.06244654233001,-32.843526030931827],[151.06123289796,-32.843265041196837],[151.06079819032001,-32.842802393002835],[151.06123842098,-32.842092045665858],[151.06002478088001,-32.839574815942882],[151.05770477109999,-32.8376374205749],[151.05789044399,-32.83717109352191],[151.05843534535001,-32.836170143369927],[151.05890827773001,-32.835041900115954],[151.06060659726,-32.832544724361981],[151.06009741086999,-32.831905953353981],[151.05928943124999,-32.831262547177992],[151.05885907803,-32.830435728550015],[151.05887005938999,-32.829931195612005],[151.05867024567999,-32.829645426916009],[151.06082137884999,-32.829181766818017],[151.06078840367999,-32.828465922942023],[151.05963594644001,-32.828025809129038],[151.05938843222,-32.827309434072056],[151.06020576313,-32.826923690278058],[151.06097054580999,-32.826115401734079],[151.06150985961,-32.825366701473079],[151.06095753764001,-32.823276245381102],[151.05962952356001,-32.822498606048093],[151.05934310114,-32.821926372968115],[151.06040249614,-32.821311917496125],[151.06085475578001,-32.821129662235137],[151.06138855725999,-32.820633229603146],[151.06162769846,-32.819942964876148],[151.06149339008999,-32.819246916998154],[151.06113775736,-32.818421264691167],[151.06189834251001,-32.817802164725173],[151.06220805277999,-32.817302255949187],[151.06214979894,-32.816544297420187],[151.06045392043001,-32.815508620324209],[151.06174002874999,-32.814771488154214],[151.06256431112999,-32.81465807325921],[151.06338448664999,-32.814733855317222],[151.06429850250001,-32.813927850205239],[151.06425117174001,-32.81266535810925],[151.06405994867001,-32.81114828484526],[151.06281224099001,-32.810119570389283],[151.06148440073,-32.8093419579033],[151.06016480535001,-32.808185928774314],[151.05920218891001,-32.807792479655326],[151.05770721937,-32.807832379658322],[151.05656642672,-32.808760992752298],[151.05575730231999,-32.8081806350663],[151.05479608085,-32.807724085763311],[151.05316138088,-32.807320143492298],[151.05266338760001,-32.806176814021342],[151.05215027167,-32.805727214668352],[151.05169304871001,-32.804760735799356],[151.05298377060001,-32.804027243569372],[151.05352003102999,-32.802585983681368],[151.05282466057,-32.802063547604384],[151.05256741645999,-32.801965663158391],[151.05248728257001,-32.801784807067399],[151.05077219993001,-32.799709726759438],[151.05171855736,-32.799350742529427],[151.05180839878,-32.799041292415431],[151.05220590018001,-32.799152300599438],[151.05330871556001,-32.798874721807444],[151.05446869719,-32.798261183545435],[151.05449528922,-32.797040560660463],[151.05457538050001,-32.795652351567483],[151.05473771787999,-32.795065408138491],[151.05346497351999,-32.793993008877493],[151.05368540180001,-32.793028028290507],[151.05361033362999,-32.792342678904532],[151.05474870562,-32.790818110873545],[151.05393654157999,-32.790359059059547],[151.05197081669999,-32.788939594208564],[151.05195244910001,-32.788271656871579],[151.05406350137,-32.786865893182608],[151.05457362847,-32.785654283988613],[151.05594215062001,-32.784653484740637],[151.05644126486999,-32.783203252504649],[151.05649879619,-32.782993254910643],[151.05651879921999,-32.78296467369465],[151.05662559640001,-32.78306355866065],[151.05715629346,-32.783265728885638],[151.05783861744999,-32.783720612208647],[151.05806605989,-32.783948052443627],[151.05869784059999,-32.783998596012644],[151.05920326642001,-32.783998594829626],[151.05940723609999,-32.784039389434632],[151.05952729614,-32.784105392442633],[151.06078970044001,-32.785350303699623],[151.06129354703,-32.785821292866608],[151.06126394781,-32.785897549255608],[151.06183163214001,-32.787147643079599],[151.06325544705999,-32.787642551679582],[151.06462340802,-32.787486376079585],[151.06585912912001,-32.786973482103583],[151.06584219980999,-32.786383730467612],[151.06584455289999,-32.786381540842612],[151.06660939190999,-32.784555319280635],[151.06575856034999,-32.78290837082465],[151.06593197359999,-32.781097117482673],[151.06650666281999,-32.780890229056666],[151.06711317221999,-32.780485888470693],[151.06769441223,-32.78008154625968],[151.06767991595001,-32.779893096400691],[151.06866620349001,-32.780130507221685],[151.06944330390999,-32.779787829721691],[151.06995272706999,-32.778879478376702],[151.07012005732,-32.77761119428672],[151.07003310459001,-32.777343494737714],[151.07011012333001,-32.777331225102714],[151.07087113540001,-32.77634315189276],[151.07066980267999,-32.776140071253742],[151.07202951465001,-32.775934816841733],[151.07331442048999,-32.774507140598764],[151.07395687495,-32.773936071390779],[151.07392118092,-32.773186539789783],[151.07456363658,-32.772365625815794],[151.07467071267001,-32.771401944371803],[151.07466799043999,-32.771398232798809],[151.07482784464,-32.771111075795808],[151.07457898838999,-32.770076424091826],[151.07487469313,-32.768935606820847],[151.07584676063999,-32.767862449226861],[151.07575381813999,-32.767849770462838],[151.07591447451,-32.767601482957858],[151.07630712234001,-32.766881627564878],[151.07637256421,-32.766249026695867],[151.07632893664001,-32.765660053079884],[151.07591447376001,-32.7649401983209],[151.07584903317999,-32.764351224994904],[151.07619805419,-32.763696810103902],[151.07607665667999,-32.763211221282901],[151.07621783566,-32.763213266516921],[151.07608458820999,-32.762832553063916],[151.07555158829001,-32.762470875333925],[151.07528508899,-32.76197594704994],[151.07484987038001,-32.761618446784937],[151.07480398628999,-32.761491334438944],[151.07415339769,-32.760228592559962],[151.07367837688,-32.758682205074983],[151.07354238571,-32.757073447216996],[151.07429523390999,-32.756893418278018],[151.07429523356001,-32.756112954797032],[151.07410487734001,-32.755484777704034],[151.07381934154,-32.754666243201022],[151.07332441290001,-32.753752530383053],[151.07279141590001,-32.753124352533057],[151.07216323700999,-32.752324853410066],[151.07174445378001,-32.751848961560079],[151.07104013354001,-32.751525354521064],[151.07113531203001,-32.751068498369079],[151.0701835282,-32.750706819714097],[151.06972667303,-32.750459356563091],[151.06921270942999,-32.750173820631097],[151.06843224789,-32.749964428559103],[151.06791828332999,-32.749793107333105],[151.06742335606,-32.749697927022105],[151.06692842787999,-32.749279144045104],[151.06641446464999,-32.74893650098312],[151.06580532300001,-32.748650965911118],[151.06481546878999,-32.748270252044115],[151.06414921979999,-32.747851467957133],[151.06355911535999,-32.747737253327138],[151.06308083838999,-32.748230476729127],[151.06282479562,-32.747383344166131],[151.06257334848999,-32.745303487110156],[151.06182906733,-32.744468744842166],[151.06103238182999,-32.744098491944179],[151.06006867684999,-32.743618272100193],[151.05948292261999,-32.743287068076199],[151.05819994152,-32.741907073361205],[151.05724792658,-32.740890124375213],[151.05653596661,-32.740521157842224],[151.05598481093,-32.740548400790232],[151.05516174968,-32.741394649830212],[151.05423921844999,-32.742919407420203],[151.05420996641001,-32.743097661731184],[151.05413895084999,-32.742873688933194],[151.05347270258,-32.74315922405119],[151.05304439976999,-32.74384926887717],[151.05268748176999,-32.74468207977317],[151.05240194564001,-32.745467302590164],[151.05228297267999,-32.746181140278146],[151.05168810902001,-32.746799800267134],[151.05111703866999,-32.746942568671138],[151.05075213817,-32.746303989232146],[151.05087564906,-32.745862872177156],[151.0510089002,-32.745082409616153],[151.05072336263001,-32.744454232085175],[151.05047589882,-32.744073518688175],[151.05015229348999,-32.743540519741188],[151.04988579466999,-32.743064627104197],[151.0494289376,-32.742474519433202],[151.04940990259999,-32.742017664834215],[151.04936904029,-32.742014575089208],[151.04931472385999,-32.741732129197217],[151.04937183038999,-32.7412752727152],[151.0494289383,-32.740799380792232],[151.04961929391999,-32.740209274564222],[151.04973350854999,-32.739581095971246],[151.04967640096999,-32.739048095917248],[151.04973350840999,-32.738629312137256],[151.04986675725999,-32.738115348109268],[151.04967640071001,-32.737924990463263],[151.04897207997999,-32.737905955575265],[151.04857233179999,-32.737753670310262],[151.04802029691999,-32.737582348724281],[151.04773476318999,-32.73746813482726],[151.04725887065001,-32.737296813511271],[151.04670683737999,-32.737125493119279],[151.04611673066,-32.736878028551274],[151.04560222461001,-32.736782306949287],[151.04548855204999,-32.736668635836281],[151.04468905598,-32.736649600942279],[151.04392762961001,-32.736592493850281],[151.04316620289001,-32.736402136120283],[151.04282356090999,-32.73621177999128],[151.04232863243999,-32.736002386777287],[151.04208116957,-32.736002387603286],[151.04168142001001,-32.736078530914298],[151.04161351792001,-32.736061554070297],[151.04122598721,-32.735014823117304],[151.04195270669999,-32.734704048003309],[151.04327913039,-32.734080501598321],[151.04490733873999,-32.733211102327324],[151.04507997607999,-32.732497018825327],[151.04512687600001,-32.732480783172335],[151.04575505279001,-32.732385606956349],[151.04644033682001,-32.732366571132346],[151.04703044308999,-32.732423677558337],[151.04712562097001,-32.732633070764344],[151.04729694304999,-32.732880534803336],[151.04754440539,-32.732994748009325],[151.04800126415,-32.733070891343331],[151.04868654638,-32.733166069230336],[151.04942893789001,-32.733070889581327],[151.05007615004001,-32.732442712159333],[151.05032361443,-32.731586107338337],[151.05045686285001,-32.731148285971358],[151.05078046969001,-32.730520107159364],[151.05089468448,-32.730063250837368],[151.05070432759999,-32.729473144629381],[151.05110407615999,-32.728711717526394],[151.05078046789001,-32.728311968404391],[151.05059011187001,-32.727855111968417],[151.05011421972,-32.727512468762399],[151.04958122170001,-32.727436326099394],[151.04937182890001,-32.727303076892426],[151.04944797041,-32.72688429105942],[151.04967639943001,-32.726446470496413],[151.04967640162999,-32.726122864805426],[151.04950507845999,-32.725570829443427],[151.04912436482999,-32.725380471569416],[151.04868654479,-32.725171079579425],[151.04872461575999,-32.72465711558646],[151.04840100952001,-32.724466759038442],[151.04800126012,-32.724523866209445],[151.04771572586,-32.724143151994461],[151.04762054774,-32.724009902015453],[151.04741115512999,-32.723648224651441],[151.04746826160999,-32.723286546834458],[151.04775379755,-32.722753546676465],[151.04777283211001,-32.722353798154465],[151.04777283293001,-32.721782727555485],[151.04750633334999,-32.721440084372482],[151.04716369061001,-32.721097441882485],[151.04682104851,-32.720811906816486],[151.04645937141001,-32.720564443143509],[151.04640226382,-32.720316979512496],[151.04647840736001,-32.720012407694497],[151.04674490580001,-32.719517479773508],[151.04701140562,-32.719136766603519],[151.04654134800001,-32.718910441201515],[151.04651647839,-32.718889301465509],[151.04604058704001,-32.718603766823513],[151.04560276616999,-32.718318232079518],[151.04520301717,-32.718184983613533],[151.04467001889,-32.71801366136453],[151.04394666347,-32.717937518135543],[151.04328041493,-32.717861375342537],[151.04257609523,-32.717747161652539],[151.0421573102,-32.717842339780525],[151.04192888167,-32.718223055061543],[151.04109131263999,-32.718375341608521],[151.04048217160999,-32.718242090381544],[151.03981592306999,-32.718127875710536],[151.03960653044001,-32.718470518620528],[151.03935906761001,-32.718546661343524],[151.03913063926001,-32.718470518547534],[151.03850246235001,-32.718108840663525],[151.03808367779001,-32.717994626047528],[151.03739839361,-32.71765198376854],[151.03690346601999,-32.717613913110526],[151.03644661009,-32.717690055280542],[151.03587553985,-32.717709090152539],[151.03526639935001,-32.717594876604529],[151.03467629295,-32.717461627386548],[151.03452400689,-32.71748066241355],[151.03391486557001,-32.71732837763755],[151.03362933043999,-32.717138020732541],[151.03311536707,-32.716624057319549],[151.03290597544,-32.715824557905549],[151.03267754882,-32.715596133242563],[151.03260140474001,-32.715291558483571],[151.03201129780001,-32.715158308753566],[151.03191612057,-32.714739525130597],[151.03204937048,-32.714111345720589],[151.03193515575001,-32.7126265623926],[151.03170672823001,-32.71209356347763],[151.03157347795999,-32.71150345700562],[151.03163058459,-32.710837207463626],[151.03153540752999,-32.710151922545634],[151.03121180010999,-32.709980600826647],[151.03067880129001,-32.709885422902644],[151.03026001679001,-32.709847351982653],[151.03003158875001,-32.709714102744648],[151.03024098185,-32.70954277965064],[151.03043133795001,-32.709143031719641],[151.03010773001,-32.708800389244658],[151.02980315942,-32.708495818379667],[151.02936533873,-32.708172212236661],[151.02888944770001,-32.707677283496672],[151.02901804509,-32.707122710093671],[151.02927016097999,-32.706744534712676],[151.02942244612001,-32.706059250228691],[151.02946051695,-32.705507214806708],[151.02980315936,-32.704974215410722],[151.02999351566001,-32.704498323591721],[151.03008869409999,-32.703927252655745],[151.02989833781999,-32.703280039493727],[151.02953665952001,-32.702785111856748],[151.02906076858,-32.702423433456744],[151.02845162765001,-32.702594755069747],[151.027785378,-32.702290182323743],[151.02767116506999,-32.701795255839755],[151.02793766424,-32.701300328549756],[151.02761405941999,-32.700957685342772],[151.02744273612001,-32.700634079116789],[151.02732852211,-32.700405650960768],[151.02706202338001,-32.700043972527787],[151.0266051671,-32.699910722848777],[151.02683359539,-32.699606151886776],[151.02677648833,-32.699187367066784],[151.02654806056,-32.699054117085801],[151.02607216818001,-32.699073153913794],[151.02548206264001,-32.698977973777801],[151.0249300278,-32.698901831445802],[151.02473967097001,-32.69874954613681],[151.02422570836001,-32.698749545649783],[151.02394017309001,-32.699035081752783],[151.02357849507001,-32.699320617117792],[151.02327392482999,-32.699663258741793],[151.02291224666999,-32.699720366610784],[151.02241731978,-32.699777472672793],[151.02194142848001,-32.69970133034478],[151.02148457231999,-32.699510973926785],[151.0211419302,-32.699663259017775],[151.02076121619001,-32.699948794049781],[151.01981895048999,-32.699964657321779],[151.01886716812999,-32.699964657409772],[151.0183912759,-32.70010742572277],[151.01710636787001,-32.700107424977773],[151.01685182164999,-32.700269410381786],[151.01666426806,-32.700001474652794],[151.01630734848001,-32.699858706574787],[151.0161645817,-32.70004906383177],[151.01566489493001,-32.700310802621779],[151.01495105779,-32.700405982568761],[151.0144989611,-32.700405983097781],[151.01411824661,-32.700239419911775],[151.01335681993001,-32.699763528614788],[151.01328543668001,-32.699930090234794],[151.01302369608999,-32.700405983244778],[151.01252400915001,-32.700358393700768],[151.01142945704001,-32.70028700951277],[151.01069182681999,-32.700263214894761],[151.00995419396,-32.700382187668772],[151.00964486456999,-32.700881875280757],[151.00971624842001,-32.701619507764754],[151.00981142649999,-32.702238167557752],[151.01002557794999,-32.702975800155734],[151.01035870209,-32.703404103790739],[151.01035870211999,-32.70399896920572],[151.01047767565001,-32.704403477032706],[151.01033490845001,-32.704641423283704],[151.00957348109,-32.704593834710735],[151.00912138455001,-32.704950753837714],[151.00871687552001,-32.7051173157937],[151.00814580648,-32.704998342428723],[151.00750335257999,-32.704784190891715],[151.00721781735999,-32.704689012679722],[151.00676571836999,-32.704379682365719],[151.00626603344,-32.704451066781722],[151.00593290896001,-32.70437968309772],[151.00574255250001,-32.704593833903722],[151.00559978594001,-32.705069726696713],[151.00533804552001,-32.7055456201007],[151.00474600264999,-32.706920535517689],[151.00409093632001,-32.70697514410768],[151.00358657926,-32.70744434403467],[151.00265237021,-32.708204963330672],[151.00243013456,-32.708678651488654],[151.00098885643001,-32.710027713059645],[151.00040594577999,-32.710853566456628],[151.00010649916001,-32.711624290951626],[151.00091434826001,-32.713367132045597],[151.00168228200999,-32.713737298277593],[151.00223345250001,-32.713879982965594],[151.00264925632999,-32.71408788455858],[151.00307755836999,-32.714444805542584],[151.00281581868001,-32.714706545088575],[151.00236372225001,-32.71501587425557],[151.00198300790001,-32.715372793693575],[151.00164988487001,-32.715634534794567],[151.00167367904999,-32.716229399721563],[151.00172126762001,-32.716705291670543],[151.00179265304999,-32.717252567631547],[151.00210198334,-32.717680870694537],[151.00248269639999,-32.718013995869526],[151.00253905170999,-32.71806330699053],[151.00257509686,-32.718213763592537],[151.00243510676,-32.718251941043533],[151.00179265369999,-32.718466092920522],[151.00105502071,-32.718656450120534],[151.00053423336001,-32.718923520931526],[150.9999345999,-32.718041376592524],[150.99983079425999,-32.717001746132553],[150.99997454336,-32.71625240551856],[151.00011509344,-32.715646179931568],[151.00000170275001,-32.715035903150564],[150.99946028853,-32.714633549419581],[150.99874079429,-32.714622064864585],[150.99789433216,-32.714608548347563],[150.99704547061,-32.714702364342578],[150.99636269985001,-32.714941996998583],[150.99572464971001,-32.715074965834582],[150.99509380386999,-32.714885916560576],[150.9946753783,-32.714664469964582],[150.99399820986,-32.714653635132578],[150.99303086813001,-32.715029502593566],[150.9927704797,-32.714668678300569],[150.99185348341999,-32.714653990138572],[150.99135971410999,-32.714646080426576],[150.99195075175999,-32.713462478422592],[150.99185378634999,-32.711492356198626],[150.99179838078999,-32.711484471683619],[150.9932033167,-32.711096393492632],[150.99448630341001,-32.710520390622634],[150.99478579281001,-32.70974968446064],[150.99480047226001,-32.709093729351657],[150.99446648810999,-32.708253236124676],[150.99412984009001,-32.70753200582768],[150.99394894507,-32.706157078689699],[150.99381455563,-32.705856659672698],[150.99325965125999,-32.705430202992702],[150.99248381093,-32.705417782646713],[150.99185437566001,-32.70516908675171],[150.99129012970999,-32.705160048370701],[150.99036788082,-32.705383882527691],[150.99034323788001,-32.705401426971704],[150.98958166898001,-32.705590454769698],[150.98952416342999,-32.70556624161371],[150.98909586113001,-32.70554244758172],[150.98897688771001,-32.705209323189713],[150.98888170894,-32.704804814232716],[150.98876273654,-32.704328922536725],[150.98833443397001,-32.704067182059731],[150.98823730416001,-32.704034805131727],[150.98815826296001,-32.70310411721173],[150.98850099593,-32.702853656957735],[150.98890550367,-32.702282584740743],[150.98895260110001,-32.701795916246759],[150.98906579026001,-32.701653075610757],[150.98917095949,-32.700727108195785],[150.99011737033001,-32.699921665449793],[150.99017554736,-32.699209017942799],[150.98925954735,-32.698659147219793],[150.98803067758999,-32.698889185290795],[150.98694837091,-32.698229591065797],[150.98607859065999,-32.69750204387482],[150.98553264256,-32.697386236342801],[150.98505181741999,-32.698127769198805],[150.98465534747001,-32.698870656685784],[150.98390169538001,-32.698608787083799],[150.98288532955999,-32.698770834975811],[150.98212365479,-32.698865615953785],[150.98149253832,-32.6987840990218],[150.98149031752999,-32.698882716112784],[150.98067733827,-32.699034850284789],[150.97986831097001,-32.698932338286795],[150.97926749883999,-32.698982309722801],[150.97859347458001,-32.69915040566579],[150.97865520368001,-32.699329334066789],[150.97864024400999,-32.699340553714784],[150.9786402435,-32.699745062539776],[150.9791161336,-32.700054392263787],[150.97961582030999,-32.699935418790794],[150.97967088383999,-32.69989744510778],[150.97988922620999,-32.699905243277797],[150.98005637022001,-32.699979303359775],[150.98061117639,-32.700405814693774],[150.98074081143,-32.700914957688759],[150.98037339528,-32.701565227720749],[150.98035489678,-32.701727958456765],[150.98033544533001,-32.70168392370875],[150.98011983084999,-32.701859411099768],[150.97942127479999,-32.701549886739762],[150.97874924761001,-32.701628535099736],[150.97794222002,-32.701436560774759],[150.97732092839999,-32.700830005196771],[150.97686788956,-32.700584082393775],[150.97664419536,-32.701117352721759],[150.97636975089,-32.702335818309756],[150.97628884789,-32.702545290852747],[150.97617186003001,-32.702694366294743],[150.97573713916,-32.703258209492738],[150.97496736111,-32.703709603825736],[150.97501958788999,-32.70408715457873],[150.97497773999001,-32.704098114340724],[150.97495853365999,-32.704299775685719],[150.97480698442999,-32.704476585430719],[150.97492736384999,-32.704627061192724],[150.97491825322001,-32.704722722787729],[150.97507396316999,-32.704810310494729],[150.97516390169,-32.704922733202729],[150.97585422742,-32.705291980985699],[150.97568395955,-32.705656838686693],[150.97565459117001,-32.705475728348702],[150.97435539721999,-32.705865487776691],[150.9733810013,-32.706038714079696],[150.97236329995999,-32.705800528528705],[150.97195188724001,-32.706168633908703],[150.97212511431999,-32.706883190936686],[150.972818018,-32.707835935248674],[150.97240660572999,-32.707900894187681],[150.97197354144001,-32.707749321240669],[150.97125898473001,-32.707641054444679],[150.97056645808999,-32.707217843348687],[150.97060548434001,-32.707012956191676],[150.97128958023001,-32.706834495598677],[150.97158701047999,-32.706269373679696],[150.97117060631999,-32.705882711849696],[150.97069476753001,-32.705791205400701],[150.97073930687,-32.705345809972705],[150.97067662012,-32.70528939160171],[150.97093731963,-32.704643452827717],[150.97100614948999,-32.703467165336725],[150.97119103006,-32.702756581253745],[150.97119910345,-32.702399922884752],[150.97087213719999,-32.701930808384752],[150.97049814626001,-32.701675001708765],[150.97000433144001,-32.701516809653754],[150.97011136150999,-32.701274997497762],[150.96961333694,-32.701210036946769],[150.96913696578,-32.701274997666772],[150.96844406303001,-32.70170806254977],[150.96779446655,-32.702119475175749],[150.96742636120001,-32.70255253960174],[150.96771281535001,-32.702777610495751],[150.96770470139001,-32.702956098660742],[150.96766454816,-32.703223791196727],[150.96723148286,-32.70380842931872],[150.96720702234001,-32.703820171219732],[150.96710156392999,-32.70378677495772],[150.96662519182999,-32.703873388045722],[150.96643031342001,-32.704241494012727],[150.96643031356001,-32.704408057765718],[150.96640866074,-32.704436372981718],[150.96643031341,-32.704458025626728],[150.96643031349001,-32.704587946441713],[150.96660353966001,-32.704999358016707],[150.96685748962,-32.705044173653711],[150.96684172443,-32.705454076177709],[150.96658188625,-32.706146980138683],[150.96671594423,-32.706333496038688],[150.96650092015,-32.706656036097684],[150.96596554036,-32.706893982406697],[150.965519392,-32.706477577506696],[150.964735072,-32.706281498241708],[150.96476301483,-32.706103673318708],[150.96385358007001,-32.705735568730709],[150.96342051375001,-32.705540687925705],[150.96266265115,-32.705367463660707],[150.96199140025001,-32.705345810448712],[150.96112527080001,-32.705843833448704],[150.96034575446001,-32.706146980835697],[150.95951065035999,-32.706507594470693],[150.95941949332001,-32.706383163003686],[150.95923862136999,-32.705060105942721],[150.95874947492999,-32.704302889338713],[150.95820515334,-32.704115632297722],[150.95677336119999,-32.703985269356721],[150.95646181277999,-32.704693765934721],[150.95593445999,-32.705612815081693],[150.95553996345001,-32.705973778425687],[150.95512732469001,-32.706168633490691],[150.95478087302999,-32.706255247389699],[150.95419623551999,-32.706796578102676],[150.95367655850001,-32.707143029724683],[150.95326514787001,-32.707359562643674],[150.95337341361,-32.707879241416677],[150.95376298133999,-32.707986372784674],[150.95372607071999,-32.708074293149672],[150.95382656410001,-32.709217651660644],[150.95356204699999,-32.709712835138646],[150.95325941415001,-32.710029002208643],[150.95335649269001,-32.710257618442633],[150.95278945037001,-32.710425216470632],[150.95262778049999,-32.710490285380658],[150.95226105220999,-32.710267164977623],[150.9510250452,-32.710696187873637],[150.95008639220001,-32.709720699309642],[150.94941338679999,-32.711379973562622],[150.9494598515,-32.711551102492621],[150.94919220808001,-32.711726734507607],[150.94698596973001,-32.711096370489635],[150.94809646082999,-32.710344324444627],[150.94917902386999,-32.709288288538652],[150.95046497063001,-32.708593483230665],[150.95123673018,-32.708785058043652],[150.95264873054001,-32.708748472325667],[150.95281704093,-32.707558162294688],[150.95198838556999,-32.706769138898693],[150.95265176889001,-32.705527262129714],[150.95344665592,-32.704705097440723],[150.95537134158999,-32.703841706334721],[150.95749534408,-32.703518408602733],[150.96046566389001,-32.703208846570732],[150.96092681822,-32.701546059384746],[150.96083331667,-32.700939741234755],[150.96126118145,-32.700592745921767],[150.96130847315999,-32.700416155634763],[150.96252720369,-32.699424562470803],[150.96333007569999,-32.698244542643792],[150.96433637254,-32.697425739254811],[150.96491680478999,-32.696719322221824],[150.96619027840001,-32.696561024930823],[150.9680171169,-32.696888909981823],[150.96906280773001,-32.69744273260482],[150.97027116279,-32.697044725397824],[150.97079910264,-32.696359993551837],[150.97069170423001,-32.696430130653837],[150.97015983560999,-32.696094193961834],[150.96999957584001,-32.695969547937835],[150.96988251049001,-32.69595836575381],[150.96988473364999,-32.695954657267833],[150.96532657338,-32.695145242684845],[150.96491934299999,-32.695516770161859],[150.96490523262,-32.695546619872836],[150.96469847321001,-32.695653216060848],[150.96152821678001,-32.698798465250796],[150.96108386450999,-32.698973713918789],[150.96096876567,-32.699103146016782],[150.95802364468,-32.700309833837771],[150.95760005826,-32.700347610706764],[150.95677924853001,-32.700671310974776],[150.95318980961,-32.701933328374743],[150.9500876873,-32.704613473095705],[150.94995221161,-32.704890582719713],[150.94923315442,-32.706361388037685],[150.94897772085,-32.708233526007668],[150.94760866721001,-32.70985449596165],[150.94457158173,-32.712102265090614],[150.94491226466999,-32.712900124697583],[150.94665537224,-32.716982376636551],[150.94656282454,-32.718705918893505],[150.94426200385001,-32.720356613740506],[150.94443626847001,-32.722358395969472],[150.94325228604001,-32.724331854666445],[150.94451154677,-32.725940542040419],[150.94251255051,-32.728656921115395],[150.94066684612,-32.731009922654358],[150.93998127143001,-32.732752371212335],[150.93900961348001,-32.733787028754307],[150.93874267222,-32.73730839144725],[150.9375983443,-32.738276848544253],[150.93593618089,-32.739046722250244],[150.93302572767999,-32.740358150590218],[150.93245973107,-32.742885341082186],[150.93173243519001,-32.74369708492118],[150.93080700299001,-32.743869912360161],[150.92886504211,-32.744075060384191],[150.9279364137,-32.744176278156175],[150.92598488284,-32.744166615224181],[150.92378364857001,-32.74617218385513],[150.92258297128001,-32.747787496062116],[150.92195298588999,-32.748882850903115],[150.92181855581001,-32.749675712192108],[150.9209968454,-32.750275314312105],[150.92106683444001,-32.751850280493073],[150.9226068106,-32.752440964359074],[150.92331088767,-32.752711025342059],[150.92221074540001,-32.754681591281027],[150.92311206655,-32.755871715675006],[150.92386819595001,-32.755704327699021],[150.92406435597999,-32.758207263515985],[150.92323303117999,-32.758592110970987],[150.92433570221999,-32.760492742338947],[150.92387192024,-32.761511134907941],[150.92289339038001,-32.762402486712922],[150.92431079534001,-32.765655245571892],[150.92352079055999,-32.766970756492867],[150.92294598591999,-32.767694135689858],[150.9230746483,-32.767683185731848],[150.92323596624999,-32.767669455662855],[150.92346688936999,-32.767656263607847],[150.92330369338001,-32.768283634051848],[150.92329600776,-32.768313175973844],[150.9232797722,-32.769227089281827],[150.92313935805001,-32.769955144276821],[150.92260191582,-32.771824356715804],[150.92269698877999,-32.771877832225812],[150.92264994108999,-32.772052584758804],[150.92313971868001,-32.773328434826773],[150.92294172365001,-32.773447326260793],[150.92243453875,-32.773415073756773],[150.92131020463,-32.773793231197772],[150.92041023858999,-32.774621522881759],[150.91915579783,-32.775543118672751],[150.91837317765999,-32.776373342652725],[150.91823847005,-32.777115130670737],[150.91815783144,-32.778056224969731],[150.91694607074999,-32.778036071976715],[150.9156878293,-32.77703082118871],[150.91406821309999,-32.777629894177728],[150.91269550454999,-32.778233059909716],[150.91071521062,-32.778408714870721],[150.90946349356,-32.779118203258705],[150.90809073307,-32.779721316620702],[150.9056360948,-32.779054246492699],[150.90412516890001,-32.780281042880681],[150.90400338422,-32.781587775553668],[150.90308766832999,-32.782219314291652],[150.90247859982,-32.783151544075629],[150.90234374936,-32.783893308883627],[150.90249655586001,-32.78488789943362],[150.90250318632999,-32.784903297903625],[150.90187664236001,-32.784514944699623],[150.90133354596,-32.784307465704629],[150.90120703088999,-32.784477826544617],[150.90115457656,-32.784462073103633],[150.90025387962999,-32.784410692797636],[150.89910071093001,-32.78413739488763],[150.89887752864001,-32.784496440285636],[150.89912232232001,-32.785044730847616],[150.89883403063001,-32.786345933445595],[150.89889426900999,-32.786548257112607],[150.89870681391,-32.786649332886597],[150.89883747875001,-32.787451484484578],[150.89923485409,-32.788195936533583],[150.89877884312,-32.788061558564586],[150.89814760957,-32.787221203549599],[150.89726846228001,-32.786532039506611],[150.89759098387,-32.784227838111633],[150.8943989858,-32.784973639829623],[150.89205443400999,-32.78569267888961],[150.89075263276999,-32.78888794726457],[150.89045467093999,-32.789829273357562],[150.88960081619999,-32.789712765508547],[150.88902332148999,-32.790089376020553],[150.88844043678,-32.794193944826496],[150.88855044703001,-32.794763989890477],[150.88778761779,-32.794787981800482],[150.88707570522999,-32.797892961839445],[150.88662076934,-32.799125965259435],[150.88585199989001,-32.800942335624413],[150.88751933749001,-32.802180307583377],[150.88961322552001,-32.801540944401395],[150.89081257447,-32.801789960471382],[150.88972009484999,-32.802039400364386],[150.88974211596999,-32.802538643686368],[150.88960970677999,-32.802495433611384],[150.88915524058999,-32.802740386095387],[150.88909446212,-32.803202493872369],[150.88928185491,-32.803710888612372],[150.88922107501,-32.804172995330354],[150.88772506705999,-32.804189861022351],[150.88662872642001,-32.804171354213366],[150.88587324721999,-32.804495418001366],[150.88531211511,-32.805033276460364],[150.88449582058001,-32.805819435340347],[150.88438019198,-32.806491124883337],[150.88401538635,-32.807158604105311],[150.88306152909001,-32.807437193431312],[150.88150764372,-32.807789826705331],[150.88079595753999,-32.808367216119308],[150.88083180551999,-32.808957261129294],[150.88146768866,-32.8094732602313],[150.88255441026999,-32.809919335633296],[150.88232916087,-32.810200895863275],[150.88149075548,-32.810694077950259],[150.88098718704001,-32.810812413703275],[150.88016979939999,-32.811640626228268],[150.88020264581999,-32.812356928504251],[150.88108274262001,-32.81308757837725],[150.88445185462001,-32.811881491979271],[150.88559733600999,-32.811332732846253],[150.88565934241001,-32.811328857192265],[150.88710958169,-32.811167719395257],[150.88941922143999,-32.810469454257273],[150.89001005910001,-32.810630591659276],[150.89199742186,-32.809556340366285],[150.89398478485001,-32.80821352863132],[150.89564991232001,-32.806851150201325],[150.89678523846001,-32.808369057409294],[150.89565828086,-32.808700511139314],[150.89475443749001,-32.809199182834291],[150.89409992982999,-32.809697856390294],[150.89310258802999,-32.81010302632928],[150.89179357493001,-32.810695198689267],[150.89076506606,-32.811287370766273],[150.89039106113,-32.811630207232263],[150.88883271200001,-32.812471717489245],[150.88755486690999,-32.812908054980248],[150.88568484772,-32.813250893629231],[150.88599651730999,-32.814341737237235],[150.88655752150001,-32.814684573889217],[150.88630818864999,-32.815619582440213],[150.88493684099001,-32.815962419405203],[150.88375249565999,-32.815806585150192],[150.88306682228,-32.815463750421195],[150.88231881441001,-32.816429924514196],[150.88247464935,-32.81770777106518],[150.88250581753999,-32.818736280659166],[150.88272398722,-32.819266119255154],[150.88263048696001,-32.81979595771115],[150.88135263966001,-32.820855636520129],[150.88004362556001,-32.821541309027111],[150.87904628198999,-32.82166597874712],[150.87789310452001,-32.821790646351133],[150.87723859905,-32.822164651231112],[150.87698926325999,-32.822974991016103],[150.87633475657,-32.823317829799102],[150.87508807718001,-32.823380162711103],[150.87443356891001,-32.823317829758111],[150.87365439476,-32.823349000358107],[150.87334272517,-32.823567167859089],[150.87343324536999,-32.823889024639101],[150.87284414379999,-32.823753981182101],[150.87143959881001,-32.824122924830085],[150.87241876375001,-32.82486911361309],[150.87386435171999,-32.825567103939079],[150.87465626622,-32.825805030682069],[150.87613394264,-32.82515670099108],[150.87665730713999,-32.824881944016084],[150.87690479583,-32.824927295120091],[150.87827769796999,-32.824490418673086],[150.87925020438001,-32.823701617470086],[150.8808500669,-32.82326855913211],[150.88209310193,-32.822561011887103],[150.88283584102999,-32.821883334041132],[150.88368026992001,-32.82074720733614],[150.88446472643,-32.820331253824136],[150.88506151203001,-32.820169960628142],[150.88577835199001,-32.819920624877156],[150.88683802909,-32.819546619790152],[150.88800155262999,-32.819465443999157],[150.88801945226999,-32.819643062939157],[150.88872447002001,-32.820520129013147],[150.88880056989001,-32.820651843617142],[150.88827171113999,-32.821011467408127],[150.88830287946999,-32.822133477036132],[150.88815018254999,-32.822216188331126],[150.88650234117,-32.822013940800119],[150.88601154503999,-32.821856523884122],[150.88523403977001,-32.821873211830116],[150.88426372501999,-32.8225726201931],[150.88303915421,-32.823565974663097],[150.88154128048001,-32.824166959781095],[150.88082658363999,-32.824512762601074],[150.87964930662,-32.824999850638079],[150.87850094561,-32.825755847256069],[150.87742389716999,-32.826483215997058],[150.87773389131999,-32.826816553637059],[150.87958764894,-32.827593617821044],[150.88113638621999,-32.827828632560035],[150.88331366342001,-32.828372517215037],[150.88455734806001,-32.828065470984036],[150.88520567913,-32.827539570273046],[150.88606162866,-32.827196130389048],[150.8881887743,-32.826874143877049],[150.88939852415001,-32.826506826003047],[150.88986769861,-32.826126210308068],[150.89258833034,-32.825098203812075],[150.89272617116001,-32.825093880064074],[150.8930096476,-32.825571513070074],[150.89374617044999,-32.826693423116055],[150.89468007469,-32.826637559594054],[150.89569703711999,-32.826654667471075],[150.89651225697,-32.826238886903049],[150.89711138592,-32.82624895805008],[150.89712844877999,-32.826437678690063],[150.89662756677001,-32.826741894690052],[150.89602758562,-32.827018132961058],[150.89534623186,-32.827149836292037],[150.8946648747,-32.827281535914047],[150.89362931976001,-32.828051501114039],[150.89305383102999,-32.827871559186043],[150.89297207919,-32.82776007399103],[150.89245297316,-32.827303949366062],[150.89179051305001,-32.826934882373052],[150.89090420799999,-32.827069074182042],[150.89053910890999,-32.827569953192047],[150.89021072913999,-32.828011798741038],[150.88996707312,-32.827858562768029],[150.88930603064,-32.827429855728049],[150.88792676912999,-32.827496057037045],[150.88700090531,-32.82780850590904],[150.88681445904999,-32.828222913784039],[150.88680457016,-32.828640303004036],[150.88627983985,-32.828422661571032],[150.88529040645,-32.828435767280027],[150.88436735426001,-32.828628941846027],[150.88326915274001,-32.828759495315026],[150.88248804727999,-32.828925230331023],[150.88143435979001,-32.828668790809033],[150.88061652421001,-32.828893543695024],[150.88053314756999,-32.829428987899014],[150.88111716056,-32.830124864276023],[150.88181136680001,-32.830643651956009],[150.88222591336,-32.831038399958992],[150.8821411282,-32.831633473022997],[150.88212696784001,-32.832229741789],[150.88068125718999,-32.832115784110989],[150.87973560341999,-32.831771682654995],[150.87899403276,-32.831759113113982],[150.87835911136,-32.831718522677996],[150.87743672206,-32.831881830975988],[150.87664848058,-32.832345662024963],[150.87568508576999,-32.832746864176976],[150.87658069347,-32.832225211143985],[150.87730114786001,-32.831640927685996],[150.87785354145001,-32.830695885147989],[150.87815093528999,-32.830074595985003],[150.87806202343,-32.829357278547015],[150.87768636465,-32.828814050313028],[150.87653101686001,-32.82837689177903],[150.87526264530001,-32.828236059288045],[150.87381203806001,-32.828330718820041],[150.87330061796001,-32.829037835198022],[150.87352576372999,-32.829966248022011],[150.87379759801999,-32.830418248314004],[150.87349661836001,-32.831188593353993],[150.87315747306999,-32.832077589249991],[150.87295317631001,-32.833237303262969],[150.87271853730999,-32.834187725838952],[150.87243887368999,-32.834063669109959],[150.87266782310999,-32.833351754430979],[150.87282188021999,-32.832817516587959],[150.87254719929001,-32.832484767228976],[150.87226682843999,-32.832390523418979],[150.87203386663001,-32.831790055361992],[150.87209265513999,-32.83080681837199],[150.87207370445,-32.830120513685024],[150.87268467530001,-32.829683522429015],[150.87246096192001,-32.828695481518039],[150.87115799680001,-32.828524192910024],[150.87020886076999,-32.828329088324033],[150.87025128948,-32.828031557102037],[150.87015247490999,-32.827731620729054],[150.86963277903001,-32.827305218124046],[150.86878816807999,-32.827171533389048],[150.86884596816,-32.827709373994054],[150.86887486712001,-32.827978294903055],[150.8689694034,-32.828457109470037],[150.86895086762999,-32.828458438448038],[150.86836866773001,-32.827926139668037],[150.86845785413999,-32.826974114328053],[150.86821232713001,-32.826128568289072],[150.86656021765,-32.825763864773066],[150.86617519429001,-32.825196389147088],[150.86418593936,-32.824464767529101],[150.86434834038999,-32.823755397295088],[150.86446854465001,-32.823160942766108],[150.86397849984999,-32.822973626247098],[150.86337071107999,-32.824752767777078],[150.86345021926999,-32.825857661759066],[150.86414071802,-32.826525606635059],[150.86479734167,-32.827133319605061],[150.8654892868,-32.827741631666036],[150.86600111844001,-32.828495994890034],[150.86648049953001,-32.829130500727025],[150.86688997715001,-32.829733989335018],[150.86723905958999,-32.829916778959003],[150.86732160989001,-32.830039749650012],[150.86766141398999,-32.830873896296993],[150.86755130287,-32.831624255432992],[150.86780926252999,-32.832417749892976],[150.86758848932999,-32.833055966466979],[150.86734243015999,-32.83194719288899],[150.86670246676999,-32.830926647999],[150.86472897134001,-32.830107711167017],[150.86382341590999,-32.829082618865044],[150.86301845650999,-32.829405418231026],[150.86298621277001,-32.830751045689986],[150.86258506839999,-32.830856374915008],[150.86000586042999,-32.830363560437007],[150.85873870349999,-32.830566243678994],[150.85857088204,-32.832021729896979],[150.85960384053001,-32.833273400609983],[150.86052014546999,-32.833849980464954],[150.86097964867,-32.834082200596967],[150.86229175615,-32.834777715649935],[150.8638762551,-32.835197415468954],[150.86419623195999,-32.835707693906926],[150.86207101081001,-32.835671395638926],[150.86061126844999,-32.835590350513947],[150.85888587810001,-32.835504742445949],[150.85786409236999,-32.836552973049919],[150.85792591930999,-32.836662879880926],[150.85736676259,-32.83663512812592],[150.85547362203999,-32.836027490455926],[150.85447105227999,-32.836163687091947],[150.8536816573,-32.836878732083917],[150.85411540259,-32.837729799900899],[150.85541922568001,-32.838289010462894],[150.85663041250999,-32.838923315585888],[150.85766118691001,-32.841395158585847],[150.85762327527999,-32.841608926335851],[150.85699277078999,-32.841167571704858],[150.85663070392999,-32.840262410307865],[150.85581605985999,-32.839945605567884],[150.85418677029,-32.84107705690387],[150.85355315698999,-32.84162015336986],[150.85371997284,-32.841870380152848],[150.85327398669,-32.842307711541849],[150.85245266142999,-32.843303242721831],[150.85408747564,-32.844397018582825],[150.85493743325,-32.844972502434786],[150.85531706236,-32.845764280441799],[150.85232680177,-32.845769065222797],[150.85024614037999,-32.84663077073678],[150.84922953405999,-32.847454649815781],[150.84879717229001,-32.848849476191752],[150.84889382624999,-32.84895276299676],[150.84854812325,-32.850217841288739],[150.84858359645,-32.851412994285717],[150.84769364568999,-32.851294919729717],[150.84665942735,-32.852216692413705],[150.84594980463999,-32.852074766111713],[150.84486361155001,-32.851305379268709],[150.84251019269999,-32.850807541480719],[150.84160503104999,-32.850807541971733],[150.83857274287999,-32.850400220724744],[150.83490683676001,-32.84985712677976],[150.83489812618001,-32.849939902971741],[150.83485362133001,-32.849935996164739],[150.83453444359,-32.851391755292731],[150.83376484052999,-32.852695980842711],[150.83312890805001,-32.854337893416691],[150.83247040603001,-32.855739857684654],[150.83196188992,-32.856809038002645],[150.83215465738999,-32.857051934260653],[150.83239950734,-32.857487375642641],[150.83287249033,-32.857878860467629],[150.83306060171,-32.858313318762633],[150.83293604955,-32.858766315623619],[150.83193606916001,-32.859036449135608],[150.83170385309,-32.859248021630613],[150.83136700481001,-32.861402486828588],[150.83075406756001,-32.862231588661565],[150.83121598990999,-32.863354497644565],[150.83111883987999,-32.86533485251455],[150.83117946501,-32.866863725107507],[150.83028768931001,-32.869325802877484],[150.8285088284,-32.870038186607474],[150.82731585534,-32.870802019343479],[150.82614859598999,-32.87251601035544],[150.82490213117001,-32.87546738253441],[150.82489589941,-32.875480354882399],[150.82438612716999,-32.875047278897398],[150.82405920226,-32.875344128018384],[150.82358745196001,-32.87621894326039],[150.82362783881001,-32.877149619160377],[150.82420929033,-32.876844905689374],[150.82422313076,-32.876880757094376],[150.82357793188001,-32.878223725486372],[150.82339705343,-32.878336773715354],[150.82281538727,-32.879341473197357],[150.82196932740001,-32.879976018197333],[150.82196932741999,-32.880874959191338],[150.82170701967999,-32.881961670726312],[150.82119390615,-32.882146531620322],[150.82077538083001,-32.881897340374309],[150.81960307247999,-32.882291961201304],[150.81858803386001,-32.882394973048314],[150.81759780885,-32.883070700368293],[150.81769816555001,-32.8834260367273],[150.81678036234999,-32.883812778151288],[150.81589778880999,-32.883051447107306],[150.81555840550999,-32.883061911569285],[150.81477309293999,-32.882584318581294],[150.81299443357,-32.882710820259291],[150.81299426211999,-32.882711607003309],[150.81276840500999,-32.882725722694289],[150.81248257550999,-32.88326880182629],[150.81053390670999,-32.882786608921307],[150.8103737385,-32.882999411468283],[150.81012446208999,-32.882884360290305],[150.80938415579001,-32.88325451347928],[150.80864385287001,-32.884999514586269],[150.80854717374001,-32.885207750287258],[150.80824176975,-32.88479269004926],[150.80629160821999,-32.8829171642153],[150.80513604619,-32.881734039969317],[150.80337424611,-32.880282795431327],[150.80157399447,-32.879907997468337],[150.79993109443001,-32.879241599112348],[150.79959023708,-32.881187583226328],[150.80063925396999,-32.881872227927317],[150.80111907468,-32.883147836026296],[150.7997785737,-32.885554635406258],[150.79991108319999,-32.886024156577257],[150.79971480327001,-32.886561129107257],[150.79984286682,-32.887100224443238],[150.80004675123999,-32.887230347053233],[150.79958577619999,-32.88699427131224],[150.79979252946001,-32.887848153077229],[150.80076912953001,-32.88882176640422],[150.80071825241001,-32.8896118727002],[150.79888528045001,-32.890157634339197],[150.79848272728,-32.890157633574198],[150.79767965899001,-32.890246862033194],[150.79678736033,-32.890098146811198],[150.79613300749,-32.890038658811193],[150.79574634559,-32.890187375931198],[150.79521096632999,-32.890365835811188],[150.79500276351001,-32.890127889243203],[150.79458635737001,-32.889949429285195],[150.7937535449,-32.889443795243189],[150.79306944874,-32.889205847418197],[150.79271252955999,-32.888848929644219],[150.79244484101,-32.888610983653223],[150.79214740837,-32.888432524142239],[150.79184997368,-32.887956631311226],[150.79184997361,-32.887510482829249],[150.79170125773001,-32.886885875374247],[150.79196894705001,-32.886142294141244],[150.79196894784999,-32.885785374823257],[150.79137408222999,-32.885755632288266],[150.79092793276001,-32.885547430005261],[150.79092793206999,-32.884595646704284],[150.79134433873,-32.884030524101277],[150.79155254104001,-32.883435657579291],[150.79119562189001,-32.883138226247276],[150.79080895886,-32.882811050312299],[150.79071972803999,-32.882602847405295],[150.79012486277,-32.882543361466297],[150.78955974051999,-32.882067468415322],[150.78932179525,-32.881442859510322],[150.78932179595,-32.881001368780304],[150.78991972757001,-32.880533178237322],[150.79154175917,-32.881228754729321],[150.7926078895,-32.880997056773325],[150.79298482952001,-32.881097573473326],[150.79315139318001,-32.880954805882318],[150.7928658573,-32.879550923955343],[150.79263232010999,-32.87911721234034],[150.79271741547001,-32.878947020174344],[150.79308130296999,-32.87888373469935],[150.79340625756001,-32.878688762903344],[150.79373369058001,-32.878661475261346],[150.79519541574999,-32.878687261275353],[150.79652208879,-32.879043601652356],[150.79786898040001,-32.879810070834338],[150.79837023984999,-32.879178607473342],[150.79715260943999,-32.878490395842356],[150.79741375019,-32.878264072702365],[150.79853761739,-32.877338535102361],[150.79863692793,-32.877338534932377],[150.79988614582001,-32.877219562255391],[150.8005999849,-32.876565210338384],[150.80080006608,-32.876065011237401],[150.80299567378,-32.876237807204383],[150.80385398574001,-32.875894324372396],[150.80455102555999,-32.875395426068387],[150.80466990458001,-32.875353318771396],[150.80466126693,-32.875312480298412],[150.80469028118,-32.875262209458398],[150.80465128912999,-32.875265288012393],[150.80464119820999,-32.875217569753403],[150.80474422680999,-32.875209436868396],[150.80509170742999,-32.874607369014413],[150.80509040163,-32.873429209048439],[150.80477373408999,-32.872732135157449],[150.80461064827,-32.87196092262743],[150.80556433917999,-32.871439817821454],[150.80555967037,-32.871151675693461],[150.80689995015001,-32.871208492666469],[150.80768602429001,-32.872009648604447],[150.80812504244,-32.873126823066428],[150.80819749830999,-32.873629147057414],[150.80913103232999,-32.873609719952434],[150.81100689706,-32.873213101534432],[150.81199161324,-32.872836651370442],[150.81217876662001,-32.872124133637442],[150.81232528109999,-32.87133932585845],[150.81196484793,-32.870474067860471],[150.81160969857001,-32.869394161722482],[150.8120935817,-32.868686838278499],[150.81325395576999,-32.868062923821498],[150.81375450749999,-32.866675879326529],[150.81344085798,-32.865632494577518],[150.81278107137999,-32.864869372582532],[150.81348477015001,-32.863843778349548],[150.81307405726,-32.863299751639559],[150.81213887282999,-32.863390761836555],[150.81038950855,-32.863825407840537],[150.80835045091999,-32.863968635010551],[150.8069445735,-32.864230302910542],[150.80628573716001,-32.863431375366552],[150.80525776088999,-32.862124910485576],[150.80299176436,-32.861154591016586],[150.80232062878,-32.860856481851599],[150.80143050126,-32.860840836282591],[150.80048031876001,-32.861539918025585],[150.80022069314001,-32.861750088327575],[150.79965551562,-32.862312778699568],[150.79940737594001,-32.86205788463959],[150.79878305589,-32.861581632999588],[150.79837149543999,-32.861019452380596],[150.79842897981001,-32.860465923946606],[150.79848816443999,-32.859786964337616],[150.79807314339001,-32.859421761134598],[150.79799204369999,-32.859497752921612],[150.79798925425001,-32.859384494805617],[150.79755654721001,-32.859734770745625],[150.79698606052,-32.860512091833613],[150.79644113622001,-32.861969859820583],[150.79591123819,-32.862819471035571],[150.79476233900999,-32.862978162756562],[150.7929192718,-32.863768804243556],[150.79180032503001,-32.864429050157547],[150.79058771103999,-32.865445523326528],[150.79039928379001,-32.865531063368529],[150.79027300978001,-32.865126173832536],[150.78954499035001,-32.86511330612754],[150.78775527648,-32.865081656466543],[150.78683761718,-32.865372756406529],[150.78650357117999,-32.865710385004519],[150.78638947079,-32.86548218481952],[150.78627793907,-32.865147594612516],[150.78632351287999,-32.865102021198531],[150.78629160205,-32.864969822177542],[150.78630942811,-32.864940111997541],[150.78623230797999,-32.864724176880543],[150.78607366886999,-32.86406695570453],[150.78585951721999,-32.863674343866563],[150.78562180493,-32.863330983687561],[150.78551567269,-32.862871074817555],[150.78550260149001,-32.862674971360576],[150.78564117661,-32.861751131855584],[150.78568125033999,-32.861570795410579],[150.78579546468001,-32.860999724243591],[150.78608099952001,-32.859686262854602],[150.78659496321001,-32.859286513162616],[150.78745156871,-32.858144371434626],[150.78653785615001,-32.857744623222629],[150.78528150055001,-32.857116444933645],[150.78516728675001,-32.856431160214647],[150.78550992678001,-32.856031410306656],[150.78533860768999,-32.855517446367678],[150.78505307217,-32.855517446853668],[150.78431067903,-32.855574553870674],[150.7849388564,-32.854375306023691],[150.78642363949999,-32.854318198449668],[150.78773710364999,-32.854546626196672],[150.78910767506,-32.854775054023676],[150.78916478138001,-32.854489518669673],[150.78905056663999,-32.852947628467696],[150.78882213707999,-32.852662093317697],[150.78750867494,-32.851805487253721],[150.78665206804001,-32.851177310201734],[150.78585256899001,-32.850434917460738],[150.78579546269,-32.849692525971754],[150.78625231846999,-32.848493277901774],[150.78739445903,-32.848550384194773],[150.78859370794001,-32.849007240762766],[150.78962163733999,-32.849692525633756],[150.79019270808001,-32.849521205706729],[150.79059245692,-32.848950134017763],[150.79139195739,-32.847979315846779],[150.79110642094,-32.847579565338783],[150.79007849459001,-32.847579565221771],[150.78939320961001,-32.847579564276771],[150.78865081664,-32.847236921353783],[150.78859370704001,-32.846837172209796],[150.78842238614001,-32.8459234597508],[150.78836527842,-32.844495783117814],[150.78819395811001,-32.843981819666823],[150.78785131557001,-32.843296535070834],[150.78779420796999,-32.84266835671383],[150.78802263566999,-32.841983072058845],[150.78699470814999,-32.840498290212871],[150.78630942353999,-32.840041432411866],[150.78550992465,-32.839927217994884],[150.78391092557999,-32.839698790075886],[150.78276878360001,-32.839241934473897],[150.78231192778,-32.838670864463893],[150.78209716097001,-32.838477574744886],[150.78214464685001,-32.838471380846897],[150.78184121567,-32.838046576024915],[150.78170674722,-32.837428021154906],[150.78252775509,-32.837077872058913],[150.78329210590999,-32.83613981059392],[150.78902775680001,-32.835734925589932],[150.79220632977999,-32.835187706576953],[150.79349065627,-32.832796947358972],[150.79230871869001,-32.831052226385012],[150.79233004732001,-32.830190666865001],[150.79113215606,-32.829412324499046],[150.79127821984,-32.829140421210028],[150.79170199641001,-32.828460739461036],[150.79219780989999,-32.827610539175055],[150.79302974766,-32.826880791645067],[150.79245219132,-32.825553542081074],[150.79174190475999,-32.824109422514098],[150.79082118232,-32.822947901607101],[150.78957146603,-32.821379718288135],[150.78857875521999,-32.820388700846152],[150.78772022134001,-32.819457309405159],[150.78652135242999,-32.818577157037183],[150.78586479514999,-32.817706589348163],[150.78472238396,-32.81728552780519],[150.78413790242999,-32.816244438152211],[150.78449814382,-32.815391865049222],[150.78439384308001,-32.81413022331423],[150.78408477529999,-32.812922219717258],[150.78350316916999,-32.811766651706272],[150.78305002929,-32.810899674160268],[150.78208629373,-32.810200288318271],[150.78209303700001,-32.810179385073276],[150.78228642549999,-32.810128731453275],[150.78201980122,-32.808577770364295],[150.78179626417,-32.807749151594322],[150.78154980418,-32.807358472462305],[150.78123654596001,-32.805911036529331],[150.78131276248001,-32.805402350892336],[150.78137355928999,-32.805258456420347],[150.78211879790999,-32.804063092015369],[150.78440436128,-32.800763200444415],[150.78451201208,-32.800411894053418],[150.78466587584001,-32.800326508146405],[150.78467610249999,-32.799914359939429],[150.78519604894001,-32.798635029784442],[150.78540715651999,-32.797504858342442],[150.78591285094001,-32.796880578034468],[150.78649134246001,-32.796569081670455],[150.78739553539,-32.794855869509469],[150.7886804449,-32.793142655931504],[150.78948946151999,-32.79247640512952],[150.79029847744999,-32.790668014317546],[150.79044746645999,-32.790410677135547],[150.79104059311999,-32.790015363490554],[150.79114659321999,-32.789338643293569],[150.79115009438999,-32.789197060911555],[150.79186891915001,-32.787955429243567],[150.79267793704,-32.786480163725599],[150.79294462169,-32.785991251694618],[150.79328225883,-32.785473355193609],[150.79401539343999,-32.784370988037651],[150.79408361672,-32.78420941184163],[150.79405802283,-32.784386237062634],[150.79610435869,-32.78176882884366],[150.79752755619,-32.779519259907708],[150.79957836930001,-32.778152045745728],[150.80072051137,-32.778294814031717],[150.80167229514001,-32.778009276982729],[150.80229095572,-32.777390615126734],[150.80286202572,-32.776724365900733],[150.80390662066,-32.776758064130732],[150.80406576254001,-32.776979339264741],[150.80681854394999,-32.778745506475715],[150.80678633022001,-32.780057973019694],[150.80677963173,-32.780330892146686],[150.80721881062999,-32.778933127395689],[150.80735765351,-32.776771786784728],[150.80721614242,-32.775352442220758],[150.8074745065,-32.772971643482791],[150.80580304018,-32.7714299303858],[150.80487834809,-32.769526232625829],[150.80482075860999,-32.769121231776843],[150.80455698732001,-32.768586989898843],[150.80402230198001,-32.769213606359841],[150.80288286282999,-32.768841900573833],[150.80381385841,-32.768101399567847],[150.80425964373001,-32.767274133490865],[150.80391202147001,-32.765725539726873],[150.80310550555001,-32.7646995341739],[150.80086390791001,-32.763887156410902],[150.79975371206999,-32.764192475012912],[150.79925325343001,-32.764682428085905],[150.79749905382999,-32.764939729302895],[150.79636187391,-32.765550925845886],[150.7961637306,-32.764675675585892],[150.79733805299,-32.763995544231911],[150.79872289135,-32.76354621335792],[150.79883359784,-32.762390291314929],[150.79763817142,-32.761647386309924],[150.79529835138999,-32.761346393720942],[150.79334755684999,-32.760762235642957],[150.79197078928999,-32.760465513626968],[150.79102522874001,-32.760867395964929],[150.78905121164999,-32.759741524662971],[150.78822811214999,-32.759258296327971],[150.78823701900001,-32.757597045799997],[150.78767467343999,-32.757580385845003],[150.78708886798,-32.758886443808983],[150.78526278218999,-32.758771159925985],[150.78305282330999,-32.75819259993898],[150.78417398644001,-32.756311898391012],[150.78159724887999,-32.754821360485046],[150.78238317381999,-32.752766295103058],[150.78335327771001,-32.752459640370063],[150.78292713753001,-32.750164719223079],[150.78031110329999,-32.747752176489122],[150.77816175020999,-32.743478942888196],[150.77721400292,-32.741753867653216],[150.77843233094001,-32.739593288683238],[150.77944031873,-32.737623766531271],[150.78051540409001,-32.737221599721273],[150.78252640303,-32.738267872799256],[150.78502986175999,-32.735513955847281],[150.78823118733999,-32.733754094233326],[150.78823737465001,-32.731353615346357],[150.79023467082999,-32.72953829125538],[150.79282766029999,-32.728837904579393],[150.79293387908999,-32.728809213613388],[150.79297604569001,-32.728837904531375],[150.79462156258001,-32.729957534436359],[150.7959257528,-32.728837904858388],[150.79651754970999,-32.728329855093385],[150.79804858226001,-32.728375111969399],[150.79937734091001,-32.728795849142394],[150.80051366289001,-32.727283786736407],[150.80020024031001,-32.72507776584844],[150.7987386561,-32.724107207474454],[150.79795135499,-32.723577500876459],[150.79805047799999,-32.720804876933499],[150.79887142835,-32.7195794831405],[150.80037849472001,-32.719071526958508],[150.80177648066001,-32.718566911540535],[150.80333298651999,-32.716672607079545],[150.80423904425999,-32.714890635034578],[150.8023810638,-32.714855526168577],[150.80136776820001,-32.714148162798601],[150.80086592115001,-32.710101556110651],[150.79883154192001,-32.708502399712657],[150.79459847915001,-32.704016572591719],[150.79276053279,-32.704442306201727],[150.79100786244999,-32.704311480725728],[150.78787491136001,-32.707638772256672],[150.78707369372,-32.709325081215667],[150.78646287511,-32.710359317343645],[150.78568137771001,-32.712506606754616],[150.78401550653001,-32.714404028853586],[150.78237171143999,-32.714269739663571],[150.78146764057999,-32.713558872261594],[150.77960574973,-32.713431223808605],[150.7778870105,-32.711545116554632],[150.77421851483999,-32.712580455021616],[150.77164716037001,-32.711181908246623],[150.77127395653,-32.712670398224617],[150.77000857388001,-32.713724529489603],[150.76796006113,-32.714340947651579],[150.76709545033,-32.714551955460578],[150.76578386130001,-32.717084543992542],[150.76398875244999,-32.718524031728528],[150.76261315698,-32.716996533090551],[150.76034246059999,-32.717527271515529],[150.75931856969001,-32.719127841806518],[150.75850000861999,-32.71923624956252],[150.75660368343,-32.719487392369516],[150.75360077782,-32.72077881150549],[150.75119015472001,-32.723159983690472],[150.74969448741999,-32.723943935540454],[150.74805056702999,-32.723809189794437],[150.74565440558999,-32.721389295905482],[150.74484398049,-32.720306056634506],[150.74470361901001,-32.719571770914506],[150.74284165463999,-32.719443568515516],[150.74125644630001,-32.72069171834849],[150.73969823293999,-32.720000364003504],[150.73878691387,-32.721689662900467],[150.73469295291,-32.723013629933469],[150.7323323567,-32.724008148954454],[150.73014699290999,-32.723981837827459],[150.72935621294999,-32.725944372168421],[150.72877186743,-32.727623716998387],[150.72623582641,-32.727054020428412],[150.72207922251999,-32.726902377824416],[150.71807475707001,-32.725176633709438],[150.71538709058001,-32.723595798540458],[150.71412908967,-32.722248880432481],[150.71234516265,-32.721379339073479],[150.71252501569001,-32.717865907508532],[150.71170727437001,-32.716598051227564],[150.71087792897001,-32.715053590252566],[150.71125216082001,-32.713565284067599],[150.71220269227001,-32.712798186375593],[150.71227298094999,-32.711872909451614],[150.71082808329001,-32.711270113780628],[150.70872498342999,-32.710594749381627],[150.70696070548999,-32.710186132102635],[150.70611214887001,-32.708180637138668],[150.70489004569001,-32.705078550267721],[150.70369435301001,-32.705206729468713],[150.70209724813,-32.70617777567869],[150.69965172744,-32.705143263128704],[150.69787215029001,-32.704365713820707],[150.69453788829,-32.705573290129692],[150.69288668231999,-32.705253410806705],[150.69127900463999,-32.703362840029733],[150.69016538810999,-32.702842224507734],[150.68897859110001,-32.700569785159772],[150.68998812642999,-32.6986009935978],[150.68984440513,-32.69777444684081],[150.68751215309001,-32.696828634885819],[150.68500419871,-32.696903497669823],[150.68232814640999,-32.698183422658808],[150.68148271177,-32.698854837252789],[150.67862040215999,-32.697716679499806]],[[150.69772669771999,-32.761564805538946],[150.70727955829,-32.760083877324966],[150.71024441617001,-32.763340146726911],[150.7122215405,-32.763280774715895],[150.71226170547999,-32.7642353529479],[150.71277814475999,-32.7642656574059],[150.71275780984999,-32.765060530426901],[150.71395376736999,-32.76597205420088],[150.71354683618,-32.766401586661864],[150.71249777394999,-32.767854135482857],[150.71475729378,-32.768661104576864],[150.71570642942001,-32.767830614156857],[150.71619468097001,-32.768702169996843],[150.71743750300999,-32.769798503870831],[150.71931092183999,-32.77108525748281],[150.72105997652,-32.771713588606808],[150.72408541259,-32.772126504923804],[150.72619951702001,-32.77228420804979],[150.72657807050999,-32.771604365330802],[150.72739183898,-32.771874566245792],[150.72753763143001,-32.771900780866801],[150.72772190193999,-32.772229608277783],[150.72940153319001,-32.7724060033268],[150.72962794223,-32.772493082053792],[150.73031243086999,-32.772749764314788],[150.73040799641001,-32.772520404255779],[150.73104140536,-32.772825362729776],[150.73237985176999,-32.771635631722795],[150.73386701605,-32.772676645384784],[150.73565161406,-32.774461240103761],[150.73847722649001,-32.775948402833741],[150.74070797300001,-32.777584280702719],[150.74576433024001,-32.781004753073653],[150.74598881012,-32.780770933634692],[150.74603957394999,-32.780806393661685],[150.74731395090001,-32.781344694374667],[150.74817891622999,-32.78199014887366],[150.7493812397,-32.782698923165647],[150.74978201805999,-32.782935179446646],[150.75125972359999,-32.783477096590644],[150.75293496534999,-32.784251595275627],[150.75447327832001,-32.785080880646611],[150.75563952979999,-32.7867725990466],[150.75557961749001,-32.787102116382592],[150.75528218516001,-32.78918414462958],[150.75825651253001,-32.789184143543565],[150.76093340797999,-32.78858927710656],[150.76125894732999,-32.785876461830604],[150.76287836590001,-32.785116822193629],[150.76344480773,-32.784153466599626],[150.76398538302001,-32.78307835642665],[150.76448329607999,-32.784298907401634],[150.76491035526001,-32.786196221447604],[150.76528937862,-32.787281271882584],[150.76521479281001,-32.787575976064609],[150.76481296100999,-32.790088387358544],[150.76483059031,-32.792092916678513],[150.76419777567,-32.792997828444513],[150.76449362260999,-32.794721008427494],[150.76478804574,-32.796501427502456],[150.76571246136001,-32.797491406822459],[150.76629947791,-32.798418094724433],[150.76672519115999,-32.800372642475416],[150.76670085193999,-32.801345683163404],[150.76734565526999,-32.802674240993369],[150.76829527517,-32.802531380220394],[150.76850261445,-32.80294604673238],[150.76954957754,-32.803374349535382],[150.77102484413001,-32.802850868229378],[150.77088207636001,-32.802089440302382],[150.77071515838,-32.801555307388398],[150.77170677337,-32.800792637191414],[150.77202356856,-32.798965850174426],[150.77206322855,-32.798796916953435],[150.7730380653,-32.798754532514444],[150.7746897701,-32.798608792956443],[150.77541846341001,-32.798171576361433],[150.77614715753,-32.79778293942146],[150.77682727173999,-32.798317315651431],[150.77702158992,-32.799094588794432],[150.7780903412,-32.799288906976429],[150.77877045510999,-32.799288907859427],[150.77945056735001,-32.799046009227425],[150.77930482937001,-32.798317314686429],[150.77954772704999,-32.797782939594455],[150.78100511455,-32.797345722042465],[150.78207386407999,-32.797005663754462],[150.78299687687999,-32.79724856230645],[150.78399004392,-32.797385553715458],[150.78392127513999,-32.79746199501345],[150.78295527441,-32.797683487382443],[150.78266815960001,-32.797869279952437],[150.78237393555,-32.79834126367345],[150.78258562408001,-32.79891764858943],[150.78301966795999,-32.799641131297427],[150.78302749679,-32.800424875001404],[150.78270765233,-32.800910223949415],[150.78230583768001,-32.80114946251139],[150.78177005395,-32.801339215884404],[150.78046134978001,-32.801755622523395],[150.77858752393001,-32.802142285501375],[150.77715984739001,-32.802023313652377],[150.77558345355999,-32.801844854846401],[150.77469115470001,-32.801547422531392],[150.7743708806,-32.801564279444392],[150.77429533233001,-32.8016310081764],[150.77375725218999,-32.801957115866401],[150.77343118394,-32.802580707995396],[150.77347103154,-32.80347305498838],[150.77345011122,-32.804311871711363],[150.77429305132,-32.805375849832352],[150.77483542301999,-32.805643088095337],[150.77473835088,-32.805604257808334],[150.77318380585001,-32.805021302605354],[150.77153209962,-32.805604258008337],[150.77046335058,-32.80652727029333],[150.76915170097999,-32.807013066224322],[150.76759715425999,-32.807547443060322],[150.76745553461001,-32.807765325471316],[150.76740109733001,-32.807732662723325],[150.76659208033001,-32.807637485663307],[150.76606859719999,-32.807923021117297],[150.76559270601999,-32.808684449596292],[150.76542696938,-32.809347401583288],[150.76448806076999,-32.809199150045288],[150.76424516527999,-32.807790340256318],[150.76458522096999,-32.807401703118316],[150.76298209653999,-32.807450283446322],[150.76147612957999,-32.808033238817316],[150.76035879903,-32.808373296452309],[150.75880425256,-32.808859090961306],[150.75724970687,-32.809101991125296],[150.75525794422001,-32.809053412695285],[150.75409203487999,-32.809004832533297],[150.7530718644,-32.809539208197279],[150.75239175028,-32.810413641132278],[150.75161447658999,-32.811093755714275],[150.75117726037001,-32.812211086951244],[150.75132300139001,-32.813279838809237],[150.75212082780001,-32.813783732091231],[150.75171712193,-32.813776479686233],[150.75109843459001,-32.814108939627225],[150.74985238945999,-32.815117272655215],[150.74941682344999,-32.816254696209185],[150.74990451958999,-32.817490221419185],[150.74923437872999,-32.819287054725159],[150.7491877205,-32.819317694901159],[150.74704572086,-32.81884611753015],[150.74622651903999,-32.819060416513167],[150.74421734021001,-32.820742094284128],[150.74439175641001,-32.821890492171121],[150.74461548868001,-32.821932486431116],[150.74420781577999,-32.822179351075121],[150.74412726155001,-32.8229510061281],[150.74411553618,-32.823414658092105],[150.74374032906999,-32.823768675552095],[150.74317555676001,-32.824376974940087],[150.74261077935,-32.82498527050307],[150.74259774004,-32.825500439992062],[150.7427054298,-32.82606932846106],[150.74297507589,-32.826550070833051],[150.74274127295999,-32.828086490897029],[150.74303707203001,-32.828678094671019],[150.74300409226001,-32.828882861177036],[150.74110976836999,-32.829872370462006],[150.73809743468999,-32.830533727396997],[150.73615846395001,-32.831214439208011],[150.73434093598999,-32.831563286977989],[150.73359316777999,-32.832074650206998],[150.73359932668001,-32.83215586710498],[150.73343504875999,-32.832497698837983],[150.73326619177999,-32.832914564331965],[150.73273430366001,-32.833382112536967],[150.73134754743,-32.833681459615967],[150.73057531627001,-32.833820152919962],[150.73021325385,-32.833832671617969],[150.72953384252,-32.833877605565952],[150.72902987283999,-32.834135681987952],[150.72845421503001,-32.834545154944948],[150.72803382754,-32.835071968791937],[150.72748854055001,-32.835176588968956],[150.72709755130001,-32.835436710743934],[150.72686523997999,-32.835680625638943],[150.72663243996001,-32.835943619123938],[150.72630778349,-32.836262205229914],[150.72609660750999,-32.83656376606293],[150.72585942124999,-32.836998465639915],[150.72563802029001,-32.837700675365909],[150.72552472154999,-32.838010064030897],[150.72534070963999,-32.838193058766905],[150.72528219149001,-32.838441598648899],[150.72528435542,-32.8384546341359],[150.72528181621001,-32.838456274644905],[150.72516552687,-32.838924004721896],[150.72473781273001,-32.839327338638874],[150.72452949755001,-32.83949577726289],[150.72412132760999,-32.83962697283188],[150.72400711463999,-32.840312258088872],[150.72269365194001,-32.841283078370857],[150.72166572438999,-32.841968363745835],[150.72000961853999,-32.842368111333847],[150.71881036984999,-32.842368111779862],[150.71629765757001,-32.841797041477854],[150.71614646745999,-32.842502602520845],[150.71446871383,-32.843011013064839],[150.71361210792,-32.843410762866831],[150.71286971588,-32.843753404420831],[150.71178468132999,-32.843582083257814],[150.71138294776,-32.843715996021828],[150.71107274580999,-32.843630421952831],[150.71058193690999,-32.843779798631829],[150.7102774203,-32.843197972821834],[150.71061656533999,-32.842733611723844],[150.70245585243001,-32.836316732800938],[150.69745354015001,-32.836769159324916],[150.69357823242001,-32.834159829103953],[150.6885506918,-32.834007071593952],[150.68069142122999,-32.830456334080999],[150.67529850523999,-32.821533047558106],[150.67610563541001,-32.819389536641154],[150.67424558422999,-32.817779476284173],[150.67463786015,-32.814285751117218],[150.67158395672999,-32.809834637464284],[150.67176652174001,-32.809262811510294],[150.67229207334,-32.809533088235284],[150.67334451062001,-32.809401531451293],[150.67505472317001,-32.808677979098306],[150.67577827398,-32.807165099286323],[150.67630449098999,-32.80499444496035],[150.67584404682,-32.80341578614437],[150.67512049447001,-32.802363350441389],[150.67538360359001,-32.801179355808401],[150.67518626873999,-32.799074480680424],[150.67491048817001,-32.79893659184242],[150.67495734530999,-32.798802297671436],[150.67365809702,-32.794778877075494],[150.67180195604999,-32.784561995129621],[150.67288810489001,-32.785520777624598],[150.67542252997001,-32.785958862369611],[150.67663446385001,-32.786079109922596],[150.6782060939,-32.785717270834603],[150.67820990397999,-32.785570717302605],[150.67810947996,-32.78498235910363],[150.67674439544001,-32.784077290187632],[150.67527579202999,-32.782694333000656],[150.67733913021999,-32.781288609324683],[150.68099180095999,-32.780702005011676],[150.67524635814999,-32.771793116597806],[150.68575112027,-32.765984592400869],[150.68860838056,-32.762789244459924],[150.68911157564,-32.762784361485927],[150.68920750145,-32.762801536617907],[150.68936884659001,-32.762781866038921],[150.69163368111001,-32.762759858761925],[150.69584956897,-32.764010405838903],[150.69772669771999,-32.761564805538946]],[[150.72865228245999,-32.898279580698095],[150.72905411289,-32.898434130683093],[150.72917775335,-32.898897781793089],[150.72976504601999,-32.899268703703072],[150.73032142708001,-32.899454163071091],[150.73084689917999,-32.89982508437808],[150.73161965151999,-32.899979634344064],[150.73172122535999,-32.899995023744069],[150.73157951554001,-32.900199709539066],[150.7322869031,-32.901307703850051],[150.73409145687,-32.901815004996052],[150.73510073602,-32.902964963065038],[150.73581190352999,-32.903926986004024],[150.73668257202999,-32.903723727202021],[150.73780254933999,-32.90392653323601],[150.73730910700999,-32.904611199163],[150.73693149504001,-32.905845539890983],[150.73690920332001,-32.906721261097978],[150.73687948630999,-32.907888890279956],[150.73694556762001,-32.908693202351941],[150.73670048784999,-32.909820425235935],[150.73663121947999,-32.91084131657292],[150.73709126961,-32.911470236145917],[150.73872395270999,-32.9119378592789],[150.73989379206,-32.911886014887884],[150.74108588303,-32.910958435379925],[150.74183795568999,-32.910314934792929],[150.74271624946999,-32.909719207929939],[150.74289104631001,-32.909962242078926],[150.74468411772,-32.90991710429693],[150.74550881824999,-32.91000950016592],[150.74556526098999,-32.910059194152929],[150.74464787538,-32.910438695025938],[150.74320831764001,-32.910887272124917],[150.74197762487,-32.911631648482917],[150.73944172198,-32.912644447291903],[150.73541262945,-32.914506261060872],[150.73551917061999,-32.915420822028864],[150.73601412965999,-32.916378928012847],[150.73604530914,-32.916854059131843],[150.73496564362,-32.91676148002383],[150.73461025745999,-32.917120090438843],[150.73465864869999,-32.918617677176812],[150.73559925383,-32.919072792700803],[150.73847869194,-32.918175812000818],[150.73875032993999,-32.917706160877827],[150.73960535238001,-32.918123190183813],[150.7404962231,-32.918832903657808],[150.74150862846,-32.918785603237808],[150.74156911512,-32.918812493177818],[150.74219509128,-32.918728142936821],[150.74198535150001,-32.918054696331843],[150.74336280022001,-32.917409925845838],[150.74463501873001,-32.918676545204818],[150.74581572580999,-32.919080513001823],[150.74703037891999,-32.918145771280813],[150.74761419968999,-32.917486638937831],[150.74829805818999,-32.917355467091838],[150.74885401257001,-32.917795979535825],[150.74906380569999,-32.918469416785818],[150.75003836197999,-32.918056477444814],[150.75007568452,-32.918822471611811],[150.75095581778001,-32.919340575113807],[150.75133184246999,-32.92165678134878],[150.75510238859999,-32.922319375142763],[150.75517974069001,-32.923314893515759],[150.75543661939,-32.924371828587745],[150.75635211119001,-32.924053443826743],[150.75721452842001,-32.923590601994761],[150.75851115519001,-32.923900869638736],[150.75872826732001,-32.924287426224751],[150.75876566408999,-32.925053421085735],[150.75885854491,-32.925868244493699],[150.75936032684999,-32.926212075683715],[150.76037113324,-32.926612863034705],[150.75989951881999,-32.927321896982704],[150.75970774191001,-32.928179447972695],[150.75947011898,-32.928605681704695],[150.75900933989999,-32.92888441241768],[150.75882478975001,-32.929455094250663],[150.75926386565999,-32.930036963781653],[150.75958956016001,-32.930616796388662],[150.76019752652999,-32.931249525966663],[150.76119484010999,-32.930988902327641],[150.76067928110001,-32.932077364413637],[150.76036925629001,-32.932653270790631],[150.76088775352,-32.933576300112627],[150.76157592093,-32.933630168025616],[150.76196452644001,-32.933844796391604],[150.76194779074001,-32.934509029196597],[150.76223062067999,-32.935012496675604],[150.76320686395999,-32.935362249886573],[150.76417444527999,-32.93537957347759],[150.76163461857001,-32.937146409761567],[150.76120430207001,-32.937953264695537],[150.76018702182,-32.938809614170538],[150.76216110258,-32.941699575921504],[150.76348052380999,-32.942453452538487],[150.76614113050999,-32.943098540061499],[150.76843498112001,-32.942674847608487],[150.77042236022999,-32.941913713319501],[150.77255711031,-32.941553490352518],[150.77637267661001,-32.94009460516952],[150.77842369199999,-32.939931945144529],[150.77965292542001,-32.941148749140517],[150.78074470359999,-32.9415664681745],[150.78257991263999,-32.941070711012514],[150.78348443094001,-32.941192320828513],[150.78442363028,-32.941488345059511],[150.78497769590999,-32.942305471665506],[150.78510448092999,-32.942331599125502],[150.7851993095,-32.942602488219485],[150.78470753722999,-32.942808697972495],[150.78474506478,-32.943572861937483],[150.78528100103,-32.94404417621849],[150.78527132654,-32.944432083159477],[150.78570086055001,-32.944659879478465],[150.78567698355999,-32.944782356215462],[150.78559375757999,-32.944947627104447],[150.78455186981,-32.945130988657461],[150.78444969554999,-32.945880013802451],[150.78410127843,-32.945573611262446],[150.78329066576001,-32.946196087905449],[150.78323001640999,-32.947032986198437],[150.78304931723,-32.947901274571414],[150.78219810031001,-32.948556540804418],[150.78157190005999,-32.949752103360396],[150.78143091575001,-32.950621092522383],[150.78160951166001,-32.951428720331378],[150.78180066972001,-32.951733788187383],[150.78130370733001,-32.952529415151361],[150.78101306482,-32.952553020393353],[150.78071934955,-32.952049765293374],[150.78033704097999,-32.951439628265383],[150.77936117968,-32.950718378717383],[150.78036133737999,-32.950468008752381],[150.78017940254,-32.949794394773406],[150.78003720805,-32.949121486573404],[150.7791341432,-32.948669683196414],[150.77914718010999,-32.948148566321414],[150.77944697506999,-32.947911613650433],[150.77906907863999,-32.94753756753942],[150.77846687452001,-32.945996087992455],[150.77756966713,-32.945574921241459],[150.77640222329001,-32.945284004936461],[150.77630674782,-32.944832079796477],[150.77600229413,-32.944196341167462],[150.77464543366,-32.945072623140469],[150.77455007648999,-32.945520226663454],[150.77167629905,-32.945140453393471],[150.77137080019,-32.94484477092346],[150.76832091105999,-32.944599435360459],[150.76656815710999,-32.944425643368469],[150.76635423194,-32.944122937586471],[150.76601818652,-32.943983315138468],[150.76590265057999,-32.944076685609481],[150.76585058222,-32.944354486909482],[150.76538537889999,-32.944308352474458],[150.76296017805001,-32.943978623696481],[150.76031113721001,-32.943549397482471],[150.75950010815001,-32.943534849780498],[150.75944529533999,-32.943407470323478],[150.75934082718999,-32.943062024034475],[150.75875349501999,-32.943013310447483],[150.75841265179,-32.94306445569849],[150.75823745510999,-32.942975819115489],[150.75816638768001,-32.942712415623497],[150.75847080059,-32.942108323779493],[150.75830968739999,-32.941617787388509],[150.75729993262999,-32.941526512814512],[150.75671202386999,-32.941906068399497],[150.75674951062001,-32.942711357595492],[150.75591255041999,-32.942647557481493],[150.75571698933999,-32.942634325875488],[150.75526213228,-32.942158662605486],[150.75568894369999,-32.940608936131525],[150.75529505915,-32.93984347844453],[150.75552084984,-32.938961012448544],[150.75460165896999,-32.938495914343548],[150.75438917922,-32.938082970290559],[150.75243942895,-32.937472977113565],[150.75099029591999,-32.937683624898575],[150.75097146261001,-32.938427301633553],[150.75119058978001,-32.939276720889545],[150.75180204716,-32.940471391565531],[150.75063262757001,-32.940720888091512],[150.7497830552,-32.941009954179513],[150.74904517504001,-32.941639216238514],[150.74914573506999,-32.942418863896492],[150.74941608067999,-32.942829562727503],[150.74932047741001,-32.943436580733469],[150.74834288983001,-32.944027698444479],[150.74771581354,-32.945030958343459],[150.74736850280999,-32.946073078597443],[150.74730268126001,-32.947086457849423],[150.74580985391,-32.947431526882433],[150.74562658257,-32.947431898144437],[150.74487771806,-32.946929100618433],[150.74277276827999,-32.946246876355438],[150.74177716048001,-32.946421733531444],[150.74151480465,-32.946073986193454],[150.74114188448999,-32.945160598372468],[150.74173546154,-32.944073816219465],[150.74157780831001,-32.943793064049473],[150.74173331980001,-32.943761471701471],[150.74189164406999,-32.94348780577149],[150.74248259266,-32.943799055779486],[150.74311055456999,-32.943140418874485],[150.7433522513,-32.943125968091493],[150.74525706565001,-32.942348718534497],[150.74656909103999,-32.941222557399513],[150.7475314335,-32.93965042912253],[150.74873255202999,-32.93815023345055],[150.74871988456999,-32.937067800390572],[150.74758222277001,-32.936066539563576],[150.74646666163,-32.935775865315591],[150.74545849579999,-32.935994404164589],[150.74455169941001,-32.936958780460571],[150.74472981619999,-32.937841288422561],[150.74473900032001,-32.939058933944544],[150.74388255738,-32.939618387143533],[150.74341984191,-32.939941025896523],[150.74296390072001,-32.938970281593541],[150.74176334071001,-32.936832185265558],[150.73957596643001,-32.936235423533589],[150.73947874750999,-32.935841804598581],[150.73970824368999,-32.935215648109605],[150.73967778235999,-32.934314652074612],[150.73975405022,-32.933415587109629],[150.73949982635,-32.932915744454625],[150.73940335072999,-32.932841414578625],[150.73946653447999,-32.932730569676629],[150.73907814203,-32.931958895390629],[150.73941529773001,-32.931860999605647],[150.74091435753999,-32.931861000002641],[150.74219926405999,-32.932217918885634],[150.74277033543001,-32.932503455036624],[150.74348417269999,-32.932360686935624],[150.74327002050001,-32.93150408118764],[150.74291310282001,-32.930933009860652],[150.74205649532999,-32.930576091090657],[150.74070020572,-32.930219172091668],[150.73998736963,-32.930219174116665],[150.73969506073999,-32.929918770286655],[150.7382351455,-32.92989234633567],[150.73800575421001,-32.929622533615657],[150.7377846917,-32.929662711871671],[150.73673849029001,-32.929599579344668],[150.73440381736,-32.930002759732666],[150.73250405339999,-32.929923738757665],[150.73198398484999,-32.929602445495668],[150.73013476068999,-32.929613406594683],[150.72933134301999,-32.930044305789671],[150.72838886613999,-32.929715318971667],[150.72736379514001,-32.92967390048166],[150.72603519131999,-32.928256721145679],[150.72493445729,-32.927856457024689],[150.72432720091999,-32.927036679941686],[150.72428872939,-32.925844054699716],[150.72377476292999,-32.925272983897727],[150.72327002164999,-32.925609484545717],[150.72293312255999,-32.925154657770733],[150.71983105664,-32.926155325581718],[150.71853019201001,-32.928957192737677],[150.71672899551001,-32.931558924439642],[150.71675050687,-32.931695164790646],[150.71486419818001,-32.93331200058762],[150.71411169781999,-32.933552406278622],[150.71395159528001,-32.933549476144606],[150.71308623217001,-32.933729806173609],[150.71120212757,-32.933251061673623],[150.71030948399999,-32.931660016747642],[150.70972116703001,-32.930336993411665],[150.71069153550999,-32.928911319617676],[150.70978879296001,-32.927713756190684],[150.70830871736001,-32.928528521516682],[150.70780101928,-32.928501341221704],[150.70715280691999,-32.928176467811703],[150.70658585379999,-32.928021608561693],[150.70544822699,-32.927856264790698],[150.70391113022001,-32.927683571638688],[150.70300302793001,-32.927474273529697],[150.70216444299001,-32.926784745646707],[150.70171475578999,-32.926511646508715],[150.70119430618999,-32.926766895919705],[150.70096926803001,-32.926997887073711],[150.70070350226999,-32.926871995939699],[150.69927582362001,-32.927385961020697],[150.69870796324,-32.927918329725678],[150.69836386936001,-32.928242104179688],[150.69834098186001,-32.928343193267672],[150.69833589637,-32.928347431480695],[150.69796236376001,-32.929841563085667],[150.69904739924999,-32.929898670814659],[150.70047507458,-32.930012885011642],[150.70060922229999,-32.930173863700666],[150.69911726488999,-32.931759067584636],[150.69861693312001,-32.933059934685623],[150.69885285143999,-32.934003605024614],[150.69880992462001,-32.933947915852606],[150.69880692491,-32.933943565418609],[150.69446998273,-32.934833667559602],[150.69353086984,-32.935717658469585],[150.69347829416,-32.935718255658585],[150.69347829553999,-32.9348622118126],[150.69390659814999,-32.934433908661589],[150.69457284695,-32.934005605671615],[150.69481079393,-32.933434535099614],[150.69504874002999,-32.932958643219635],[150.69519150753999,-32.932482750967637],[150.69476320416999,-32.931388198354661],[150.69419213212001,-32.93067436008365],[150.69343070274999,-32.930341235263661],[150.69309757798999,-32.930531592064661],[150.69280093913,-32.930573970048648],[150.69280595327999,-32.930519448922652],[150.69275765092999,-32.930408232213665],[150.69341454937,-32.929134388043686],[150.69220150020999,-32.928065569559685],[150.69142557545999,-32.927247399593689],[150.69138436723,-32.926629277025718],[150.69133677766999,-32.925201600535743],[150.69114642060001,-32.924773297109731],[150.69028981265001,-32.924154637712739],[150.69033526051001,-32.923382037124767],[150.69056605899999,-32.923480949726766],[150.69060078496,-32.923480949199742],[150.69139684991001,-32.923935830997742],[150.69261037388,-32.923578911587747],[150.69332421255001,-32.922757997730763],[150.69428789378,-32.922044159312776],[150.69571557205001,-32.921330321035789],[150.69742878515001,-32.920402331617801],[150.69732171097999,-32.919652802063794],[150.69793847198,-32.918614045095822],[150.69861020875001,-32.918440696552828],[150.6986118035,-32.918442412905804],[150.69970635671001,-32.918347236085829],[150.70046778335001,-32.917871343129818],[150.70132438946001,-32.917585808198837],[150.70203822703999,-32.917252682290837],[150.70241894290001,-32.91663402330984],[150.70220789229001,-32.916434083517849],[150.70244345523,-32.91651054215184],[150.70227656802999,-32.915911402064857],[150.70169364648001,-32.914650854097857],[150.70143295811999,-32.914513726879875],[150.70121198136999,-32.914138193614882],[150.7005187078,-32.913820041573871],[150.69996312257999,-32.913428074418889],[150.69989042058,-32.912739599979901],[150.70035462659999,-32.912290054174903],[150.70025634231001,-32.911715633325905],[150.70025198612001,-32.911009330305916],[150.6995686098,-32.910309615429931],[150.69940843514999,-32.910048516139938],[150.69927695167999,-32.909376330781953],[150.69944240967999,-32.909148641881949],[150.6995256811,-32.908573330776946],[150.70019785301,-32.908143458440961],[150.70044096679001,-32.907827784309958],[150.70103885057,-32.907877605791974],[150.70156233142001,-32.907830016876964],[150.70156233182001,-32.907211356514971],[150.70160651837,-32.906460210169982],[150.70231341160999,-32.906547987118969],[150.70313113973,-32.906659162248971],[150.70372649215,-32.906554734519972],[150.70403424855999,-32.905973871251994],[150.70428028888,-32.905775172693986],[150.70517911407001,-32.905736091996985],[150.70555982779999,-32.905450556856984],[150.70584536345001,-32.905212609159996],[150.70601076608,-32.905047208391004],[150.70720959907001,-32.905416079769985],[150.70820897268001,-32.905606435865984],[150.70906557843,-32.906129917721977],[150.71035048917,-32.906558219811984],[150.71130227293,-32.906510630629988],[150.71156392611999,-32.90662510651098],[150.71238369944001,-32.907339087225964],[150.71349015070999,-32.907339087986962],[150.71358424226,-32.907303398896964],[150.71368173625001,-32.907319646961959],[150.71374806437001,-32.907241261569979],[150.71452521540999,-32.906946476770969],[150.71577443262001,-32.906125561663991],[150.71598858387,-32.905518799936004],[150.71563166336,-32.903984046692017],[150.71466798207001,-32.90359143597302],[150.71409691139999,-32.902877597575014],[150.71398813778001,-32.902634951273036],[150.71546069281001,-32.902835013251035],[150.71792750564001,-32.902593777685041],[150.71848040936999,-32.900886022865045],[150.72014493795999,-32.898840663960087],[150.72269093999,-32.898815506676094],[150.72566988886001,-32.897353246302096],[150.72572002369,-32.897342381929107],[150.72580855236001,-32.8977850194551],[150.72605583392999,-32.898094120109093],[150.72704495763,-32.898279581104084],[150.72769406942001,-32.898279580144091],[150.72865228245999,-32.898279580698095]],[[150.90271202936,-32.836288184420923],[150.90295145492999,-32.836367244954928],[150.90306807617,-32.836469687553922],[150.90421094992999,-32.837612553342908],[150.90375409392001,-32.838412054041896],[150.90386830954,-32.839097337372884],[150.90445186909,-32.839319646865896],[150.90443245211,-32.839493918855887],[150.90442684815,-32.839732429851878],[150.90473707211001,-32.839761486823889],[150.90508395013001,-32.839767297194875],[150.90518177349,-32.84103897727686],[150.90518177419,-32.84263797539883],[150.90519558860001,-32.842646644279831],[150.90340739273,-32.843594954693849],[150.9007866243,-32.842357980737852],[150.8982206247,-32.842555140777854],[150.89740839539999,-32.841976211653858],[150.89698043543001,-32.841298382551862],[150.89614751766001,-32.840949058897863],[150.89519549894001,-32.840696350153863],[150.89483111366999,-32.84029572779388],[150.8945064575,-32.84019164091287],[150.89411599374,-32.840895153226867],[150.89410571099,-32.840948321975866],[150.89405351862999,-32.84094214102786],[150.89329067595,-32.840929295496842],[150.89277929543999,-32.841039986191859],[150.89240748916001,-32.841224605550849],[150.8920142963,-32.841430099671861],[150.89200042016,-32.841431535112868],[150.89172391919001,-32.841542476533867],[150.89153986517999,-32.841601881075839],[150.89100535067001,-32.841620968310842],[150.89023675512999,-32.841809204670852],[150.88935369384001,-32.841702501850861],[150.88886367894,-32.841674507701846],[150.88769586362,-32.841654795550859],[150.88763888843999,-32.841701005980859],[150.88673618036,-32.84149584455686],[150.88450900346001,-32.84126741683086],[150.88448299660001,-32.841631521014847],[150.88447862644,-32.841631949579856],[150.88317441122001,-32.841824539734837],[150.88290119202,-32.841041307178877],[150.88233152373999,-32.840215291778883],[150.88186672341001,-32.839951906081872],[150.88188687332999,-32.839853062519872],[150.88134050029001,-32.838500793531892],[150.88166989486999,-32.838467842170893],[150.88227746602999,-32.837749536849913],[150.88382852844001,-32.837469007791903],[150.88476300745,-32.836372749072936],[150.88528198956001,-32.836237381128925],[150.88758722026,-32.836143915754931],[150.88839949839999,-32.83614391639194],[150.88841098385001,-32.836205583812912],[150.88932785815001,-32.836767332669915],[150.8907015499,-32.836824641634919],[150.89110942484001,-32.836741768321922],[150.89099779296001,-32.83704830873392],[150.89157129569,-32.838370848472906],[150.89079107498,-32.839132920832888],[150.89067714207999,-32.839987421577881],[150.89150315872001,-32.840414670335861],[150.89278490807999,-32.839275336762888],[150.89265404423,-32.838377996848905],[150.89403325615999,-32.837767534493906],[150.89449858820001,-32.837103759564918],[150.8954606078,-32.837382782270907],[150.89611790481001,-32.836949986412918],[150.89729591384,-32.836730794844925],[150.89756823478999,-32.836670032163923],[150.89781495337999,-32.837212808294922],[150.89901420362,-32.837555449602917],[150.89979403205999,-32.836831323844919],[150.89986392253999,-32.836863277824918],[150.90072741819,-32.837726771845915],[150.90141270059999,-32.836755949496926],[150.90192666422001,-32.836241985641927],[150.90271202936,-32.836288184420923]],[[150.66364323600001,-32.849766060589737],[150.6638538261,-32.849766060136737],[150.66452007609999,-32.84986123691975],[150.66475802356001,-32.850670253314732],[150.66494838181001,-32.851384091450726],[150.66632847011999,-32.852050341174731],[150.66661400441001,-32.852193108367693],[150.66751108349999,-32.852558585929707],[150.66720855313,-32.853271728434706],[150.66771488489999,-32.853898895601688],[150.66729639997999,-32.854055826630677],[150.66679076385,-32.854412746830683],[150.66676102239001,-32.855007611413669],[150.66726665642,-32.855602477393667],[150.66839690271999,-32.855721449488676],[150.66869433574999,-32.855364529995676],[150.66956751996,-32.855439373592667],[150.66961043173001,-32.855463804527673],[150.66882324253999,-32.856379627892657],[150.66806225562999,-32.856293862378656],[150.66643303837,-32.856979235830657],[150.66554041933,-32.858680410153625],[150.66653509949001,-32.859557891851594],[150.66703432013,-32.859925089596601],[150.66650511265999,-32.860702555495592],[150.66537877733001,-32.861612024454587],[150.6643446896,-32.862236899853578],[150.66390959294,-32.862658229464586],[150.66456710134,-32.863457851465562],[150.66454271312,-32.864387887975553],[150.66358859145001,-32.865003346572536],[150.66333035560999,-32.864185595095549],[150.66275928394001,-32.862900684785558],[150.66185508787001,-32.862282024813567],[150.66104607148,-32.861758544732588],[150.66014187367,-32.861139885687592],[150.65861901941,-32.860616405071603],[150.65778822075001,-32.860703858878601],[150.65810573260001,-32.859826025663594],[150.65822470449001,-32.858933727748614],[150.65846265003,-32.857922456699647],[150.65881956963,-32.857625023465616],[150.65913905951999,-32.856926140772643],[150.65957079994001,-32.857189979922644],[150.66027879249,-32.857278480980632],[150.66052619607001,-32.857786117756639],[150.66095001159999,-32.857794047103631],[150.66163562913999,-32.857520563024629],[150.66235892589,-32.857426722342645],[150.66272144054,-32.856538793906637],[150.66240773582999,-32.855566649889681],[150.66203851450999,-32.855094501352681],[150.66243401670999,-32.854565071836674],[150.66345113688999,-32.854584079314684],[150.66367898517001,-32.853979937262693],[150.66450201602001,-32.853315333800694],[150.66426743066,-32.852559401372702],[150.66373713767001,-32.851762154071722],[150.66352712009001,-32.851686654863727],[150.66333978138999,-32.852363130711716],[150.66272913074999,-32.85218316044471],[150.66168893630001,-32.852163716484696],[150.66116615364001,-32.852274543117716],[150.66091831444001,-32.852670735148706],[150.66094320280999,-32.853014767306703],[150.6609157334,-32.853415080688706],[150.66047085302,-32.85356422697469],[150.66036621584001,-32.853490708984687],[150.65974160696001,-32.852300979127705],[150.66012350909,-32.85077336659274],[150.6604851857,-32.850456896199731],[150.66116928124001,-32.85009997654074],[150.66209132366001,-32.850010746142729],[150.66307285093001,-32.850248691452741],[150.66364323600001,-32.849766060589737]],[[150.80090503093001,-32.891971769205163],[150.80068590427001,-32.890831524790194],[150.80135855598999,-32.890667495353192],[150.80212223971,-32.890644036544202],[150.80260664058,-32.890055666992197],[150.80279516881001,-32.889135075863209],[150.80303903448001,-32.889363454406208],[150.80347041347,-32.890504367765196],[150.8036227995,-32.891491256817197],[150.80422054867,-32.891621056720169],[150.80568104027,-32.891169510685181],[150.80689566232999,-32.890799644634193],[150.80851472961999,-32.892525027389162],[150.80888970180999,-32.892821873383149],[150.80877042349999,-32.893754259120144],[150.80788658417001,-32.894229290132152],[150.80687198327999,-32.895770281534134],[150.80623867686,-32.895687675683135],[150.80606021803001,-32.895509215632117],[150.80602452539,-32.894831069496142],[150.80520361115001,-32.894545535391146],[150.80438269582999,-32.89458122743514],[150.80356177959001,-32.894866762152148],[150.80327624648999,-32.895366448294119],[150.80306209240999,-32.896044594779134],[150.80281225160999,-32.896365822038113],[150.80216979692,-32.896544283313112],[150.80181744273,-32.896670123359108],[150.80145705633001,-32.896522692024121],[150.80077296269999,-32.896195516818118],[150.80065398888999,-32.895868339838131],[150.80011860945999,-32.895927825953123],[150.79910733828001,-32.895630395431127],[150.79875041885001,-32.89551142062912],[150.79845298653001,-32.895303217430126],[150.79809606472,-32.895541164244129],[150.79729299854,-32.895303217315117],[150.79714428221001,-32.894708353171133],[150.79669813282001,-32.894321689283153],[150.79589506278,-32.893994513763133],[150.79532993940001,-32.894024256506157],[150.79476481782001,-32.894321689119153],[150.79461610193999,-32.894619122334142],[150.79384277679,-32.894619123186139],[150.79289099157,-32.894708351923136],[150.79217715249999,-32.894767838170132],[150.79184997346999,-32.895154502695128],[150.79164177069001,-32.895898084322127],[150.79140382604001,-32.896136029710114],[150.79074947394,-32.896373975677122],[150.79057101405999,-32.895749366959123],[150.79039255512001,-32.895392447797121],[150.7899464059,-32.89518424526613],[150.78997614964999,-32.894648865908145],[150.79119562367001,-32.894143231085152],[150.79167151569999,-32.894172975028134],[150.79241509756,-32.893935028054145],[150.79289099079,-32.893578108750162],[150.79354534324,-32.893429392589155],[150.79431866825999,-32.89313196039415],[150.79538942712,-32.892894013411166],[150.79651967288001,-32.892596580188169],[150.79767966061999,-32.892596581839157],[150.79860170173001,-32.89265606818617],[150.79946425685,-32.892507351503163],[150.79975794488999,-32.892392430466174],[150.79990529883,-32.892432582418174],[150.80090503093001,-32.891971769205163]],[[151.00279878584001,-33.061286978757899],[151.00278870167,-33.061148679785916],[151.00292642530999,-33.061125725149914],[151.00354508327999,-33.060316708864931],[151.00376395332,-33.059863341574925],[151.00434190050001,-33.060322131796909],[151.00441643421999,-33.060284516619923],[151.0044487458,-33.060663582669925],[151.00416374403,-33.060745010789915],[151.00344990561001,-33.061982332924906],[151.00451068160001,-33.062203995124904],[151.00445455491999,-33.062783151096887],[151.00399056654001,-33.06325293042088],[151.00397979357999,-33.063729964690879],[151.00516089017,-33.064130633208869],[151.00640940906001,-33.064055163264882],[151.00720792902001,-33.063829324749875],[151.00750302347001,-33.063309113802873],[151.00785685252001,-33.063209039717876],[151.00806651390999,-33.063220687379882],[151.00807102804001,-33.063148464928872],[151.00830153251999,-33.063083269431885],[151.00827575197999,-33.062583946137899],[151.00851472865,-33.06275288178589],[151.00853786245,-33.062924188891898],[151.00873655148999,-33.064294218041859],[151.00902840544001,-33.065024935600853],[151.00765052039,-33.064162514879882],[151.00695777701,-33.064724089450863],[151.00656513909999,-33.067056124306831],[151.00463671713001,-33.067120713516836],[151.00431843209,-33.068010113284807],[151.00407447647001,-33.066920830602832],[151.00328670023001,-33.066669612436833],[151.00191728367,-33.067077157319837],[151.00167731063999,-33.067383986012835],[151.00164674216001,-33.066804281928846],[151.00047318302001,-33.066069655254843],[150.99998970241001,-33.066061900186845],[151.00002291421001,-33.065894700540831],[151.00004402676001,-33.064861684069861],[150.99851389112001,-33.064165457421865],[150.99812665261001,-33.064636759458878],[150.99791219924001,-33.064414264566864],[150.99735247811,-33.064088198209866],[150.99587182990999,-33.064480030132863],[150.99513149955001,-33.064675940660862],[150.99458740019,-33.06469346919787],[150.99399089548001,-33.065056794713854],[150.99335238661001,-33.06599498761986],[150.99277706734,-33.065325291921845],[150.99198731841,-33.064433088377868],[150.99195351509999,-33.063688602845879],[150.99352038686001,-33.06369550141288],[150.99552951050001,-33.062942559676884],[150.99673028070001,-33.062387693389887],[150.99719594091999,-33.062143276708895],[150.99787604510999,-33.06212135250189],[150.99816631819999,-33.062513456971899],[150.99894048390999,-33.063062013229889],[151.00001346117,-33.062699775684898],[151.00035132057999,-33.063206561213867],[151.00121513188,-33.062966614673876],[151.00174301678001,-33.062294757280888],[151.00279878584001,-33.061286978757899]],[[150.68195741848001,-32.843739949881822],[150.68197332336999,-32.846388588357783],[150.68328000104,-32.84709634513078],[150.68306103270001,-32.847176781219773],[150.68172979259,-32.847324494460771],[150.68009100205001,-32.847771847462745],[150.67892593081001,-32.846188920107785],[150.67766768662,-32.845664525410804],[150.67722154875,-32.846515162283779],[150.67828420271999,-32.848038004965773],[150.67848560192999,-32.848166565021756],[150.67842801904001,-32.848642298888755],[150.67770462114001,-32.848973629643737],[150.67567086,-32.848729201979765],[150.67541647154999,-32.848187196348761],[150.67382417928999,-32.847049242673783],[150.67366145294,-32.846382061423789],[150.67315581706001,-32.8455789939798],[150.67214454627,-32.845311305534786],[150.67152239078999,-32.845244047334795],[150.67106811986,-32.844432870179816],[150.66997101332001,-32.842975009159829],[150.66979885705999,-32.84291312457583],[150.66937417187,-32.842104192238857],[150.66842238551001,-32.841533121243856],[150.66713747699001,-32.841628300096851],[150.66682317242001,-32.841754024199851],[150.66673126626,-32.841712372757861],[150.66571999568001,-32.841771859139847],[150.6642923167,-32.841504170483852],[150.6638759116,-32.841117509040849],[150.66360822172999,-32.840552386875864],[150.66359204085001,-32.840501820508891],[150.66443134733001,-32.840476959327873],[150.66714955776999,-32.841153372940852],[150.6685825074,-32.841110883021869],[150.67100550047999,-32.843309908754826],[150.67336560071999,-32.843996817957837],[150.67785631235,-32.844166170635816],[150.67996792429,-32.843195002409836],[150.6815231846,-32.841786173712848],[150.68253863023,-32.841755947491841],[150.68166493723999,-32.841945106549851],[150.68181769007001,-32.842592128060836],[150.68195741848001,-32.843739949881822]],[[151.02132800735001,-32.703642049086731],[151.02049519625999,-32.704236915311725],[151.01978135802,-32.704117941468724],[151.01944823497001,-32.703689638505736],[151.01940064460001,-32.703261336720729],[151.01932925970999,-32.702737854488753],[151.01932926169999,-32.701952631064763],[151.01970997418999,-32.701357767488766],[151.01932926206001,-32.70131017757874],[151.01894854836999,-32.701429151201751],[151.01825850488001,-32.70128638287877],[151.0177112277,-32.701143614674763],[151.01761400012001,-32.700968604973767],[151.01841982948,-32.700691185459767],[151.01910511302,-32.700653114916776],[151.01988557631,-32.700653114345755],[151.02041857409,-32.700805400471765],[151.02087543045999,-32.70074829365678],[151.02135132249001,-32.700596008014777],[151.02159878513001,-32.700367579716762],[151.02199853508,-32.700215293610775],[151.02300742380999,-32.70010108025479],[151.02350235352,-32.700082044425784],[151.02392113838999,-32.699948794682783],[151.02426377999001,-32.699549044565778],[151.02464449284,-32.69924447358779],[151.02517749124999,-32.699320616941783],[151.02555820534999,-32.69973940175678],[151.02525363478,-32.700215293562778],[151.02565338423,-32.700576971876764],[151.02614831080999,-32.700995756813768],[151.02607216784,-32.701604899190755],[151.02559627695999,-32.701604899661767],[151.02473967097001,-32.701452613650765],[151.02468256483999,-32.701833326212757],[151.02462545564001,-32.701985613284755],[151.02428281504999,-32.702214041807743],[151.02319778175999,-32.702499577572752],[151.02251249963001,-32.70265186166074],[151.02247442743999,-32.702842218649742],[151.02319778175001,-32.702975469376739],[151.02392113773001,-32.702956432225747],[151.02468256438999,-32.702613790319745],[151.02503042031,-32.702564097097728],[151.02446889004,-32.702904416700733],[151.02389782189999,-32.703308924638719],[151.02301742229,-32.703475487013733],[151.02223219931,-32.703475487008738],[151.02132800735001,-32.703642049086731]],[[150.77716732924,-32.80701306632033],[150.77692443171,-32.806478690496327],[150.77619573805001,-32.80618721130233],[150.77552538224001,-32.805919073324354],[150.77721739130999,-32.805907114452346],[150.77879736711,-32.806557305818338],[150.77934173201999,-32.807143908780304],[150.77948884393001,-32.808719999897292],[150.77965030516,-32.809719401671288],[150.77971101987001,-32.810238650743273],[150.77896477509,-32.81148239091327],[150.77886761547001,-32.812988359320251],[150.77886761606001,-32.814128256367233],[150.77865489902001,-32.814406852878221],[150.77813892108,-32.813134096870229],[150.77828465959999,-32.811773868155257],[150.77818750053001,-32.810559378437262],[150.77721590976,-32.809733525377283],[150.77580710197,-32.809684945212283],[150.77459261152001,-32.810073581928279],[150.77493267004999,-32.809101988409303],[150.77585568116999,-32.808178978645309],[150.77716732924,-32.80701306632033]],[[150.65811601547,-32.826584298294065],[150.65676666589999,-32.827204703039058],[150.65693355662,-32.826787471817049],[150.65800273386,-32.825439376922084],[150.65911725312,-32.824587112049095],[150.66034846679,-32.82473195419108],[150.66190197026,-32.824628389018088],[150.66223506999,-32.826462395864063],[150.66061698924,-32.826358905402067],[150.65987552569001,-32.825775275179062],[150.65811601547,-32.826584298294065]],[[150.77569143117,-32.804089475360364],[150.77514318498001,-32.803660137163376],[150.77484325493,-32.803235210262372],[150.77479424511,-32.80270984668639],[150.77511246617999,-32.802400807754388],[150.77573192130001,-32.802464266154395],[150.77622722628001,-32.802525516058381],[150.77658662480999,-32.803056395639381],[150.77670033468999,-32.803478009807371],[150.77637689149,-32.803996757431356],[150.77593973908,-32.804093889366349],[150.77569143117,-32.804089475360364]],[[150.68679668265,-32.845073386976807],[150.68567160209,-32.84438134609082],[150.68573916886999,-32.843535615944823],[150.68689258516,-32.844231316160808],[150.68679668265,-32.845073386976807]],[[150.73399119589999,-32.899736502382076],[150.73403063833001,-32.899701442449079],[150.73454599038999,-32.899684264673063],[150.73462533129,-32.899779311441073],[150.73471895924999,-32.899815189666064],[150.73399119589999,-32.899736502382076]],[[150.79080902666999,-32.789049888919571],[150.79081199945,-32.789055243684572],[150.79080484501,-32.78905882126157],[150.79080902666999,-32.789049888919571]]]},"properties":{"OBJECTID":128390,"FireName":"Little L Complex","FireNo":"19112559831","FireType":1,"StartDate":1574600400000,"EndDate":1579784400000,"AreaHa":136285.78354144}},{"type":"Feature","id":129182,"geometry":{"type":"Polygon","coordinates":[[[150.97068756792001,-32.696504652440829],[150.97099799207999,-32.696102035657837],[150.97220632276,-32.695704008288843],[150.97231492076,-32.695576642591845],[150.97285272490001,-32.694945896178844],[150.97575135055001,-32.692677711771879],[150.97483385125,-32.691130032091884],[150.97422835470999,-32.690862754574901],[150.97156115563999,-32.691880564961892],[150.97041873845001,-32.690985311538903],[150.96921421138001,-32.69059388687689],[150.96750175145999,-32.69021877371091],[150.96745069824999,-32.689870943104928],[150.96873330298999,-32.690189187802915],[150.97128005031001,-32.689872496606924],[150.97242451740999,-32.689175164935932],[150.9730861308,-32.687992792511949],[150.97374233757,-32.687048940791961],[150.97433474927999,-32.685805787334971],[150.97450540669001,-32.684496166652984],[150.97429973753,-32.683657031895997],[150.97432618593999,-32.683618740969003],[150.97469788375,-32.682459707262012],[150.97572742177999,-32.680849340347038],[150.97719546294999,-32.681447285422024],[150.97846519495999,-32.681406374221034],[150.97994693013999,-32.680426626015048],[150.97994446073,-32.678491023224076],[150.98077974848999,-32.677968863354074],[150.98125644992001,-32.678042201336076],[150.98136648318001,-32.677602073067092],[150.98175825115999,-32.677357161071093],[150.98464197397999,-32.679271497383056],[150.98651066129,-32.679354556507064],[150.98693486556999,-32.679143336987053],[150.98726274235,-32.679186523570074],[150.98939489060001,-32.678469083751075],[150.99071518712,-32.678096525919074],[150.99191496219001,-32.677435688309082],[150.99231733005001,-32.676475736219103],[150.99292775434,-32.676125755695104],[150.99330428901001,-32.676192552579117],[150.99396642489,-32.676537915509108],[150.99496975199,-32.6770908426871],[150.99562745246001,-32.677960371563081],[150.99694292436001,-32.677802424574075],[150.99733326145,-32.677379149312088],[150.99793911201999,-32.676780351349095],[150.99986917232999,-32.675629995996111],[151.00015945358999,-32.675410495952114],[151.00090438487999,-32.675232633816123],[151.00215017412,-32.676149638228104],[151.00220637317,-32.677098940267101],[151.00302833958,-32.676796022810088],[151.00464211868001,-32.677983822012074],[151.00450850564999,-32.678245152523054],[151.00498912745999,-32.679469739727054],[151.00694159700001,-32.679214442567073],[151.00759526655,-32.67836580984406],[151.00844933624001,-32.678021449026069],[151.01006569884001,-32.677653386668084],[151.01139384058001,-32.676922809448094],[151.01217357620001,-32.676111941888109],[151.01211671095001,-32.674858302499125],[151.01192262911999,-32.674067792104132],[151.0129162314,-32.673152930625143],[151.01408699511001,-32.67242836903015],[151.01545952178,-32.672824363119148],[151.01690759968,-32.672217760936149],[151.01631772885,-32.672874347750152],[151.01557856357999,-32.67425218274213],[151.01512411322,-32.674408465271121],[151.01384083107001,-32.674170187040133],[151.01356632823001,-32.674928717288125],[151.01368790344,-32.675257589208108],[151.01430277238001,-32.675131096789116],[151.01479364941,-32.674784673803131],[151.01611275919001,-32.674860035818128],[151.01731389318999,-32.674443099508132],[151.01689014198001,-32.673210346728148],[151.01793385118,-32.672627439797154],[151.01832028762999,-32.672357712599158],[151.01835028983001,-32.673017073806136],[151.01970452258999,-32.672972985907151],[151.0204010969,-32.671516444246166],[151.01987359735,-32.670471922144174],[151.01985445995001,-32.670260156495182],[151.01925370429001,-32.669244412531199],[151.01919002995999,-32.669118321994212],[151.01917212389,-32.669106475794202],[151.01917128279999,-32.669105053433206],[151.01861151149001,-32.668197106792213],[151.01782635155999,-32.667285596798223],[151.01751758578001,-32.66668131311723],[151.01785401947001,-32.666032734789248],[151.01645288517,-32.665302201320259],[151.01656332559,-32.664677296858251],[151.0161591836,-32.664017011908264],[151.01553447379999,-32.663135272022281],[151.01512492659,-32.662720107538298],[151.01448658989,-32.662173577607291],[151.01536518338,-32.661428279364308],[151.01149836842001,-32.660263539007332],[151.00960467811001,-32.659797077269332],[151.00971702411999,-32.659664659916324],[151.00934937886001,-32.658814213267348],[151.0087448866,-32.658477672628358],[151.00833640472001,-32.657998472400351],[151.00805495276001,-32.657220925465353],[151.00716973118,-32.656389357917377],[151.00622283787999,-32.654197626237412],[151.00079081180999,-32.654015360426406],[151.00006513926999,-32.653910485638413],[150.99951674780999,-32.653468853391423],[150.99851479613,-32.653495231491412],[150.99718161587001,-32.652913530121424],[150.99691155641,-32.652563816295441],[150.99670628013999,-32.653645844882405],[150.99580458691,-32.654320270058406],[150.99598960474,-32.656536740102354],[150.99587541234999,-32.657759207286361],[150.99530246201999,-32.658207907324353],[150.99165434010999,-32.656246866089369],[150.99063237919,-32.656136527397379],[150.98833782610001,-32.655995615966383],[150.98701999061001,-32.654962812424394],[150.98530168715999,-32.654444771855417],[150.98425715157001,-32.653833265832418],[150.98119461452001,-32.653573629812421],[150.98020742801,-32.656114683431376],[150.97795802829,-32.656975807884365],[150.97708680565,-32.654566363853419],[150.97849473186,-32.650076098030468],[150.98345563379999,-32.647335171099499],[150.98399628805001,-32.646170649140501],[150.98295185792,-32.645559132249517],[150.98191389862001,-32.645090782182535],[150.98188485739999,-32.644446491369521],[150.98143275253,-32.643815853407538],[150.98295970394,-32.64197428334559],[150.98516604534001,-32.642046439160588],[150.98617877141001,-32.640078048854591],[150.98781542398001,-32.640670399973587],[150.98943916878,-32.640976379863595],[150.99212130174999,-32.638452110461621],[150.99310375024001,-32.639567398140606],[150.99407096286001,-32.63659671620465],[150.99508622646999,-32.636563852569651],[150.99852912215999,-32.635878804409657],[150.99850320140001,-32.635306105139669],[150.99734181039,-32.633981578437684],[150.99665203324,-32.63371715296568],[150.99443941998999,-32.63350202729869],[150.99129993898001,-32.631524545219726],[150.99071150059001,-32.629751275177746],[150.98951473922,-32.627639213888763],[150.98396104988001,-32.626599892595792],[150.98144896746001,-32.627254513049763],[150.97953947247001,-32.626240737148791],[150.97983271315999,-32.625227593820796],[150.98139808145001,-32.624245097559822],[150.98323010554,-32.623540742251826],[150.98476312728999,-32.621842327705835],[150.98282144034999,-32.620112725482862],[150.98189417584001,-32.620214346087877],[150.98103860013001,-32.620026880052869],[150.98097409728001,-32.61859512681189],[150.98064864301,-32.618892395338904],[150.97933712835999,-32.619866695077867],[150.97763888525,-32.619778075730878],[150.97717404987,-32.618861067458887],[150.97618152747,-32.619394900791875],[150.97423918658001,-32.619529173246882],[150.97295424673999,-32.619212100764898],[150.96971314302999,-32.620606874591871],[150.96861667594999,-32.620713837583857],[150.96660473311999,-32.623072663701834],[150.96705019684001,-32.623560181487832],[150.96692600502001,-32.624567856080809],[150.96517199896999,-32.625126075544813],[150.9610557044,-32.625903510675798],[150.95988300988,-32.628091889257767],[150.95835703218,-32.628069160662768],[150.95669071162001,-32.628696136357767],[150.95516472294,-32.628673368344757],[150.95321894336001,-32.628735722700746],[150.95125899381,-32.630375703034744],[150.94938497660999,-32.630148933304739],[150.94879098683001,-32.628232288702769],[150.94654372452001,-32.631028440193738],[150.94445763164001,-32.635539976093661],[150.9427384112,-32.636885353969653],[150.94161778608,-32.638354970132617],[150.93834676392001,-32.639104619869599],[150.9357685137,-32.640190545080593],[150.93311196515,-32.641422288988579],[150.92998906347,-32.64360080329056],[150.92724584406,-32.646699128618508],[150.92328155196,-32.647111972846517],[150.92095038324999,-32.648046339057494],[150.91929294805999,-32.648887577542475],[150.91556933186001,-32.651107539351443],[150.91556501969001,-32.653157783500426],[150.91487053326,-32.653866295546415],[150.91344081429,-32.655172790115387],[150.91118512032,-32.655651553346367],[150.90780260611001,-32.652372119261436],[150.90534449116001,-32.646607295392499],[150.90395084027,-32.644263820070542],[150.90401227149999,-32.643153125737562],[150.90377758295,-32.642658778882577],[150.90352522966,-32.638994168576616],[150.8989796816,-32.638707735315627],[150.89753555748001,-32.639217644967609],[150.89587519323001,-32.639526547664602],[150.89538346446,-32.639977490435619],[150.89284765976001,-32.640872750243574],[150.88673202068,-32.640527848590587],[150.88654298231,-32.640629052876584],[150.88645990475001,-32.640600955536591],[150.88626850783001,-32.640775994786587],[150.88217907376,-32.642965175259569],[150.88010604055,-32.643030368659552],[150.87491272813,-32.647060310360509],[150.87425684870999,-32.647425879054509],[150.87146728073,-32.644058981649543],[150.87162881876,-32.643898606800548],[150.87073413685999,-32.642380195835578],[150.87039924494999,-32.642231347858569],[150.87033333286999,-32.641442818763586],[150.87083906033001,-32.641522982275589],[150.87164427018001,-32.639675492148612],[150.87201305258,-32.638393256874622],[150.86996307384999,-32.6392174723156],[150.86967245079001,-32.639520867686613],[150.86924529638,-32.639579115094605],[150.86740306988,-32.639965388835599],[150.8670238007,-32.64109233363358],[150.86706029722001,-32.642524606128561],[150.86743672007,-32.64273266828657],[150.86477178493999,-32.64317294631455],[150.86310223013001,-32.64445242514855],[150.86236019405001,-32.644720479594532],[150.86174279481,-32.644600123630546],[150.85987346633999,-32.644958787588536],[150.85869111975001,-32.644938616295534],[150.85830476013001,-32.644881556835536],[150.85833183308,-32.643628287678553],[150.85842177206001,-32.643530550905552],[150.85833608024001,-32.64343167167354],[150.85835099994,-32.642740999588568],[150.85714400013001,-32.638721000307619],[150.85758092457999,-32.637276148348633],[150.85771054628,-32.637062448409637],[150.85766247923999,-32.637006451317639],[150.85782499973001,-32.636469000248653],[150.85599299936001,-32.634688999761671],[150.85135800011,-32.633834999002687],[150.84258639994999,-32.629082134077763],[150.84252865831999,-32.629003985186749],[150.84222292621001,-32.628522771925759],[150.84177627027,-32.628643110383749],[150.84143099945999,-32.628455999648772],[150.84035452377,-32.628834336484758],[150.83998052078999,-32.62881371128875],[150.83948677288001,-32.629139306230769],[150.83762099945,-32.629795000294742],[150.83257299979999,-32.63085900027373],[150.82942191743999,-32.632167945013705],[150.82908275041001,-32.632177061767699],[150.82892465841999,-32.632374493637691],[150.82616769264999,-32.633519609612691],[150.82534316818001,-32.633540188293694],[150.82490417099999,-32.633801068687681],[150.82285374068999,-32.633667285600694],[150.82248525716,-32.634114823704685],[150.82241207864001,-32.634270420608694],[150.82257415216,-32.634442021807679],[150.81979020303999,-32.634328428532676],[150.81962166990999,-32.634216416244691],[150.81904250533,-32.634297909393688],[150.81791800006999,-32.634252000476664],[150.81493299991001,-32.634798000474674],[150.81490169975999,-32.634833965152673],[150.81429502667001,-32.634739518318675],[150.81362680756999,-32.634935345347657],[150.81329555547001,-32.636101153556652],[150.81274028449999,-32.636396574693656],[150.81198083928999,-32.635899152104656],[150.81061874994001,-32.63585922017166],[150.81019575124,-32.636645096082646],[150.81059630995,-32.63737211833363],[150.81051804674999,-32.637509070085635],[150.8065148206,-32.635957803905654],[150.80633652326,-32.63574508745765],[150.80556729735,-32.635109124343671],[150.80545874277001,-32.63469108087768],[150.80546842461001,-32.634652373990683],[150.80639614193001,-32.633784651159687],[150.80682906478,-32.633085812212691],[150.80769354347001,-32.632793785054702],[150.80842285586999,-32.631866818567701],[150.80864356274,-32.631687613673719],[150.80819298655999,-32.63088403946373],[150.80887828811001,-32.629777712663731],[150.80943023353001,-32.629590065149756],[150.80961660384,-32.629044140075742],[150.80946295680999,-32.628833819786777],[150.8098421407,-32.628221651162761],[150.80939614123,-32.623767650938824],[150.80868414092001,-32.619860651083869],[150.80891853705,-32.618154416061891],[150.80923344698999,-32.618012052534901],[150.81033091719999,-32.616360960180913],[150.80939437096001,-32.614690492477941],[150.80942814049001,-32.614444651324952],[150.80923632826,-32.614408593282938],[150.80918261129,-32.614312777240954],[150.80596077131,-32.613481044335948],[150.80530888826999,-32.613243519212965],[150.80493414054001,-32.611370651625002],[150.80475134977999,-32.611146671609013],[150.80463864395,-32.610834317447001],[150.80452671071001,-32.610871412536],[150.80386913954001,-32.610065651703032],[150.80045513802,-32.608857651760033],[150.79838329174001,-32.607324465572049],[150.79839561303999,-32.607283487387058],[150.79807338929999,-32.606899514084063],[150.79763198795001,-32.606672101701058],[150.79702887286001,-32.606803030877046],[150.79305113960999,-32.606507652161056],[150.78972913881,-32.605679652329073],[150.78980313855999,-32.60248865238411],[150.79172013836001,-32.601176651911132],[150.79164299444,-32.600732423396131],[150.79203141775,-32.600229891278154],[150.79163951407,-32.598970323226162],[150.79021692735,-32.598881820022157],[150.79003966495,-32.598870791194173],[150.79003527774,-32.59887051792218],[150.78952113747999,-32.599535680988154],[150.78912413915,-32.599478651590154],[150.78746813823,-32.598139651611184],[150.78532113787,-32.596491651454208],[150.78470999159001,-32.596193086710201],[150.78471318755999,-32.596132532330216],[150.78453379777,-32.595936491767219],[150.78562913819999,-32.594214652099211],[150.78583842590999,-32.594013702189237],[150.78621924849,-32.594150508049232],[150.78725989195999,-32.593095125902252],[150.78703257786,-32.592264576881249],[150.78715013914001,-32.591892651536256],[150.78737616143999,-32.59098376643027],[150.78815650772,-32.590315834472271],[150.78919244455,-32.588933885470304],[150.78774711541999,-32.5894920417443],[150.7877611383,-32.589435651574298],[150.78697338229,-32.589790831611303],[150.78536065007,-32.590413592096283],[150.78530563871999,-32.590479295998293],[150.78487381561001,-32.590410514580284],[150.78469626261,-32.590382231979298],[150.78457903243,-32.590363558781284],[150.78460803190001,-32.590899999251292],[150.78262013880001,-32.592066651489269],[150.77923613802,-32.59247565216026],[150.77640513751999,-32.592428652672247],[150.77507813743,-32.593438651948233],[150.77244913792001,-32.592831652564243],[150.77009513786999,-32.591181652013276],[150.76794313777,-32.590908652126281],[150.76709313706999,-32.592659652093246],[150.76539374761001,-32.595147734425218],[150.76478581667001,-32.595775110642215],[150.76470717998001,-32.596759761281191],[150.76440441443,-32.59774505226418],[150.76342706425001,-32.598325082000173],[150.76289598905001,-32.599775007032143],[150.76392694549,-32.60210920067113],[150.76321803664999,-32.603182904213106],[150.76147699967001,-32.604077998309094],[150.75961500021,-32.605020999852073],[150.75950464778001,-32.606071519605081],[150.75869043846001,-32.606426658575074],[150.75702476576001,-32.60650405025806],[150.75697700049,-32.606010999456068],[150.75471600016999,-32.605332999462064],[150.75318358613001,-32.605640020527076],[150.75323872109001,-32.605427874154081],[150.75251209001999,-32.605176268464078],[150.75172672214001,-32.605019046186079],[150.75124476171999,-32.605153393083071],[150.75074899999001,-32.604882000507082],[150.74814099963999,-32.606488000252057],[150.74697099957999,-32.607686999813055],[150.74684425957,-32.607500410313044],[150.74810853099001,-32.604034862267092],[150.74473697017001,-32.603592586314107],[150.74417359213999,-32.603491224067113],[150.74412399964001,-32.603415999850114],[150.74408096337999,-32.603474558287104],[150.73059416045999,-32.601047193001136],[150.72628748316001,-32.601923684429124],[150.72326071466,-32.605686440938079],[150.71717304769001,-32.606741727968057],[150.71572024533,-32.610549078529999],[150.70886739843999,-32.611405690039994],[150.70648793632,-32.610263549089012],[150.70258561821001,-32.608550338660038],[150.69792187356001,-32.60664677289806],[150.69601830267001,-32.604362491180083],[150.69573276642001,-32.602173387519123],[150.69516169272001,-32.59865178562918],[150.69447922110999,-32.596551919443193],[150.69487615538,-32.594368755217225],[150.69335329806,-32.593131436326239],[150.69173526878001,-32.593131438359258],[150.69102551545001,-32.592935651809249],[150.68897508923999,-32.59198929733526],[150.6869763402,-32.59084715530026],[150.68545348608001,-32.589705014652296],[150.68326437895001,-32.588562873684296],[150.68021866930999,-32.587230377154334],[150.67764885259999,-32.587515914232327],[150.67574528591999,-32.589229127093297],[150.67430463600999,-32.591971109601253],[150.67355618318999,-32.592750729286259],[150.67174779384999,-32.595130193540221],[150.66946351461999,-32.595986800615208],[150.66775787473,-32.595613704849214],[150.66594191031999,-32.593797697548233],[150.66394316245999,-32.591989307896249],[150.66070709156,-32.590942345739279],[150.65490120816,-32.591037527941282],[150.65326251702999,-32.592266565362259],[150.65233139124001,-32.592750741872244],[150.65052300285001,-32.594273596526229],[150.64861943276,-32.594844669698212],[150.64671586476001,-32.593988064956228],[150.64652550599001,-32.592084495560258],[150.64614479065,-32.589705034224302],[150.64405086284,-32.587991823939305],[150.64323702911,-32.58676802597833],[150.64595840743999,-32.585533877672347],[150.64602287322001,-32.584727251718348],[150.6428023471,-32.583491820186381],[150.64024371939999,-32.581519690952398],[150.64090996809,-32.579996835322433],[150.64290871528999,-32.579711298210434],[150.64547853243999,-32.580567903867419],[150.6474532702,-32.580997193374422],[150.64918605778999,-32.580500607950427],[150.64968280427999,-32.578861112595447],[150.64964861210001,-32.578032875437451],[150.65038200586,-32.577698561616437],[150.65033263318,-32.577427012385463],[150.64976156265001,-32.576475226977472],[150.64719174299,-32.574857196114507],[150.64519299419999,-32.573334341631522],[150.64395567298001,-32.572001843919537],[150.64138585431999,-32.570764524695562],[150.63995817673,-32.569717561541559],[150.63929192609999,-32.567623636389605],[150.63824496242,-32.566005602337626],[150.63634139289999,-32.563911677131664],[150.63386675091999,-32.562008108409692],[150.63224871694999,-32.560770791723698],[150.63177282352001,-32.558772044938721],[150.63139210879001,-32.556963652983754],[150.62958371829001,-32.556487761582765],[150.62768014834,-32.554869728980769],[150.62663318392001,-32.553442052659783],[150.62568139785,-32.551824019763828],[150.62434889971999,-32.551157771503831],[150.62120801195999,-32.55268062808782],[150.61978033682999,-32.553442057055797],[150.61806712567,-32.553251700942795],[150.61635391297,-32.552680631326801],[150.61378409631999,-32.552014382607815],[150.61149981359,-32.55268063427782],[150.60940588875999,-32.554393846959783],[150.60762623164999,-32.555105711625785],[150.60660399878,-32.556042075949762],[150.60649620552999,-32.556060218950762],[150.60661544619001,-32.555608369873767],[150.60623056356999,-32.555779980736773],[150.60580385818,-32.556016637803765],[150.60009252972,-32.558128756850735],[150.59983771879001,-32.557947991347739],[150.59769894326001,-32.558581704334721],[150.59627126756999,-32.559152774250713],[150.59455805502,-32.556773313105751],[150.59303519733999,-32.555155284188778],[150.59122680662,-32.554393858551798],[150.58960877134999,-32.553251716973797],[150.58751484570001,-32.552775822698806],[150.58519049032,-32.552535374327803],[150.58466669679001,-32.553124642449788],[150.58475467312999,-32.555060109029768],[150.58475467634,-32.55772510563672],[150.58389807198,-32.559247961852705],[150.58351735766001,-32.5602949242707],[150.58361253723999,-32.561627421847682],[150.58399325094999,-32.562579207655659],[150.58180414679001,-32.56219849417667],[150.57990057737999,-32.561056354852681],[150.57820841883,-32.560671774729698],[150.57506343672,-32.562430322444662],[150.57447540801999,-32.563055104582659],[150.57200076979001,-32.56476831719165],[150.57170861942001,-32.564846973443636],[150.56958519222999,-32.566564870752629],[150.56971164273,-32.565384622044625],[150.56952613171001,-32.565434567501619],[150.56933577684001,-32.5672429580436],[150.56924059956,-32.568194743780587],[150.56828881739,-32.569527240890579],[150.56600453342,-32.569907956971562],[150.56419614359999,-32.569241707682579],[150.56219739605999,-32.568385103260589],[150.56029382649001,-32.568004391640592],[150.55819990179,-32.568860999816593],[150.55639151116,-32.569241714096592],[150.55353615742999,-32.567623683133604],[150.55058562367,-32.566196008128628],[150.54811098403999,-32.56533940147763],[150.54344724036,-32.566005653718612],[150.54211474414001,-32.564863513209644],[150.54211473976,-32.562293694942689],[150.542876167,-32.560580481883704],[150.54373277190001,-32.559057626035724],[150.54259062941,-32.558105843110731],[150.54144848838001,-32.556392629980756],[150.54068705694999,-32.553917991750787],[150.54021116477,-32.552775849644803],[150.53964009257999,-32.551824066504814],[150.53935455820999,-32.550681924249837],[150.53935455631,-32.548778356405862],[150.53830759229001,-32.547350678288865],[150.53707027179999,-32.547255501954865],[150.53573777496001,-32.547731394116866],[150.53421491922001,-32.549349429348858],[150.53394965461001,-32.55036667420984],[150.53370259609,-32.551314078608826],[150.53318695387,-32.551270821931816],[150.53262319741,-32.550880733633832],[150.53178219903,-32.550411534297837],[150.53142030929001,-32.549928607644844],[150.53098468991001,-32.55017322142583],[150.53065520256001,-32.550501847276827],[150.52983851178999,-32.550641299344832],[150.52975898201001,-32.551223920081824],[150.5302235341,-32.551703912145811],[150.52986907146999,-32.552265389269813],[150.52936546737001,-32.553382458453797],[150.52856031337001,-32.553811743478789],[150.52763976381999,-32.553925134627782],[150.52636427051999,-32.553729484373797],[150.52547794247999,-32.553841882903804],[150.52279351032999,-32.552490324203816],[150.52127065614999,-32.551633718897818],[150.52098511887999,-32.550586756477841],[150.52269832900001,-32.547445865794884],[150.52336457637,-32.546113367157886],[150.52450671657999,-32.543924263198917],[150.52469707236,-32.543067656171921],[150.52469707115,-32.542211049341958],[150.52403082162999,-32.540117122857978],[150.52345974976001,-32.538784627072985],[150.52198153139,-32.53820619303302],[150.52002580932,-32.538488807186994],[150.52003332743999,-32.538879804977],[150.51755869015,-32.539831591863987],[150.51622619086001,-32.540307484810981],[150.51384672793,-32.540688199227972],[150.51203833929,-32.540878556575962],[150.51013476852,-32.540688202135982],[150.50918298664999,-32.540117131139979],[150.50880227082001,-32.539546060637988],[150.50870709188999,-32.538594277577999],[150.50889744777001,-32.537642491158017],[150.50965887549,-32.537261777790015],[150.50975405264001,-32.53630999352503],[150.50937333949,-32.536024458141036],[150.50870708786999,-32.535548566066069],[150.50727941311999,-32.53545338801505],[150.50404334714,-32.534787141642056],[150.50252048983,-32.53469196407405],[150.50147352718,-32.534691964516057],[150.49956995828001,-32.534596786376063],[150.4986181756,-32.534406429563056],[150.4978567455,-32.533645003324068],[150.49804710219999,-32.53278839725607],[150.4985229932,-32.531646255954094],[150.49804710171,-32.531170363118115],[150.49690496077,-32.5313607212411],[150.49595317667001,-32.531836613695106],[150.49423996487999,-32.532598041395083],[150.49338335890999,-32.533169112636074],[150.49195568338001,-32.533454649033075],[150.49024246934999,-32.53354982943106],[150.4891003308,-32.533930542662063],[150.48795818776,-32.533930543790071],[150.48700640363001,-32.533549830334067],[150.48595944075001,-32.533073940084087],[150.48396069263001,-32.53221733289309],[150.48281855318001,-32.531931798109106],[150.48177158825001,-32.531455905951091],[150.48102426194001,-32.531082241108102],[150.48045668583001,-32.531367167197097],[150.47922600942999,-32.531461522908103],[150.4791065933,-32.531551085779093],[150.47767891839001,-32.532312514884097],[150.47596570694,-32.533169121079069],[150.47453802793001,-32.533549837042074],[150.47463320814001,-32.533835371409083],[150.47539463574,-32.534501619820041],[150.47596570854,-32.535072690016044],[150.47634642209999,-32.535929297325048],[150.47634642003001,-32.537547328868015],[150.47570136177001,-32.538093149750999],[150.47569631003,-32.538546517515009],[150.47507360969001,-32.538754021572004],[150.47491874596,-32.53945090003598],[150.47520428266,-32.541544826372963],[150.47520428545999,-32.543733930329935],[150.47272964813001,-32.545161608839912],[150.47120679201001,-32.544971253026915],[150.46996947284001,-32.543924290773937],[150.46911286485999,-32.541830364079949],[150.46871331386001,-32.541490754169956],[150.46959602570999,-32.541805202891943],[150.47026519745,-32.541705784538962],[150.47126722164001,-32.539242365437985],[150.47024762432,-32.53664130682602],[150.46786608804999,-32.536014402349032],[150.46693814851,-32.536539638970027],[150.46603372956,-32.536565071929033],[150.46454638114,-32.536899948408028],[150.46436057228999,-32.538880278618997],[150.46443921009001,-32.539519489003986],[150.46549608168999,-32.540307510955977],[150.46482983460001,-32.541449651392966],[150.46499359879999,-32.542377656217937],[150.46469805405999,-32.54245452624896],[150.46521054903999,-32.543543577022938],[150.46616233541999,-32.544685718470902],[150.46739965461001,-32.545923038096895],[150.46844661692,-32.547065177730872],[150.46854179901001,-32.547731427712868],[150.46854179873,-32.549159103721856],[150.4686369785,-32.549920531882854],[150.46958876300999,-32.550872315212828],[150.47092126308999,-32.552204816258808],[150.47092126328999,-32.553251776613813],[150.46930322813,-32.554679454015783],[150.46806591036,-32.554679453791763],[150.46663823296001,-32.554679456601782],[150.46530573550001,-32.555155348593772],[150.46435395167001,-32.55591677735076],[150.46378288367001,-32.557439632012752],[150.46378288391,-32.559057667082719],[150.46302145836,-32.560866057068701],[150.46159378023,-32.560866057658693],[150.4597853903,-32.560104630612699],[150.45854807013001,-32.560104633413694],[150.45854441469001,-32.5601062316357],[150.45844103783,-32.560217344731683],[150.45846759355001,-32.560224895604705],[150.45739202899,-32.560868984425703],[150.45506372949001,-32.563505884207636],[150.45214683459,-32.567025477645615],[150.4537303985,-32.569289845134584],[150.45253917286001,-32.570099807304551],[150.45605389175,-32.57042671651557],[150.45535196883,-32.57123896010954],[150.45475236767001,-32.573761737793511],[150.45538900285001,-32.576160451844473],[150.45641558326,-32.577225039377467],[150.45217025170999,-32.577884557042459],[150.45070730776001,-32.579793337363419],[150.45047220775999,-32.581876145839402],[150.45087782681,-32.58413767385737],[150.45035427642,-32.584379423169359],[150.45009348779001,-32.584881111669347],[150.45064495333,-32.585309826458356],[150.45062722173,-32.58593573966035],[150.45057428803,-32.586560938513351],[150.45048867990999,-32.587096007097323],[150.45068387396,-32.58766659671732],[150.45101736243001,-32.588329464488304],[150.45132746806999,-32.588574339410322],[150.45196540466,-32.588438173524317],[150.4522856362,-32.588325380790316],[150.45305848779,-32.588400703328311],[150.45329059529999,-32.588912395536312],[150.45373394549,-32.589428371160288],[150.45425361689999,-32.589737134872301],[150.45420238879001,-32.590302723999287],[150.45439845510001,-32.590843506748278],[150.45487871655999,-32.591300579918268],[150.45550402700999,-32.591611479734262],[150.45602203089001,-32.591979846433262],[150.45649742289999,-32.591363203566267],[150.45693170814999,-32.590954482123273],[150.45764511934999,-32.590640878295268],[150.45879434125001,-32.591111480894263],[150.45967368983,-32.591159096471273],[150.46014484816999,-32.590691467302285],[150.46036791001001,-32.590667519388283],[150.46153913948999,-32.592438137697243],[150.46284899360001,-32.594996243153211],[150.46482519334,-32.595729209797206],[150.46454299256001,-32.597170693204205],[150.46302893719999,-32.597428237201193],[150.46095692279999,-32.596411219717204],[150.45965531223999,-32.59471804893122],[150.45946409285,-32.594780803011218],[150.45541515856999,-32.594616812731232],[150.45145260140001,-32.595764300949213],[150.4521396426,-32.594285445969241],[150.45110341957999,-32.592661153692234],[150.44990447188999,-32.59200695839327],[150.44795153387,-32.591419786938268],[150.44751394344999,-32.590632173590272],[150.44770857514001,-32.589980034088292],[150.44824682263999,-32.589633103360292],[150.44894588941,-32.589826241133295],[150.44963735629,-32.590287626436293],[150.45029108719999,-32.590837708462274],[150.45056345799,-32.59117128702826],[150.45140421702999,-32.591337467905269],[150.45214610504999,-32.591263055812256],[150.45244210851001,-32.59076207771426],[150.45281442963,-32.590053888280295],[150.45226293086,-32.589625184060289],[150.45104419821001,-32.589123290046288],[150.44972323914001,-32.588500017647313],[150.44848594750999,-32.588653818311315],[150.44766014172001,-32.589203664808316],[150.44694586438001,-32.589547013028302],[150.44502016621001,-32.590372699932281],[150.44437463367001,-32.590724651985276],[150.44276829264001,-32.590831161909286],[150.44267408191999,-32.590799044812286],[150.44287000396,-32.590418397691273],[150.44279148507999,-32.589462479540295],[150.44292250983,-32.58857047279632],[150.4432227874,-32.587920490929321],[150.44404691442,-32.587430287861331],[150.44490792668,-32.586881181617336],[150.44524423796,-32.586202107318343],[150.44515892493001,-32.585484630613351],[150.44482887501999,-32.584702530191365],[150.44413070497001,-32.584479564600372],[150.44358361254999,-32.584578146521366],[150.44363187865,-32.584477379531371],[150.44311934078999,-32.583273171252394],[150.44334376681999,-32.582514294481392],[150.44315881675999,-32.57993907175743],[150.44316485307999,-32.579007096796438],[150.44280429055999,-32.578443742056457],[150.44253482747001,-32.578388393779449],[150.44310638371999,-32.578296804032441],[150.44451616425999,-32.578265853238449],[150.44509462247001,-32.57774081637745],[150.44520730958001,-32.576251981251481],[150.44506549168,-32.575617604401486],[150.45011423461,-32.573034772198525],[150.44943651737,-32.572077707334536],[150.44885071332001,-32.570947937974552],[150.44859637435999,-32.569294737083574],[150.44738874979001,-32.567282077303595],[150.44749225979999,-32.567229209790604],[150.44725510283001,-32.567059332936608],[150.44630732429999,-32.565479655671624],[150.44415168367999,-32.564209392703653],[150.44304513182999,-32.562605731328667],[150.44234189630001,-32.560086317699721],[150.44092635090001,-32.557850620482732],[150.43977717371001,-32.556157146884772],[150.43918773644,-32.554594358383781],[150.43937762670001,-32.552868518072806],[150.43940776287999,-32.551807783051814],[150.44020318458001,-32.550155748908828],[150.44102978408,-32.548947641299854],[150.44293732352,-32.547866699560871],[150.44395467761001,-32.546149912729902],[150.44433618492999,-32.544433126780909],[150.44430531531,-32.544247913670908],[150.44478934335999,-32.544008992394922],[150.44529422946999,-32.543460602491933],[150.4455895385,-32.54279982521993],[150.44583874353,-32.54226425939396],[150.44581050260999,-32.541759095926949],[150.44556401921,-32.541447724761959],[150.44595632279001,-32.540954745129973],[150.44610685584999,-32.537956569432005],[150.44672238016,-32.535552652141043],[150.44957176534999,-32.533743838671057],[150.44974090028001,-32.53271023121809],[150.45057169037,-32.531778937274112],[150.45136350979001,-32.529750546834116],[150.4511123154,-32.528738042198142],[150.45038243888001,-32.528575090807131],[150.44974654750001,-32.528799227697142],[150.44920987368999,-32.52798833591914],[150.45145135594001,-32.526641207856166],[150.45222821707,-32.523901392418217],[150.44987649625,-32.522964813266228],[150.45098346367999,-32.522157631340221],[150.45146963112001,-32.521041560857235],[150.45134612563001,-32.520723973311242],[150.44858201650999,-32.521117728042235],[150.44721419167999,-32.521506461153244],[150.44644381865001,-32.522323822716224],[150.44611306153999,-32.524283000474206],[150.44586967612,-32.52454461701619],[150.44512787545,-32.52504600629419],[150.44299897677999,-32.525919025888172],[150.44171468672999,-32.52682586021416],[150.43939437117001,-32.527511658344153],[150.43708537379999,-32.527797801063151],[150.43467548973001,-32.527482076932159],[150.43391395193001,-32.527982995066132],[150.43378797473,-32.528263644630123],[150.43433071921999,-32.529924071075122],[150.43379056790999,-32.530246245456119],[150.43303611179999,-32.530497399960112],[150.43268350037999,-32.53113993990911],[150.43155153750001,-32.532216374900095],[150.43123015615001,-32.533142769164087],[150.4313276956,-32.533861144253059],[150.43128764807,-32.534576707504058],[150.43102901518,-32.535371104331034],[150.43080541962999,-32.536316154355028],[150.43001673718001,-32.537766109849017],[150.42927398448001,-32.538983762003994],[150.42893859310999,-32.539709941114992],[150.42837765517001,-32.541447764458958],[150.42735907759001,-32.541063147451965],[150.42608738302999,-32.540999562504958],[150.42526078088,-32.541571827562962],[150.4248156896,-32.543097859357935],[150.42386191988999,-32.543670121498941],[150.42074627149,-32.544115216135928],[150.41864797768,-32.544051631753909],[150.41731269800999,-32.543606539093922],[150.41565949667,-32.542907108510946],[150.41438780253,-32.541889753651944],[150.41337044656001,-32.540554476267971],[150.41197158464001,-32.539727876343981],[150.41012762714999,-32.538964862587996],[150.40834725597,-32.538138263233996],[150.40720273021,-32.536993739435026],[150.40593103712001,-32.535912799245047],[150.40427783478,-32.534959031061035],[150.40319689582,-32.535022616805037],[150.40237029506,-32.535849217861035],[150.40237029404,-32.536675817722035],[150.40256104938001,-32.537820342921016],[150.40326048124999,-32.539537129653972],[150.40262463523999,-32.54036373043197],[150.40173445190999,-32.540618068315979],[150.40065351084999,-32.541253916503969],[150.39957257255,-32.542271273263957],[150.39900031127999,-32.542652780220948],[150.39817371229,-32.543225041048942],[150.39753786426999,-32.54258919646994],[150.39601183082999,-32.541253919341976],[150.39467655218999,-32.540681657975966],[150.39321410394001,-32.540554489508956],[150.39200599527001,-32.540490905220977],[150.39137014917,-32.540172982521966],[150.39060713315999,-32.539219212030986],[150.39016203857,-32.537375257020024],[150.38958977639999,-32.53654865586202],[150.38825449616999,-32.535722055614031],[150.38681334514999,-32.53534842245304],[150.38645839489001,-32.535460219343037],[150.38455090043001,-32.537138292238041],[150.38401139467001,-32.537929258177016],[150.38418508167001,-32.538519783344],[150.38437583357,-32.539346385137002],[150.38488451196,-32.540236569967973],[150.38539319138999,-32.540999584962961],[150.38583828429,-32.542398449829946],[150.3855203622,-32.543860896964915],[150.38469376248,-32.544560328766913],[150.38323131508,-32.544623914987909],[150.38100584989999,-32.544369576979932],[150.37947981920999,-32.54443315981591],[150.37858963462,-32.545005425272912],[150.37763586343999,-32.546213533389889],[150.37655492600001,-32.547866735715857],[150.37521965074001,-32.550346539520831],[150.37350286588,-32.551427480927806],[150.37317898692001,-32.551462814031822],[150.37277054470999,-32.552252225796813],[150.37174177503999,-32.552755575831796],[150.37093543163999,-32.553358998849795],[150.37100352272,-32.554887305616781],[150.37121205099001,-32.555464249617756],[150.37146715347001,-32.556376172816748],[150.37201352990999,-32.556960183220745],[150.37278236325,-32.557644275275742],[150.37367772108999,-32.557853856555731],[150.37401139675001,-32.558003977210738],[150.3742143934,-32.558771661556719],[150.37431172450999,-32.559298560883725],[150.37446536198999,-32.559826637883702],[150.37478515205001,-32.560453617572698],[150.37550606043999,-32.560850400711693],[150.37662530950001,-32.561112354160684],[150.37783775672,-32.562044255537678],[150.37748997745001,-32.562191718264671],[150.37802770555999,-32.562445516367681],[150.37842439765001,-32.564262150020632],[150.3784814606,-32.564523454975642],[150.37850500851999,-32.564631286667634],[150.38023819701999,-32.56563846512563],[150.38423123858001,-32.571405603013531],[150.38427539539001,-32.57334840783053],[150.38029650941999,-32.582075116470399],[150.38202383416001,-32.583141783468378],[150.38239109192,-32.584466373340355],[150.38219534715,-32.588871163135316],[150.39314231722,-32.591777506083254],[150.39240168506001,-32.594789616512223],[150.39014842328001,-32.594742796755227],[150.38867958776001,-32.596799791560208],[150.38832178627999,-32.599416676972169],[150.38572204294999,-32.604014779491109],[150.38590670743,-32.607358673972051],[150.38647427614001,-32.607340019728056],[150.38638304301,-32.60761950386204],[150.38691883959001,-32.608095878582041],[150.38732192117001,-32.608277081991034],[150.38726426458001,-32.608681040454044],[150.38670127603001,-32.610405692624013],[150.38596408948999,-32.61152357457199],[150.38410350143999,-32.612498754222976],[150.38369966997001,-32.613056951212968],[150.38378796897999,-32.613655229409964],[150.38332324288999,-32.61388411523896],[150.38261114791001,-32.614137663118953],[150.38186209675001,-32.614450081283969],[150.3814160842,-32.615245964113953],[150.38115945653999,-32.615761137054939],[150.38049349318001,-32.615969504441935],[150.37984816746001,-32.616811461287902],[150.37928880043,-32.61768689382891],[150.37873216245001,-32.618633926167902],[150.37796399605,-32.619586747692885],[150.37752739913,-32.620351297369872],[150.37713993841999,-32.621293688620852],[150.37664333842,-32.622704959893845],[150.37671521453001,-32.62307053039283],[150.37664114360001,-32.623030538890831],[150.37519935731001,-32.624133616915827],[150.37177134619,-32.625672239715811],[150.37038071116999,-32.627432405003781],[150.373046652,-32.632677205538705],[150.37823595975999,-32.636006480046653],[150.38293674381001,-32.636760695653649],[150.38485789665,-32.636144673202644],[150.38691644766001,-32.635650771063666],[150.38872438273,-32.634078032299698],[150.38938581756,-32.633296129460696],[150.38958962991001,-32.633424017286693],[150.39004742115,-32.633189263589692],[150.39023144807001,-32.633233202501685],[150.39072975073,-32.633064634912699],[150.39073118805001,-32.633015126261689],[150.39150875525999,-32.632904117382701],[150.39198736906999,-32.63344864114368],[150.39239965681,-32.633815070390696],[150.39310324300001,-32.633859513777693],[150.39472347877,-32.633893164038696],[150.39563322046001,-32.634120802026679],[150.39609351131,-32.635263586123671],[150.39646282664,-32.635897506871643],[150.39735636397,-32.635468716771662],[150.39846382298001,-32.634954890614665],[150.39958923761,-32.635037862161674],[150.40055751537,-32.635109240695677],[150.40136429301,-32.635673168849664],[150.40171820616999,-32.635850266127662],[150.40186885198,-32.636427335463651],[150.40256270677,-32.636885512980641],[150.40365079060999,-32.637332991034647],[150.40366919018999,-32.63733115206464],[150.40443254182,-32.638705959820619],[150.40471263717001,-32.638858278639617],[150.40471135128001,-32.638874469480598],[150.40479351783,-32.639541186700619],[150.40507743616999,-32.639581138166591],[150.40569617085001,-32.639516281038595],[150.40581909965999,-32.639459965782613],[150.40633737338999,-32.639741792810618],[150.40691791501001,-32.639670833539618],[150.40733906857,-32.639834703091601],[150.4084676702,-32.639481391971607],[150.41096276293001,-32.639176348513601],[150.41164890184999,-32.639893899008619],[150.41281699103999,-32.642580202062575],[150.41261605482001,-32.643714850842542],[150.41266119193,-32.645068094815535],[150.41327802177,-32.645494802280531],[150.41327459665001,-32.645800547219537],[150.41387043832,-32.646642926140508],[150.41442640956001,-32.646436989662526],[150.41440274710999,-32.645814988412532],[150.41440629567001,-32.645815816091527],[150.4154910975,-32.646122867153515],[150.41637429824999,-32.646248241183507],[150.41640991821001,-32.646387879296512],[150.41704530632001,-32.646752567996508],[150.41726360209,-32.646555387160518],[150.41728429187,-32.646423991966508],[150.41775093785,-32.646525273922506],[150.41805004509001,-32.646396852601519],[150.41844514645001,-32.646623618990517],[150.41940101895,-32.647242235432493],[150.42089058139999,-32.648108631704488],[150.42141790951999,-32.649041957619467],[150.42195556326001,-32.649959600456469],[150.42232816358,-32.651194703214443],[150.41847130183999,-32.651131380657453],[150.41468618415999,-32.648189875158494],[150.41326098004001,-32.64959475665848],[150.41234588784999,-32.649291678635471],[150.41164309334999,-32.650193310543457],[150.41165240178,-32.650816526963446],[150.41154984389999,-32.650855998681436],[150.41102281889999,-32.651824339177423],[150.41110269283999,-32.652442268621442],[150.41181007316001,-32.653342915041421],[150.41178347853,-32.653466716476409],[150.41091636185001,-32.653129409802432],[150.41069610062999,-32.652521350099434],[150.40957260235001,-32.651582023612448],[150.40838313994999,-32.650584069343459],[150.40702702185999,-32.650670563119455],[150.40679269543,-32.65175361930244],[150.40675798533999,-32.652955320969404],[150.40670642148001,-32.653332666206417],[150.40519650301999,-32.652931829478419],[150.40205031849001,-32.650881166247451],[150.40230332783,-32.651061052684447],[150.40219938947001,-32.651303161767444],[150.40197151063001,-32.652197048592441],[150.40039243499001,-32.651989107622448],[150.39975194697999,-32.653557411101417],[150.39948948246999,-32.653594290553414],[150.39814097511999,-32.652195386345433],[150.398147782,-32.65217951058343],[150.39812194730001,-32.652175646919446],[150.39810476804999,-32.652157825017426],[150.39943349193999,-32.651728813170429],[150.39788221820999,-32.650165965703451],[150.39738681591999,-32.650483796498456],[150.39732238737,-32.650066223384464],[150.39613476558,-32.650519978599462],[150.39616846920001,-32.649357741182477],[150.39695729136,-32.647828150959505],[150.39712740265,-32.646629266834516],[150.39676471179001,-32.645133034514522],[150.39564809385999,-32.643964703377556],[150.39419665105001,-32.642674888320549],[150.39267429953,-32.641498103349569],[150.38972672379001,-32.640463430897597],[150.38842840447001,-32.640894473873587],[150.38771880196001,-32.641344943142599],[150.38746593593001,-32.64122484656658],[150.38502450199999,-32.64140301352559],[150.38431964014001,-32.641426758255591],[150.3839211527,-32.64112691176058],[150.38316867165,-32.640968871825571],[150.38155891004001,-32.641362329080593],[150.38136106241001,-32.641578153825591],[150.38090260737999,-32.641713297163591],[150.37763140141001,-32.642937732114568],[150.37479908021001,-32.64271655463255],[150.37215556388,-32.641892856714584],[150.37179879047,-32.642770941631561],[150.37071455479,-32.642643023057559],[150.36968498218999,-32.643136757211558],[150.36797068039999,-32.643902407411552],[150.36680078015999,-32.644564946534544],[150.36576277250001,-32.645344757727514],[150.36572752101,-32.646546419450516],[150.36600862367999,-32.648499068244504],[150.36656364884001,-32.650342954277455],[150.36685149395001,-32.652066717889426],[150.36694662229999,-32.652105274602427],[150.36683431398001,-32.652311669877442],[150.36567386997001,-32.655210349431407],[150.36661349841,-32.657633654120353],[150.36665210918,-32.660499636295327],[150.36382824078001,-32.662368508525283],[150.36535040529,-32.665253788593255],[150.36844055968999,-32.666662763300231],[150.37179458217,-32.666796022818225],[150.37177295353001,-32.667080623720231],[150.37304095403999,-32.667412134377216],[150.37323767083001,-32.668029204517211],[150.37377614298001,-32.668527093901211],[150.37470792793999,-32.667989025330229],[150.37566206954,-32.668036170825225],[150.3759688705,-32.667002577032243],[150.37616113019001,-32.666505949420241],[150.37656152293999,-32.666586826766242],[150.37730955309999,-32.666445298505224],[150.37742227465,-32.666687270165241],[150.37810639449,-32.667383585537216],[150.37886642702,-32.670064017570184],[150.37920561359999,-32.671564249129176],[150.37953965136001,-32.67255674246816],[150.37894514473999,-32.672781117891162],[150.37833860652,-32.673570362129141],[150.37838627207,-32.674434973258123],[150.37916645340999,-32.67519152272012],[150.38042672189999,-32.675465392410125],[150.38127141368,-32.676631630576097],[150.3817906932,-32.678169337855081],[150.38149832793999,-32.680453525610048],[150.38121430273,-32.682451599228024],[150.37873340866,-32.684720198488975],[150.37748859205999,-32.683797896639],[150.3747083579,-32.682403710136043],[150.37189593707001,-32.680844525169036],[150.37101386276001,-32.679763455731049],[150.37086493081,-32.679769318877049],[150.37086349564001,-32.679767560720059],[150.36984116407999,-32.679807802746048],[150.36932423131,-32.680429588593057],[150.36933386843,-32.679475251913061],[150.36965183217001,-32.67918841027506],[150.37067655242001,-32.678181988757075],[150.37184756081999,-32.678096334865067],[150.37135614466999,-32.677514517374071],[150.37187373960001,-32.677006144326107],[150.37122836104999,-32.6766422808671],[150.37260186559999,-32.675485713768119],[150.37222678043,-32.674540278538132],[150.37038430848,-32.673634904347146],[150.36817774519,-32.675033067797116],[150.36700523261999,-32.676880837782093],[150.36752931818,-32.677644007211079],[150.36666132622,-32.679178867386064],[150.36644593179,-32.679204985704068],[150.36531725774,-32.679638763792056],[150.36496927473999,-32.680535736401048],[150.3650918317,-32.681258687484025],[150.36582321554999,-32.681839147163032],[150.36543574204001,-32.682427450582018],[150.36576264905,-32.683610258734006],[150.36679497584001,-32.683582116643009],[150.36852920347999,-32.684042929953002],[150.36793888643001,-32.684941032621978],[150.36806291663001,-32.685757109237969],[150.36762094971999,-32.685868153829972],[150.36709073950999,-32.686535568857956],[150.36750279576,-32.687407829266952],[150.36843060048,-32.688105858918931],[150.36988320220999,-32.688321400945952],[150.36994374760999,-32.688303968014942],[150.37003358394,-32.688317297148934],[150.37030946844999,-32.688237858410936],[150.37042639373001,-32.688619511978935],[150.36837678097999,-32.689244502040935],[150.36798243881,-32.6911447873049],[150.36786125474001,-32.691428528334896],[150.36614430400999,-32.692251320690886],[150.36499124573001,-32.693085940387881],[150.36425003892001,-32.695265206205846],[150.36288537409999,-32.695618215768839],[150.36150947165001,-32.69635268862082],[150.35923364793999,-32.697907527667802],[150.35744455309001,-32.697691216010817],[150.35691154865,-32.696630271261824],[150.35660975509001,-32.695383347266848],[150.35723836058,-32.693201758766868],[150.35814308891,-32.689308280845921],[150.35774045330999,-32.686608530899967],[150.35889034899,-32.685245473001991],[150.35812842892,-32.683872324814999],[150.3557591867,-32.682588654334019],[150.35560919362999,-32.682592946581011],[150.35560881405999,-32.682592740754025],[150.35436776117001,-32.682628244330004],[150.35275859411999,-32.682779336127005],[150.35164147757001,-32.683557662841004],[150.35124603627,-32.684597969956002],[150.35122053983,-32.685461034440962],[150.35140281049999,-32.686698604425956],[150.35146290477999,-32.686705169524956],[150.35092713717,-32.687827275859952],[150.35086795504,-32.689830009044918],[150.34821763143,-32.691682523948892],[150.34585703272001,-32.692321310846879],[150.34578300382,-32.691877466225883],[150.34552060121001,-32.690884939379906],[150.34428126321001,-32.690858689445903],[150.34340644175001,-32.690840153074902],[150.34282322447001,-32.690827792137902],[150.34282229428999,-32.690835030868904],[150.34267283584001,-32.690831862846899],[150.3425780037,-32.691570079110889],[150.34276930009,-32.692499421066877],[150.34158639208999,-32.693029510984879],[150.33942760901999,-32.693970427876863],[150.33900935886999,-32.693918955375871],[150.33866560608001,-32.69387664905085],[150.33864125961,-32.693896228190859],[150.33851521342999,-32.69388071466286],[150.33731063567001,-32.694849371209841],[150.33727625053999,-32.696006698898834],[150.33634114429,-32.696392944755829],[150.33630441811999,-32.696577148759822],[150.33630361578,-32.696581166140831],[150.33595052689,-32.696675791585818],[150.33556979351999,-32.697144836820797],[150.33557130852,-32.697393086772827],[150.3335673787,-32.696378737411834],[150.33312415416,-32.693619257794879],[150.33213806840001,-32.691447829439902],[150.33154115024999,-32.690603830752906],[150.33168050309001,-32.68830646402494],[150.33041343731,-32.687671674776944],[150.32881490552001,-32.687236940859954],[150.32738323618,-32.688231192954937],[150.32635278198001,-32.687876686761953],[150.32479739326999,-32.688587542133945],[150.32381725298001,-32.689569589213917],[150.32127962444,-32.688204365911957],[150.32129916760999,-32.685719107298972],[150.31961817275001,-32.683088446246018],[150.31843546178999,-32.681686737038035],[150.31748572864001,-32.680469890125053],[150.31631383844999,-32.679354573775065],[150.31844790516999,-32.679010540340066],[150.32103707927001,-32.678749795916076],[150.32189266508999,-32.676484490736122],[150.32396998787999,-32.675612747767111],[150.33205775243999,-32.674343523288137],[150.33673373335,-32.672497039582154],[150.33756509830999,-32.671040325586176],[150.33775447600999,-32.67147413984717],[150.33933872349999,-32.670341838627188],[150.34058865391,-32.669333241408196],[150.34148693736,-32.667990106988228],[150.34155953717001,-32.666325272005238],[150.34204929337,-32.664935850439257],[150.34354830488999,-32.663347074682285],[150.34269766542999,-32.661889750676302],[150.34306785237001,-32.661857285156302],[150.34351980522001,-32.661211807827314],[150.34356067293001,-32.66106322369032],[150.34520052728999,-32.660435299177308],[150.34432629871,-32.659622485830326],[150.34440845204,-32.659518294986313],[150.34549400489001,-32.659431317561342],[150.34648543041001,-32.658656071661326],[150.34651053389999,-32.658588535427349],[150.34791176549999,-32.658641590973346],[150.34692997059,-32.657290574831364],[150.34700140334999,-32.656109135292375],[150.34801239494001,-32.65585145137738],[150.34845119976001,-32.65486090717738],[150.34865772576001,-32.653128294510424],[150.34864626864999,-32.651755491702431],[150.35050996612,-32.651249808684454],[150.35131105834,-32.650033468422457],[150.35142437875001,-32.648369886785488],[150.35145454261001,-32.647927069555486],[150.35343141848,-32.645439540906509],[150.35459073346999,-32.642854754211555],[150.35463197832999,-32.64276891391755],[150.35685149327,-32.641753308847576],[150.35788950876,-32.640117234563611],[150.35916587058,-32.639490139746613],[150.35875045134,-32.636455015515651],[150.35792580263001,-32.633177153535698],[150.35612789619,-32.630602745578727],[150.35377561831999,-32.629228102296764],[150.35174875461999,-32.628521560995758],[150.35103895787,-32.62805843574376],[150.35030239963001,-32.626531121792802],[150.34981881659999,-32.625195753459785],[150.35022490188001,-32.623909679546827],[150.35135790217001,-32.622230725099847],[150.35259927412,-32.622125929025849],[150.35389460015,-32.620188391869874],[150.35299732363001,-32.619121547334878],[150.35120186128,-32.618272789565907],[150.35125441561999,-32.618163390026908],[150.35262606168999,-32.615307992968944],[150.35400554143999,-32.612976886828982],[150.35416616585999,-32.612807573607981],[150.35417713798,-32.612803483043983],[150.35617361568001,-32.612010550114988],[150.35779655288999,-32.609539714284033],[150.35799511639999,-32.608932079296011],[150.35868178123999,-32.608262444896042],[150.35871397866001,-32.606732198475065],[150.35888052337,-32.606222512110065],[150.35892954044999,-32.604553535058109],[150.36035543832,-32.603987094312103],[150.36154002913,-32.60377729857111],[150.36304095211,-32.604129861695093],[150.36469643198001,-32.603129046851116],[150.36599170846,-32.601564631328131],[150.36679216991999,-32.598866894434174],[150.36801459866999,-32.595393088084215],[150.36896046403999,-32.593551474109233],[150.37055743796,-32.591023088401279],[150.37093207683,-32.589005926435313],[150.37131397829,-32.587179702271335],[150.37145577691001,-32.584977765347347],[150.37236868757,-32.582276914123398],[150.37230678314,-32.580653953833426],[150.37200844974001,-32.578750754121444],[150.37272126104,-32.576724343976473],[150.37262658405001,-32.574242169463503],[150.37265234629001,-32.572288490657527],[150.37270683944999,-32.571919397309536],[150.37264184642001,-32.571683268290535],[150.37257911353001,-32.570038488633564],[150.37189402636,-32.568966241642592],[150.37181524136,-32.568679983906577],[150.37158237586999,-32.567005088427614],[150.36935321202,-32.564587627648628],[150.36872034628999,-32.563549785848657],[150.36722569612999,-32.562826068352678],[150.36560380082,-32.561723533220686],[150.36476381156999,-32.56040851024671],[150.36447576662999,-32.559886443264716],[150.36454924761,-32.5599279313087],[150.36476381372,-32.559635372824701],[150.36460473659,-32.559161874775711],[150.36411382989999,-32.558864673505724],[150.363966275,-32.558752737461717],[150.36393927923999,-32.558614104444722],[150.36242920807999,-32.557270247793745],[150.36061670219999,-32.556635747052738],[150.35975381428,-32.556913746821756],[150.35898665093001,-32.556830289326754],[150.35837842840999,-32.557157448252745],[150.35788112117999,-32.557433802739737],[150.35775904502,-32.557556377761749],[150.35748839818001,-32.557643565663739],[150.35715803625001,-32.558060009982725],[150.35622916577,-32.558538615235726],[150.35413798081001,-32.559933454982705],[150.35199245139,-32.559896230173706],[150.35023999091001,-32.55831921246272],[150.34924053290999,-32.555766055588769],[150.35075359935999,-32.554004742309779],[150.35215750792,-32.552341944240801],[150.35176507221999,-32.550919105292841],[150.35024545919001,-32.549526902941835],[150.34872227789,-32.548039206978871],[150.34502427846999,-32.548712988572859],[150.34165715948001,-32.54918655846685],[150.33877692427001,-32.550602519080833],[150.33605252917999,-32.55316099297481],[150.33586904942001,-32.553764872031799],[150.31997460234001,-32.563761039089655],[150.31013173741999,-32.56808984955159],[150.30951541152999,-32.568076649204599],[150.30904235554999,-32.567859681231596],[150.30861103318,-32.567661855633609],[150.30754277667,-32.56625702282161],[150.30670360632001,-32.564941606726634],[150.30613906215001,-32.564705754313643],[150.30609325238001,-32.564410765478641],[150.30544666599999,-32.563606648911659],[150.30458789948,-32.564226446204657],[150.30457228527001,-32.564251686893641],[150.30273274206999,-32.564379055035637],[150.30007330778,-32.565692604475629],[150.29885552908999,-32.567117983321616],[150.29837315751001,-32.566412700590611],[150.29690564156999,-32.567253504536602],[150.29396033762001,-32.567762649663614],[150.29145747314999,-32.567833267114601],[150.28692456217999,-32.569099476968582],[150.28600223134001,-32.570072048652563],[150.28636650931,-32.572942735521536],[150.28220798877001,-32.572566533640519],[150.28102738327999,-32.571448454499546],[150.27776869597,-32.570623962938562],[150.27709872915,-32.570325602297544],[150.27733320799999,-32.570058577826572],[150.27835545031999,-32.569794453209575],[150.27971986835001,-32.569394590614579],[150.28045942535999,-32.568694903238587],[150.28100076691001,-32.567561501237591],[150.28089507677001,-32.566882450690606],[150.28148504225999,-32.565944024779611],[150.28294181602999,-32.565856381888629],[150.28514431477001,-32.565689294237643],[150.28701542204001,-32.565300300986628],[150.29020993628001,-32.565870251195626],[150.29377244029001,-32.56544606329463],[150.29367619857001,-32.564145261594646],[150.29378309249,-32.564159794596641],[150.29468528664,-32.562931569024656],[150.29356673820999,-32.561986683637684],[150.29372912817999,-32.560892901126707],[150.29375969464999,-32.560859768227687],[150.29485403596999,-32.560387849640705],[150.29499470422999,-32.560171731535696],[150.29590858488001,-32.561236041738681],[150.29713680664,-32.561489905231696],[150.29820198119,-32.561002705380687],[150.29819443331999,-32.560800318790697],[150.30663177803001,-32.560327628105711],[150.31382233664999,-32.557260894725744],[150.31872364667001,-32.554431177787791],[150.31634689324,-32.551947007561822],[150.31470261171,-32.550408880648831],[150.31195414899,-32.54906182881686],[150.31009414184999,-32.549093590252866],[150.30677499334999,-32.54988133968083],[150.30496306104999,-32.551130763994834],[150.30154649977999,-32.552345703624809],[150.29848586858,-32.553197971026798],[150.29782461338999,-32.5526986048338],[150.29567243593999,-32.551265328041815],[150.29406352264999,-32.54987483704685],[150.29255428031999,-32.549341756007856],[150.28986176665001,-32.549757662581847],[150.28759206071001,-32.550620949427831],[150.28743667034999,-32.550645148102838],[150.28559471593999,-32.550740809430827],[150.28513108530001,-32.551004176435832],[150.28314951529001,-32.551312711245814],[150.27957127472999,-32.55157995393882],[150.27680251171,-32.551768243428818],[150.27454300144001,-32.55108286430584],[150.27310684970999,-32.550228809721837],[150.27309263346001,-32.549924190372849],[150.26926003623001,-32.548246225411859],[150.2670478199,-32.546694634715884],[150.26705937173,-32.546313562842897],[150.26651216559,-32.545515176611893],[150.26569045444,-32.544347824569918],[150.26484491634,-32.543966432119937],[150.26311412032999,-32.543815674021921],[150.26313883088,-32.543740250222932],[150.26283999636999,-32.543537770115947],[150.26241284135,-32.542790201751956],[150.26305883268,-32.541628595054959],[150.26411497778,-32.53977613954499],[150.26684199165001,-32.536992046756019],[150.26773133380999,-32.536403427171024],[150.26785953372001,-32.536409187573021],[150.27082241075999,-32.535263593669043],[150.27300013326001,-32.534100894446055],[150.27519606966999,-32.532333562394086],[150.27652271866,-32.530970843880112],[150.27627375888,-32.529755468789112],[150.27522881153001,-32.528885834644129],[150.27381974634,-32.528250288527154],[150.27218928863999,-32.527851919017152],[150.27187312245999,-32.52758564784515],[150.27162469877001,-32.527045378839155],[150.27088059297,-32.526381826738167],[150.27064482315001,-32.524611950364196],[150.26945360632999,-32.523860091511203],[150.2680355059,-32.523526782422209],[150.26568054971,-32.523475574892217],[150.26402821908999,-32.523802609534208],[150.26296277922,-32.524104823731193],[150.26224599266001,-32.524080772405185],[150.26000038282999,-32.524122382309194],[150.25961478388001,-32.523343471251209],[150.25959818793999,-32.5233116992272],[150.25987709200999,-32.522693364941212],[150.25979639143,-32.52164191105522],[150.25947030091999,-32.521253095464253],[150.25859735553999,-32.520327503639251],[150.25771428256999,-32.519735682079258],[150.25713278623999,-32.519564834766257],[150.25703721932999,-32.518870852509281],[150.25702726311999,-32.518810728769282],[150.25765679489999,-32.517921318675278],[150.25872751150999,-32.517896960961295],[150.25959049791001,-32.517295502951292],[150.25960497853001,-32.5168186847553],[150.25924579682999,-32.515665732399327],[150.25858207300001,-32.515269553251315],[150.25785048792,-32.515253597202324],[150.25642185565999,-32.515938125516307],[150.2550726808,-32.515860958439312],[150.25338005137999,-32.515967127339309],[150.25181594345,-32.515551236202313],[150.25002093872999,-32.515321127306322],[150.24817403163999,-32.514946717882346],[150.24597203178999,-32.515137060391339],[150.24379863355,-32.516234542845304],[150.24260755604001,-32.518355511695276],[150.24227114463,-32.521488258716246],[150.24180039353999,-32.522106833847218],[150.24119808858001,-32.523122084540198],[150.24052255805,-32.524196223610204],[150.24022046712,-32.524734072540177],[150.23984516077999,-32.525330812722196],[150.23884053991,-32.525490242235179],[150.23863015534999,-32.525364623637188],[150.23828815316,-32.524873124229188],[150.23754575241,-32.523465352098214],[150.23684140717,-32.52314737887022],[150.23578026515,-32.522821555345203],[150.23515840805001,-32.522142398882231],[150.23399163733001,-32.520604277752255],[150.23329103284999,-32.520165373822252],[150.23180921828001,-32.519588264368274],[150.23110492327001,-32.519270261952258],[150.23084547182,-32.51841757297229],[150.22951569358,-32.517541300087295],[150.22908478068001,-32.517516561779296],[150.22827957896001,-32.515941100890309],[150.22709628710001,-32.514947037649328],[150.22655147232999,-32.514088048301339],[150.22608730965001,-32.512928344395355],[150.22447597670001,-32.51192480975336],[150.22272755775001,-32.510736737246383],[150.22018876868,-32.509712659065393],[150.21878601217,-32.508895160474424],[150.21711280606999,-32.507587680556426],[150.21643289509001,-32.506483669339438],[150.21512208588001,-32.505002692771455],[150.21421699253,-32.504256668396479],[150.21309228653999,-32.503687263067484],[150.21182490869001,-32.503114684792493],[150.21062141793999,-32.502785501847498],[150.20941420331999,-32.502577221268503],[150.20868956369,-32.502924119991505],[150.20829172492,-32.504246234102482],[150.20768731799001,-32.505321770948456],[150.20681622218001,-32.50578640052246],[150.20595447258,-32.505948743788451],[150.20508897825999,-32.506231996264439],[150.20393996947001,-32.506448436871459],[150.20299000759999,-32.507153275786436],[150.20274974327,-32.50799489485842],[150.20316096163,-32.508548521169416],[150.20449782556,-32.5091832311684],[150.20597740567001,-32.509821098650399],[150.20679803247,-32.510988787413382],[150.20718684081001,-32.512267874309366],[150.20774481907,-32.515002659999325],[150.20825765545999,-32.516889473858313],[150.20902197701,-32.517571921500299],[150.21098252115999,-32.518825387399275],[150.21278360062001,-32.520619768407251],[150.21308622929001,-32.522380909259226],[150.21365562983999,-32.524752939717196],[150.21353945166001,-32.526202307872168],[150.21436218042001,-32.527309500487149],[150.21521852855,-32.527328478745162],[150.21609913199001,-32.526561520068178],[150.21759586248999,-32.526655160092169],[150.21872646765999,-32.52704317247818],[150.21991726643,-32.527795489873135],[150.22026662825999,-32.528045209561149],[150.22048071731999,-32.528049943566145],[150.22047699300001,-32.528170856045143],[150.22058432156001,-32.52932268653813],[150.22055451260999,-32.530289992663114],[150.22124580786999,-32.531031250436101],[150.22158587480001,-32.531583248439091],[150.22163675313999,-32.532249848671086],[150.22097396197,-32.532900667896065],[150.22073750113,-32.533621410294074],[150.2204371254,-32.534098750611065],[150.22055750037001,-32.53482738354306],[150.22132951353001,-32.535267939965046],[150.22219525283001,-32.534984592251043],[150.22305726140999,-32.534822151177053],[150.22361332009001,-32.535318419493038],[150.2234501046,-32.535980288321042],[150.22252476629001,-32.538198254680005],[150.22114659402001,-32.539653847640977],[150.22050841243001,-32.539779893996979],[150.22000727913999,-32.539648109487977],[150.21991925149001,-32.539614440556996],[150.21958919917,-32.539449425596992],[150.21932319474999,-32.538942556711994],[150.21885944971999,-32.538455168144999],[150.21853128219001,-32.538137771391],[150.21758394829999,-32.537806667107006],[150.21647070505,-32.537376455724022],[150.21636254356,-32.537230922505032],[150.2160632696,-32.536890305428024],[150.21534847074,-32.536325772470029],[150.21460111798001,-32.535903651570038],[150.21387602297,-32.535672871711043],[150.21270064381,-32.535432099925046],[150.21151789947001,-32.535429716537053],[150.21010189929001,-32.535684562942031],[150.20902656197001,-32.535851534172039],[150.20813936179999,-32.536308949328038],[150.20789428485,-32.536947622413031],[150.20748624753,-32.537391822754024],[150.20718413634,-32.538053081477003],[150.20825959969,-32.538792666641996],[150.20922397927001,-32.539482062259985],[150.21045875236001,-32.540535297663979],[150.21154090491001,-32.541060298101961],[150.21212088551999,-32.541431011892954],[150.21309490399,-32.541810461471954],[150.21357042208999,-32.54191643394195],[150.21413479751999,-32.541881234824956],[150.21445544496001,-32.54153049907395],[150.21527901067,-32.541310193686968],[150.21601151834,-32.541302567660964],[150.21613236651999,-32.541949365077947],[150.21583177081999,-32.542562966700942],[150.21594967445,-32.543305123888928],[150.21643126564001,-32.544126908197917],[150.21664830328001,-32.544396847127913],[150.21658983467,-32.544464408180914],[150.21701956222,-32.545141902193912],[150.21751515387999,-32.545510722015891],[150.21837959754001,-32.545792281899892],[150.21913293386001,-32.546023664365904],[150.22017288321999,-32.546094390252883],[150.22073067046,-32.546273724746889],[150.22114404973999,-32.546569144076891],[150.22135452372001,-32.54705092530088],[150.22143477455,-32.548102376257859],[150.22133658543001,-32.549460011653856],[150.22119018224001,-32.550554163590817],[150.22072752536999,-32.55185602437281],[150.21969505944,-32.552453443041813],[150.21885962139001,-32.553055212400807],[150.21861235668999,-32.553765427462785],[150.21827107199999,-32.554783688695778],[150.21812829563001,-32.555758634398757],[150.21791284923,-32.556350267275739],[150.21764109623001,-32.556940656348743],[150.21714487803999,-32.557502212564742],[150.21604039736999,-32.557692445392746],[150.21534327654001,-32.55746228833776],[150.21473797943,-32.556995600840743],[150.21275015718001,-32.554780596565784],[150.21201742091,-32.553881658127793],[150.21109873322001,-32.552620745629817],[150.21042675683,-32.551580009733811],[150.20980223366999,-32.550826600402821],[150.20908885009001,-32.550214351844836],[150.20755550788999,-32.549703154750858],[150.20696589125001,-32.549642334887835],[150.20581850063999,-32.549402116120852],[150.20528740047001,-32.549271021115857],[150.204562968,-32.549016343958868],[150.20367113788001,-32.548710223908863],[150.20272006043001,-32.548498202849864],[150.20140233993001,-32.548301862006866],[150.19997129668999,-32.548126840222857],[150.19927281515001,-32.547944278903884],[150.19790474896001,-32.547555932632875],[150.19690037148001,-32.547247254954883],[150.19608783435001,-32.547109843258887],[150.19468942709,-32.546792354417875],[150.19359840663,-32.546553285099897],[150.19212515960001,-32.546830497274897],[150.19203524568999,-32.547242022551892],[150.19090809970001,-32.547924524672865],[150.18959849927001,-32.548372355539861],[150.18861188341,-32.548397995252863],[150.18784895275999,-32.548476344666867],[150.18705415298999,-32.548673255176858],[150.18695483101999,-32.549148149961859],[150.18733028546001,-32.549752958271853],[150.18773686540999,-32.550263034654833],[150.1878627255,-32.550742971598829],[150.18784561504,-32.551291276154821],[150.18718110910001,-32.551825087236821],[150.18545219869,-32.552168060752805],[150.18425807892999,-32.552522998422816],[150.18336016569,-32.553313970524798],[150.18313257494,-32.554286962682788],[150.18304182257,-32.556288826293738],[150.18261550384,-32.558211595543725],[150.18289738892,-32.560007113780713],[150.18362166431001,-32.56116843858068],[150.18356593351001,-32.562049858598677],[150.18311236420001,-32.563041635744661],[150.18292871753999,-32.56347003592667],[150.18258402398999,-32.563721607288649],[150.18214515846,-32.56514311718265],[150.18207542893001,-32.565570958491627],[150.18138636135001,-32.565984903826624],[150.18075508101001,-32.566352429876623],[150.17987192075,-32.56666658531261],[150.17920650273999,-32.567224182063612],[150.17868184170001,-32.567784939660598],[150.17826455399,-32.56851509618258],[150.17806949124,-32.569345668593577],[150.17858348351999,-32.570025179389575],[150.17950058586001,-32.570427472842567],[150.18043988079,-32.571021105736556],[150.18095518281999,-32.572559447998543],[150.18136704458001,-32.572902675097524],[150.18200787264001,-32.573131759170522],[150.18327256872001,-32.573231699149503],[150.18402378325999,-32.573534816304509],[150.18428668838001,-32.574137109012511],[150.18430216920001,-32.574543006638507],[150.18412784546001,-32.575612611827488],[150.18433370053,-32.576237481902467],[150.18476852604999,-32.576748204888482],[150.18571835545001,-32.577008053923464],[150.18678081090999,-32.577270419193475],[150.18819156447,-32.577206590020445],[150.18977571643001,-32.577003492325467],[150.19090119166,-32.577052529515463],[150.19150871279001,-32.577447813216466],[150.19214737300999,-32.577748366287466],[150.19221845613001,-32.578179362700439],[150.19257089445,-32.57830796308145],[150.1923436207,-32.578683137136437],[150.19160487094999,-32.578881320867431],[150.19070982580001,-32.57867045383545],[150.18989851332,-32.578485308438445],[150.18891603148001,-32.578367895617447],[150.18801578838,-32.578323883989448],[150.18728075774999,-32.578402845203456],[150.18746602773999,-32.578480340610447],[150.18685469745,-32.578512580592445],[150.18636486881999,-32.578859445216445],[150.18629439988001,-32.57931112791244],[150.18661364753001,-32.579914678413417],[150.18707516936001,-32.580473703553409],[150.18753520792001,-32.581080406527406],[150.18770996136999,-32.581799997593393],[150.18749796508001,-32.582272367811399],[150.18733484717001,-32.582632980157392],[150.18720894506001,-32.582504453075394],[150.18707161348999,-32.582716855922385],[150.18635305092999,-32.582843116357381],[150.18552754772,-32.583110886317399],[150.18463975893999,-32.583568099847369],[150.18463435868,-32.584641493875374],[150.18504404979001,-32.585056229466353],[150.18658810129,-32.586140493884329],[150.18812399756001,-32.587486974439337],[150.18842231277,-32.587883994881324],[150.18847367590999,-32.588019634819318],[150.18853379858999,-32.588032367310312],[150.18896266326001,-32.588603124321317],[150.18915889442999,-32.589537897409301],[150.18951501494999,-32.59166904386926],[150.18982030942001,-32.591819012945265],[150.19069104128999,-32.591910068339267],[150.19162925555,-32.591644787325265],[150.19252814699001,-32.591736459239272],[150.19372788127001,-32.592121120694266],[150.19410502075999,-32.592362145087257],[150.19417526517,-32.592459139539265],[150.19442899360001,-32.59335940709925],[150.19424276644,-32.593683264511242],[150.19356279286001,-32.594025904058235],[150.19285505065,-32.594129360543242],[150.19260027503,-32.594392043444223],[150.19205737556001,-32.594857018855222],[150.19190898421999,-32.596225414534196],[150.19198761502,-32.597091949330185],[150.1923163868,-32.597844799448183],[150.19283698708,-32.598095001785182],[150.19360958477,-32.598171915137179],[150.19442854334,-32.597892022548194],[150.19486770281,-32.597365079544183],[150.19531521708001,-32.596569939576199],[150.19571915984,-32.596042205257206],[150.19617864467,-32.595992829095209],[150.19652509195001,-32.596179485805202],[150.19699842223,-32.596816272722201],[150.19733466325999,-32.597330718903187],[150.1978469208,-32.597849092233176],[150.19860746187001,-32.598313365691176],[150.19929574595,-32.59883566324617],[150.19960051608001,-32.599230121250166],[150.19969035372,-32.599739064645163],[150.1993521807,-32.60041737725814],[150.19919002583001,-32.601099618461127],[150.19949016021999,-32.601643072101126],[150.20004600902001,-32.601894031213121],[150.2009251906,-32.601943459292116],[150.20151107186001,-32.602073035097121],[150.20157738546001,-32.602494760153114],[150.20137539771,-32.603325216610109],[150.2006712571,-32.604442671542103],[150.20025431082999,-32.60538761134508],[150.20047848709001,-32.606108289115063],[150.20098339020001,-32.606865048688043],[150.20145031249999,-32.607710417519044],[150.20125012525,-32.609614429933018],[150.20191810648001,-32.610792299157993],[150.20289095179001,-32.611231463752993],[150.20436042681001,-32.611562403694997],[150.20624963936001,-32.611992129491],[150.20708631273001,-32.612279131263989],[150.20770618594,-32.612740222737976],[150.20817597708,-32.61349617406696],[150.2086087141,-32.614310939000951],[150.20864582039999,-32.615385282183937],[150.20913603982001,-32.616618803391923],[150.21065201128999,-32.617726026923904],[150.21142665004001,-32.617743241426908],[150.21204002336,-32.617279749590914],[150.21264877133001,-32.616965251715918],[150.21341971301001,-32.6171016523829],[150.21390435204,-32.617380791463908],[150.21386963987001,-32.617574403233924],[150.21382653911999,-32.617617625301911],[150.21348469768,-32.618415176268911],[150.21202726049,-32.619963266707877],[150.21157513386001,-32.620907462097861],[150.21155016984,-32.621712044937851],[150.21218962953,-32.622680493540827],[150.21401064641,-32.624182116895817],[150.21545360387,-32.625377124496808],[150.21585124251001,-32.626191088908797],[150.21645094594001,-32.627307735057769],[150.21652982073999,-32.628174265063755],[150.21680583571001,-32.628341581990767],[150.21657796918001,-32.631142460421728],[150.21777808824999,-32.632723422411701],[150.22202522595001,-32.636796028403637],[150.22157812731001,-32.637065442757624],[150.22130298594999,-32.636845908015651],[150.22105922106999,-32.636751049436661],[150.22073395387,-32.637012223339639],[150.22050327561999,-32.63763333515363],[150.22040424848001,-32.638555561899622],[150.22036283809001,-32.638932235677622],[150.22017471825001,-32.639326531506619],[150.22003135757001,-32.63973164022061],[150.21989356207001,-32.640289502877614],[150.21976272568,-32.641038314312596],[150.21949299639999,-32.641695180924586],[150.21929557145,-32.642565240626567],[150.21904300623001,-32.643013986279556],[150.21865217537999,-32.643418138198562],[150.21867530834999,-32.643667287029551],[150.21855245123001,-32.64388556904256],[150.21814650439001,-32.644727315791542],[150.21792478059001,-32.644905322697547],[150.21755784032999,-32.645827566951517],[150.21757462138001,-32.646650970838508],[150.21791291578,-32.648018265154477],[150.21865618032999,-32.649967081792468],[150.21892929059999,-32.651078951216462],[150.21824461842999,-32.65198936787143],[150.21670240441,-32.654436174659416],[150.21553821222,-32.655603129858399],[150.21392753635999,-32.656617022512378],[150.21318742749,-32.656839138326383],[150.21299909237001,-32.657455206549358],[150.21302503832001,-32.657462424136355],[150.21240770310001,-32.65749975045037],[150.21143280603999,-32.658621918342348],[150.21210718097001,-32.659336413283349],[150.21108604477999,-32.659460627726347],[150.20797678245,-32.658783122886341],[150.20681319107001,-32.658113106309365],[150.20551723585999,-32.657619047137366],[150.2012133428,-32.65727258950637],[150.20069146073999,-32.657230863319377],[150.20068343205,-32.657204415655357],[150.19821356154,-32.657484624735353],[150.19605846108001,-32.657092693251364],[150.19558995361001,-32.657636066084365],[150.19491144726001,-32.656952455670371],[150.19490460431001,-32.655004283143391],[150.19440919159999,-32.65454968744541],[150.19425386041999,-32.654604402798391],[150.19376948793999,-32.653216999484428],[150.19367965385999,-32.65086600907545],[150.19423403035,-32.648805782178471],[150.19407813699999,-32.647997709295481],[150.19519469663999,-32.648448463678491],[150.19540868960999,-32.648539974104487],[150.19545631877,-32.648583035292475],[150.1956315395,-32.648942819915469],[150.19601129019,-32.649207029769471],[150.197229287,-32.649889504825481],[150.19721886722999,-32.649891013703467],[150.19738272858001,-32.649995006100468],[150.19735752382999,-32.649999223382466],[150.19796759094999,-32.650690358588456],[150.19819361656999,-32.650676322208454],[150.19838463625001,-32.650699673522446],[150.19855705789999,-32.65074025950446],[150.19863735685001,-32.65079121766346],[150.19866928178999,-32.650765598896463],[150.19879900456999,-32.650794809671453],[150.19891677779,-32.650635219747464],[150.19901375846999,-32.650780520663453],[150.19927211172001,-32.650814916688454],[150.19924573391,-32.650575769724455],[150.19913028274999,-32.650395653550461],[150.19915666602,-32.650374481244476],[150.19910872532,-32.650267356386451],[150.19898860647001,-32.650140624130458],[150.19900404340001,-32.65000737616846],[150.19918736128,-32.64991604567247],[150.19907319284999,-32.649598600864465],[150.19884423044999,-32.64934538726046],[150.19874401406,-32.648942370616481],[150.19847588339999,-32.648860044742477],[150.19839996043001,-32.648762925637492],[150.19830536225001,-32.648541338784483],[150.19831399275,-32.648264804707495],[150.19813930701,-32.648079598721488],[150.19806517072001,-32.647925265869489],[150.19796849165999,-32.64777042826249],[150.19771401785999,-32.647612066449497],[150.19760100894001,-32.647619084252497],[150.19726347254999,-32.647592458275511],[150.19702205684999,-32.647377131655503],[150.19712974682,-32.647179150614498],[150.19700993339001,-32.647042880454499],[150.19689250217999,-32.646830325866503],[150.19696668313,-32.646642105390512],[150.19721770998001,-32.646371112291519],[150.19747845014001,-32.646147922116512],[150.19758744501999,-32.645715266979536],[150.19755599477,-32.645578584142527],[150.19759474986,-32.645481242337524],[150.19763680272001,-32.645278212483539],[150.19758565276001,-32.644914457358531],[150.19755805688999,-32.64447410404955],[150.19753285574001,-32.644378118526546],[150.19730169946001,-32.644331206273542],[150.19724425548,-32.644139076580544],[150.19707096627999,-32.643819115327545],[150.19703350979,-32.643723628610559],[150.19698421410001,-32.643586547988555],[150.19688473218,-32.643236450667558],[150.19698465311001,-32.643196935465554],[150.19713685625001,-32.643063165430569],[150.19732986112001,-32.642751388161543],[150.19722292297001,-32.642564116554574],[150.19726962894001,-32.642452204832573],[150.19718090449999,-32.642148045335574],[150.19734197638999,-32.64213737292058],[150.19755608694001,-32.642052696995577],[150.19790626336001,-32.641899490862571],[150.1982692258,-32.641788318732587],[150.19863978980001,-32.641659423402579],[150.19881535261001,-32.641454605529582],[150.19876069365,-32.641173078590597],[150.19845022397001,-32.640957407693591],[150.19853404801,-32.640529874318595],[150.19873711136,-32.640523589073581],[150.19896709503999,-32.640248061028601],[150.19914409181001,-32.640036011852594],[150.19936844469001,-32.639767227304596],[150.19938550572999,-32.639672184308608],[150.19916753909999,-32.639428759628615],[150.19894252626,-32.639185177418611],[150.19882205859,-32.638979713376607],[150.19867285806001,-32.638791499589615],[150.19842300233,-32.638666640764633],[150.19832801748001,-32.638519363707623],[150.19789309082,-32.638255220908633],[150.19777318464,-32.638031877639619],[150.19770890535,-32.63760699844763],[150.19769484080999,-32.637380055323639],[150.19741590927001,-32.637057734894633],[150.19744024775,-32.636806846539635],[150.19735163113,-32.636632857873664],[150.19733015128,-32.636417676210662],[150.19721369604,-32.636233651782653],[150.19686432770001,-32.636271173073652],[150.19660797346,-32.636282296127646],[150.19626270520001,-32.636330387772659],[150.19597132804,-32.636269423150658],[150.1956719314,-32.636306535838649],[150.19531051124,-32.636227808918647],[150.19486065564001,-32.636273024164645],[150.19471337242999,-32.636027949713657],[150.19453861802,-32.635993324428654],[150.19424991630001,-32.636193764467656],[150.19413002217999,-32.636209429522644],[150.19400173467,-32.636283604591647],[150.19373850054001,-32.636319498184676],[150.19346078948001,-32.636635337378635],[150.19307246322001,-32.636656469458643],[150.19293939355001,-32.636230449732651],[150.19286369624001,-32.636056239445651],[150.19271818811001,-32.63581359021665],[150.19262377535,-32.635450459416667],[150.19251753703,-32.63524252509167],[150.19255908758001,-32.635040679843677],[150.19249740827999,-32.634758994913668],[150.19232579288999,-32.634612019911678],[150.19213174659001,-32.634506288626682],[150.19192323831001,-32.634412164089689],[150.19170862050001,-32.634288082224671],[150.19160561593,-32.633975650500687],[150.19140914684999,-32.633947397185686],[150.19161526737,-32.63389237205368],[150.19158359043001,-32.633778348377682],[150.19136174537999,-32.63366006647869],[150.19156212531999,-32.63356316572969],[150.19156626061999,-32.633205421441694],[150.19140312198999,-32.632766381468699],[150.19133792823999,-32.632562537401704],[150.19122933746999,-32.632438112536704],[150.19100907544001,-32.632424233444709],[150.19075061612,-32.63231346899471],[150.19034016898999,-32.632157698506703],[150.18964789413999,-32.632204954520702],[150.18914888691,-32.632159126177712],[150.18873597483,-32.631934904242712],[150.18834899538999,-32.631788306902706],[150.18816163941,-32.631724637045714],[150.18790071518001,-32.631545421722713],[150.18753826330001,-32.63143733801671],[150.18728228648001,-32.63136202057872],[150.18708731896999,-32.631286082958717],[150.18688829390999,-32.631114630035732],[150.18671926078,-32.63111083960672],[150.18662071540999,-32.63101082390272],[150.18652651062999,-32.630964320653717],[150.18634788982999,-32.630822125611736],[150.18626418169001,-32.630745988646737],[150.18609676592001,-32.630593716855735],[150.18596683690001,-32.630518774096721],[150.18581122964,-32.630398660570741],[150.18576029944001,-32.630224564145728],[150.18557904740999,-32.630160858920739],[150.18531384102999,-32.630077379058754],[150.18526892889,-32.629939290237743],[150.18516647237001,-32.629492209094742],[150.18499706424001,-32.629390382683738],[150.18484045843999,-32.629432112931759],[150.18467939039999,-32.629455843637736],[150.18445878447,-32.629432174837746],[150.18423958662001,-32.629447617776748],[150.18393809442,-32.629426035008748],[150.18370734128999,-32.629441775115744],[150.18347518045999,-32.629418402648746],[150.18318594817001,-32.629416076026729],[150.18292961923001,-32.629363964568739],[150.18281582812,-32.62941583484475],[150.18247269330001,-32.629522554896745],[150.18218557195999,-32.62957889414475],[150.18223480923001,-32.629823387576735],[150.18220863396999,-32.629983825396749],[150.18205200566999,-32.630033982855743],[150.18203903559001,-32.630169893234736],[150.18207150715,-32.630236419238742],[150.18215646697001,-32.63028219217373],[150.18224154256001,-32.63032431212774],[150.18226775005999,-32.630452839390735],[150.18223214830999,-32.630623843668737],[150.18213782897999,-32.630738699113728],[150.18202796213001,-32.630798372930727],[150.18203361664001,-32.630893539346729],[150.18210807322001,-32.631136467237724],[150.18202502084,-32.631171909975734],[150.1820029166,-32.631307392440739],[150.18192538855999,-32.631502067218726],[150.18185022842999,-32.63162124803172],[150.1819150954,-32.632162713988706],[150.18137266228999,-32.631828876294719],[150.18108551639,-32.631808037655716],[150.18076697404999,-32.631859130476712],[150.18052387361999,-32.631897529593729],[150.17979915631,-32.631866622294716],[150.17940983540001,-32.631609321700708],[150.17944040277001,-32.631186012962729],[150.17968992351999,-32.630943074833716],[150.18085782025,-32.630254068412739],[150.18093414361999,-32.630386217421723],[150.1813017673,-32.630233651958747],[150.18129382059001,-32.629385484066745],[150.18128587544999,-32.628537317314752],[150.18026721219999,-32.628514428437761],[150.18004734821,-32.628363283101763],[150.18003971226,-32.628056080691756],[150.17851198295,-32.627188368333769],[150.17744653905001,-32.627280697068777],[150.17351771745001,-32.627812972923778],[150.17071555097999,-32.627875418633757],[150.17053464,-32.629231040128751],[150.16981893334,-32.629463444867753],[150.16894414845001,-32.628712688801755],[150.16680670532,-32.62869614323975],[150.16588472532999,-32.629502937672747],[150.16448154234999,-32.632643769113706],[150.16200196802001,-32.636311980519658],[150.16226462751001,-32.638317995742625],[150.16209793953999,-32.641923656501561],[150.16916552993999,-32.642843716134564],[150.17209061317001,-32.643664613680549],[150.17208185619,-32.643725250972558],[150.17183392345001,-32.644435329585527],[150.17224269971001,-32.645780456319535],[150.17212462593,-32.645902066067521],[150.17129341053001,-32.646010660801515],[150.16985414605,-32.645724686005529],[150.16882621144001,-32.645035435688534],[150.16804028160999,-32.64492227282453],[150.16782089691,-32.644986283610528],[150.16666573781001,-32.644296366380537],[150.16411415893,-32.643666173052559],[150.16418255057999,-32.64578609160354],[150.16643094953,-32.647882150018496],[150.16624166826,-32.648245595951479],[150.16475101769001,-32.648902777879485],[150.16335503546,-32.649147563627473],[150.1627087542,-32.648925685031493],[150.1622365952,-32.648362309826489],[150.16160559911,-32.647657162860497],[150.16017388794,-32.646450280671509],[150.15989994218,-32.646353944920527],[150.16012986298,-32.64636083362052],[150.15905892154001,-32.64484014395854],[150.15773357009999,-32.643784653653555],[150.15495552592,-32.643798353861548],[150.15315604752999,-32.644647054393545],[150.15103979702999,-32.645879301077528],[150.14972965799001,-32.645899894752525],[150.14933727003,-32.64513560631552],[150.14763557199001,-32.64436672749153],[150.144138658,-32.644712620817529],[150.14213918954999,-32.643110202321559],[150.1396882775,-32.641451263641564],[150.13910500757001,-32.641401383067574],[150.13674075186,-32.642658409521559],[150.13659683296001,-32.643284388607576],[150.13954192868999,-32.646655225253518],[150.13988846658,-32.646964649998509],[150.14044455755999,-32.6480055655285],[150.14074018014,-32.648979514304486],[150.14106244333999,-32.651681226674441],[150.14060604215001,-32.653190722340419],[150.13860349864001,-32.654526775519408],[150.13800223933001,-32.654889736901389],[150.13750584708001,-32.654358867331396],[150.13655641650001,-32.653822371025399],[150.13621256435999,-32.652932800968429],[150.13472063224,-32.65196837196644],[150.13279619164999,-32.65244127826243],[150.12998976334001,-32.651728195759446],[150.12752818998999,-32.649998816487475],[150.12521622247999,-32.648504508552485],[150.12366028034,-32.648424439176488],[150.12157381025,-32.649313376673476],[150.12205605347,-32.650973493363445],[150.12224773661001,-32.652402060769418],[150.12231100088999,-32.654192224285396],[150.12230807769001,-32.654232866431407],[150.12226600101999,-32.654199337689406],[150.12111638645999,-32.655231797721406],[150.12064851117,-32.656222027661386],[150.12027074836001,-32.656393927621373],[150.1178850485,-32.656812556904377],[150.11652477850001,-32.658280313792353],[150.11550555527,-32.66141176063131],[150.11487586699999,-32.663577762664275],[150.11511375449001,-32.666319130123242],[150.11425206525001,-32.668372534893209],[150.11269646260999,-32.670448274139176],[150.10949322102999,-32.673132279345154],[150.10870070135999,-32.672692197939142],[150.10728125465999,-32.672489025909151],[150.10696288948,-32.675483299354113],[150.10694104331,-32.675807112888123],[150.1066487006,-32.678596919272081],[150.10742985286001,-32.680727373771042],[150.10493168721999,-32.681984717675022],[150.10195978171001,-32.681820506706039],[150.10087272570999,-32.683042311871013],[150.10094873015001,-32.683308906083006],[150.10082387228999,-32.683393408436991],[150.10041010449001,-32.684461409243994],[150.10035851328001,-32.684488626810989],[150.09925859594,-32.68625465247797],[150.09900190267999,-32.68652395219798],[150.09807252900001,-32.688219986620936],[150.09741456755,-32.689373637986932],[150.09732654587,-32.690033774273921],[150.09707616082,-32.690381825920909],[150.09563669302,-32.690818492484901],[150.09511045171001,-32.690772530781892],[150.09328585508001,-32.689722854336921],[150.09271462927001,-32.689190509218932],[150.09233082481001,-32.688696494995952],[150.09225967827001,-32.68821856382494],[150.09232716459999,-32.687737516188932],[150.09234895232001,-32.687333763852948],[150.09234887581999,-32.68733360858694],[150.09234908223999,-32.687329784827966],[150.09217765181,-32.686987699843961],[150.09175779607,-32.686801554478961],[150.09128201688,-32.68673171428896],[150.09073628012999,-32.686674948310966],[150.0904093794,-32.686747410770948],[150.09020195776,-32.686802198942964],[150.08968724964001,-32.687128357462953],[150.08930725866,-32.687437863131947],[150.08747386365999,-32.686382955999967],[150.08743567399,-32.686276139780979],[150.08718769057,-32.685945722528977],[150.08683580562999,-32.685540638076972],[150.08640528211001,-32.685148422566989],[150.08608136870001,-32.684685183795992],[150.08613067125,-32.684237969217989],[150.08650450587999,-32.683967352703007],[150.08694838970001,-32.683948269098991],[150.08741617771,-32.683995888813001],[150.08786540738001,-32.68407982667599],[150.08822768907999,-32.683897138520997],[150.08840224366,-32.683607186019998],[150.08853844705001,-32.683323930706003],[150.08861295688999,-32.683301248712006],[150.08913191867001,-32.682955477667015],[150.08934724248999,-32.682681173181017],[150.08936180583001,-32.682695996511008],[150.08980438749001,-32.682449016048018],[150.09017558407001,-32.682259179404028],[150.09055403235999,-32.682113608981012],[150.09100267157999,-32.681947615148019],[150.09142859313999,-32.681678190776033],[150.09176421928001,-32.681244967879039],[150.09190224137001,-32.680741006559039],[150.09199683874999,-32.680236038165056],[150.09203956622,-32.679722515750065],[150.09212428634001,-32.679254068828065],[150.09223505846001,-32.678786225745064],[150.09222226392001,-32.678783745765081],[150.09235356123,-32.678347963304084],[150.09268820699,-32.678051496206074],[150.09422686152999,-32.677460290139095],[150.09509130303999,-32.677088525457094],[150.09569904373001,-32.676632447935106],[150.09561584177001,-32.675768563937112],[150.09606935709999,-32.675496973316108],[150.09726148396001,-32.675305173586111],[150.09790393367999,-32.674348387222132],[150.09791913563001,-32.673878578701135],[150.09744329956001,-32.673695172527133],[150.09668388838,-32.673113399643142],[150.09605105154,-32.67262858500515],[150.09472351836001,-32.67242543916916],[150.09436487855001,-32.67205667356216],[150.09364633312001,-32.67193031663016],[150.09150844038999,-32.672147164161153],[150.09007006004001,-32.672505587902165],[150.08957473523,-32.672907781361161],[150.08922821933001,-32.672673019937157],[150.08904338831999,-32.672219595313166],[150.08880521261,-32.672182527549154],[150.08853034038,-32.672214308521177],[150.088290814,-32.672050118397166],[150.08784569775,-32.671841326091169],[150.08741914416001,-32.671596213391162],[150.08737611750001,-32.671579996983169],[150.08726751386001,-32.671261506542173],[150.0871143681,-32.67123665348516],[150.08680810415001,-32.671473874926178],[150.08657053079,-32.67150299358017],[150.08614025937001,-32.671639998772164],[150.08574686957999,-32.671711706888154],[150.08529317112999,-32.671767311773166],[150.08483851675001,-32.671852293619168],[150.08438672527001,-32.671849137987167],[150.08400240892999,-32.671641746570174],[150.08363904164,-32.671324587559177],[150.08321035351,-32.671145561300172],[150.08269435353,-32.670979203029191],[150.08229148110999,-32.670808124407181],[150.08183141109001,-32.670525462376176],[150.08180319440001,-32.670515755711179],[150.08149335140001,-32.670158429864188],[150.08115108025001,-32.670421534343184],[150.08097365449001,-32.670446693445179],[150.08069125719999,-32.670463491854193],[150.08079329888,-32.669975267802194],[150.08058256117999,-32.669751455183189],[150.07999398809,-32.6699028860262],[150.07997704887001,-32.669828125173183],[150.07998271104,-32.669387248243204],[150.07991070182001,-32.668929860843214],[150.07980650297,-32.668856600483196],[150.07980724550001,-32.668854539763196],[150.07926645559999,-32.668381216277211],[150.07845887523001,-32.668515545056209],[150.07815723345001,-32.668107904294217],[150.07790020338001,-32.66801403046523],[150.07744259540999,-32.668242472752212],[150.07738961561,-32.668237833083211],[150.07698579034999,-32.667993540597216],[150.07669683564001,-32.668183913704212],[150.07624661438999,-32.668035957250218],[150.07600701061,-32.667655511441232],[150.07580213916,-32.667275875812237],[150.0754846291,-32.66688626317724],[150.07507669973,-32.666604793155237],[150.07453421452001,-32.666452484267246],[150.07384004662001,-32.666421586533225],[150.07320522488999,-32.666436170116235],[150.07251441412001,-32.66630244182624],[150.07184193059001,-32.666139735852241],[150.07120682081,-32.665897047463254],[150.07059992011,-32.665588865871264],[150.07023734540999,-32.66524963851225],[150.07004478648,-32.664760031343263],[150.06998829129,-32.664562361114278],[150.07001653116001,-32.664560916933262],[150.06993061441,-32.664264903637282],[150.06991754456999,-32.664261026347276],[150.0698082868,-32.664019490115265],[150.06955811916001,-32.663697587484279],[150.06933519866001,-32.663339570895282],[150.06939985368999,-32.663094214607291],[150.06948000915,-32.662802771505284],[150.06940797378999,-32.662648998716293],[150.06935518917001,-32.662495675364283],[150.06936542566999,-32.662414160836292],[150.06945872885001,-32.662217887315293],[150.06935377153999,-32.661972880667307],[150.06919623907999,-32.661741342804298],[150.06903894557999,-32.661502462188302],[150.06893231136999,-32.661308866064303],[150.06891418209,-32.661065887975305],[150.06901952408001,-32.660766994457333],[150.06936581827,-32.660539883828335],[150.06970582573001,-32.660239124129333],[150.06990158709999,-32.659832089198325],[150.06990212802,-32.659795324386316],[150.07014252138001,-32.659373729858324],[150.06994998649,-32.658691466333359],[150.06973294317001,-32.658281730912357],[150.06968788073999,-32.657953657493358],[150.06957082146999,-32.657913705178366],[150.06956743203,-32.657825041380349],[150.06948368204999,-32.657462929417356],[150.0693451997,-32.657180387075371],[150.06917223021,-32.656889689531369],[150.0689842939,-32.656525141118372],[150.06875270991,-32.656166918723372],[150.06842346715001,-32.655872568162366],[150.06812751509,-32.655623094268378],[150.0679116211,-32.655316691007393],[150.0677675828,-32.654938466360385],[150.06768312022999,-32.654598386826407],[150.06754488628999,-32.654308497625387],[150.06731719688,-32.654097370936412],[150.06719560937,-32.653829922517417],[150.06711235059001,-32.653453116921412],[150.06698284083001,-32.653330688435425],[150.06693775804001,-32.653226416682422],[150.06688012261,-32.653233586791409],[150.06683943796,-32.653195126748415],[150.06684341260001,-32.653174871929423],[150.06681785478,-32.653174724425419],[150.06681736746,-32.653174263834416],[150.06681670012,-32.653174717282432],[150.06663259756999,-32.653173657699412],[150.06659088686999,-32.652977282182441],[150.06638950697001,-32.653180472805431],[150.06628819442,-32.653202417260424],[150.06604948044,-32.652976209392421],[150.06586882592001,-32.653262562134429],[150.06568466165999,-32.653272720259423],[150.06541700449,-32.653486961662416],[150.06527233423,-32.653659979333419],[150.06503188568001,-32.653573500849411],[150.06480492345,-32.653340334869434],[150.06451815193,-32.653076368859423],[150.06417328686001,-32.652994794564435],[150.06375248088,-32.653109894338428],[150.06325714239,-32.653112998536415],[150.06281990472999,-32.652933705500423],[150.06232624971,-32.652885392869429],[150.06186711033001,-32.653109841722426],[150.06176317480001,-32.65327999907641],[150.06152806623001,-32.653344291754422],[150.06156178583001,-32.653693824015406],[150.06144517508,-32.654055471595413],[150.06135140761,-32.654531032912395],[150.06130948907,-32.655015159916381],[150.06086846193,-32.655366123644399],[150.06060631254999,-32.65552836435338],[150.06035752737,-32.655674621051382],[150.06039923992,-32.65577336981039],[150.06013175513999,-32.656098437034387],[150.06004641278,-32.656705483308365],[150.05989041730001,-32.657223685999362],[150.05990709906001,-32.657775334222343],[150.0598463645,-32.65830311906835],[150.05965048925,-32.658640158819352],[150.05955144831,-32.658818062170347],[150.05903487909001,-32.659202855007344],[150.05862276222001,-32.659235199266348],[150.05811606038,-32.659217881619334],[150.05780113194999,-32.659226789376326],[150.05758566097001,-32.659335800082332],[150.05691617721001,-32.659997424816311],[150.0565120622,-32.660551137850319],[150.05633773436,-32.661210100146306],[150.05632729281001,-32.661219408039308],[150.0562117785,-32.661562150821304],[150.05622505583,-32.661952016831314],[150.05626486079001,-32.662327806924296],[150.05643683373,-32.66264789982629],[150.05681332607,-32.662825787127304],[150.05731595316999,-32.66286698501029],[150.05786319818,-32.662872476532293],[150.05840007513001,-32.662929174241292],[150.05841945678,-32.662930492445277],[150.05879417787,-32.663100119529275],[150.05887258660999,-32.66327547839628],[150.05877343533999,-32.663358408788277],[150.05866777284999,-32.663733100687267],[150.05876838997,-32.664202944587252],[150.05868060812,-32.664605824544282],[150.05876383552999,-32.665061779716254],[150.05839677635001,-32.66521385580026],[150.05833276333999,-32.665460444767255],[150.05810957132999,-32.665428743446242],[150.05782809438,-32.665267786564264],[150.05757459583,-32.665048685731271],[150.05730976504,-32.664910169002248],[150.05696004305,-32.664975461835247],[150.05677578642999,-32.665294543349248],[150.05658477163999,-32.66555466213125],[150.0562512066,-32.665657081929247],[150.05587543625001,-32.665721762416247],[150.05552836180999,-32.665706262092243],[150.05519117534999,-32.665654244533258],[150.05492441864999,-32.665574475942265],[150.05479972194999,-32.665402496315259],[150.05473918211999,-32.66512911999525],[150.0546887699,-32.664811882594272],[150.05452355432999,-32.664550746348269],[150.05412125286,-32.664364894076279],[150.05371726523001,-32.664230450014259],[150.05340782311001,-32.664127627738267],[150.05325298324999,-32.664079886976268],[150.05286636337999,-32.66394585091227],[150.05262107977001,-32.663741633384276],[150.05250965849001,-32.663430310550282],[150.05245708063001,-32.663261645921267],[150.05241752953,-32.66306064075728],[150.05216598166999,-32.662782774436288],[150.05196966049999,-32.662675257921279],[150.05194009695001,-32.662688640541283],[150.05192428281001,-32.662668415479288],[150.05194385489,-32.662667301792283],[150.05188187508,-32.662437991094279],[150.05222724972,-32.662240308139296],[150.05253138193001,-32.661975504125309],[150.05254247995001,-32.661637659483304],[150.05242285892001,-32.661311443198308],[150.05226055084,-32.660962173557323],[150.05208980345,-32.660605357394317],[150.05196970099001,-32.66029382816231],[150.05181752599,-32.65990069593034],[150.05159229463999,-32.659684483796333],[150.05147733485001,-32.659271175660329],[150.05096009742999,-32.659352763292347],[150.05057067952001,-32.659239268236341],[150.05014742317999,-32.659163161523338],[150.04975938058001,-32.659073182660336],[150.04942295011,-32.658999115838341],[150.04913018357999,-32.658950726085315],[150.04893660708001,-32.658688932476352],[150.04875016577,-32.65867915366136],[150.04873690753001,-32.658953068420338],[150.04872934298001,-32.658953395067343],[150.04854724486,-32.659206362727332],[150.04850212964999,-32.659521354080333],[150.04822212446001,-32.65958091374435],[150.04800460165001,-32.659325890801334],[150.04798894505001,-32.659009469119333],[150.04805263444001,-32.65865816397335],[150.04804662511,-32.658312568045353],[150.04789590416999,-32.658139968294364],[150.04753536625,-32.658006528764346],[150.04725609034,-32.658044053949361],[150.04706073566999,-32.658171756620355],[150.04688153514999,-32.658336588065353],[150.04670209269,-32.658508764102343],[150.04654966416001,-32.658652176242349],[150.04632898163999,-32.658757229738349],[150.04608346544001,-32.658824947101337],[150.04608310168999,-32.658825373296345],[150.04581262765001,-32.658870018019357],[150.04549090722,-32.658877138810347],[150.04518751642999,-32.658855290126354],[150.04487568587001,-32.658825890429348],[150.04457181249001,-32.65881872993134],[150.04430581201001,-32.658716909611343],[150.04395686219999,-32.658495532556344],[150.04377843666001,-32.658109123549337],[150.04364560078,-32.657657636848377],[150.04357233072,-32.657244305800361],[150.04336617233,-32.656908692508374],[150.04292581274001,-32.656824807460382],[150.04249676985,-32.656924941703366],[150.04211473492001,-32.657180533754371],[150.04177658707999,-32.657422460822367],[150.04156555684,-32.657498333055365],[150.04125975436,-32.65754991968236],[150.04073471840999,-32.657662482242365],[150.04027913755999,-32.657776681431351],[150.03985901140999,-32.657869665071352],[150.03950426118001,-32.657824540263348],[150.03931136003001,-32.657614184972353],[150.03928753621,-32.657282870212349],[150.03932375877,-32.656975022460365],[150.03918561715,-32.656685109524361],[150.03891312702001,-32.656516973977382],[150.03782817489,-32.65617667776938],[150.03639762892001,-32.656198359311368],[150.03604817407,-32.656212809879378],[150.03577844157999,-32.656251851937377],[150.03561945818001,-32.656390807002381],[150.03516583626001,-32.656918636702372],[150.03470833551,-32.656953237412367],[150.03409721755,-32.657574632710357],[150.03308748296001,-32.658073050975361],[150.03461702796,-32.658904038273349],[150.03597859895001,-32.659157541983355],[150.03548866167,-32.659121521254342],[150.03554808138,-32.65945688576732],[150.03565291609999,-32.659697907911323],[150.03603677341999,-32.660029014708336],[150.03691098946001,-32.660455198847316],[150.03745416040999,-32.660658867415329],[150.03837498356,-32.660954943188301],[150.03871541038001,-32.661320799232321],[150.03938853707999,-32.66143211021631],[150.03979751617999,-32.661429838918309],[150.04049568156,-32.661637153399305],[150.04102831781,-32.661733213324318],[150.04173277547,-32.661749834539322],[150.04225053824999,-32.661869394564313],[150.04259255621,-32.662187566602292],[150.04301753984001,-32.662555404927289],[150.04332392161999,-32.663099354041293],[150.04371018046001,-32.663358931586266],[150.04377822159,-32.663861476576272],[150.04375038648999,-32.664278273409266],[150.04388691561999,-32.664842071068271],[150.04415261194001,-32.665174265241255],[150.04402277379,-32.665271002078249],[150.04399602917999,-32.665292219604254],[150.04368322381001,-32.665303737079256],[150.04334300600999,-32.665672923235256],[150.04333922901,-32.665813267771256],[150.04329187969,-32.665850830003251],[150.04268420106001,-32.666553786960264],[150.04213469235,-32.66725795756323],[150.04161326524999,-32.667969713399216],[150.04125520114999,-32.668739095544204],[150.04120458603001,-32.669597786794192],[150.0414173314,-32.670411965316184],[150.04193006341001,-32.671116880408185],[150.04257187600001,-32.67174288137717],[150.04286852471,-32.672535728972157],[150.04295906332001,-32.673423754001135],[150.04291088087999,-32.674349960862131],[150.04304860792999,-32.675301480425112],[150.04329840285001,-32.676211756745104],[150.04355490347999,-32.677103011665096],[150.04398725564999,-32.677963665115087],[150.04477002888001,-32.67841245532307],[150.04708694198999,-32.678727555149067],[150.04960862991001,-32.678864599448076],[150.05065019649999,-32.679083877505072],[150.05221254819,-32.679275744640073],[150.05350080099001,-32.679549840906049],[150.05407640477,-32.679988393189049],[150.05429568206,-32.680481768842043],[150.05478905638,-32.681002550630026],[150.05558393624,-32.681304056625045],[150.05668032190999,-32.681413694977032],[150.05736556309,-32.681249237602046],[150.05829749193001,-32.681194416455043],[150.05879086697999,-32.681139597295044],[150.05961315683001,-32.681358874276036],[150.05998769030001,-32.681840417003031],[150.06005853575999,-32.68182162475604],[150.06094148696999,-32.682011215371013],[150.06153522001,-32.682335484022019],[150.06202620187,-32.682843487352017],[150.06246240761001,-32.683467228326002],[150.06275731131001,-32.684258716669007],[150.06269954882001,-32.684835748240992],[150.06246578555999,-32.685477013975976],[150.06226405172001,-32.685675671901969],[150.06229943292999,-32.685672272736994],[150.06200989946001,-32.686012124101993],[150.06144505171,-32.686481730080963],[150.06116795150999,-32.687041900203965],[150.06110895302999,-32.687684209692961],[150.06104148873999,-32.688332011849944],[150.06063665209001,-32.68889654047193],[150.06005729987999,-32.689368870515928],[150.05931298887,-32.68960709370792],[150.05885353711,-32.689487003476927],[150.05836990205,-32.68922663889493],[150.05781596917001,-32.688840205980938],[150.05775124733,-32.688817945981924],[150.05763869032,-32.688694067551936],[150.05740736682,-32.688699674355938],[150.05701943455,-32.688566250679941],[150.05620764381999,-32.688566635060937],[150.05539611355999,-32.688860391106928],[150.05463244500001,-32.689248400813931],[150.05390573624999,-32.689647851129912],[150.05325564021999,-32.690077475765897],[150.05289003031999,-32.690688524674918],[150.05294569736,-32.69144202249889],[150.05304563196,-32.691687864025887],[150.05314888909001,-32.692424010861885],[150.05320615097,-32.693430095535881],[150.05305143277999,-32.694407686907859],[150.05288831308999,-32.694735768597845],[150.05235484701001,-32.695180663439842],[150.05204343538,-32.695489371424841],[150.05157439557999,-32.696001321239834],[150.05097291769999,-32.696479935169833],[150.05017353669999,-32.696496918076832],[150.04944724062,-32.696137672960838],[150.04910327425,-32.695762664901835],[150.04867135763001,-32.695162728808832],[150.04843544119001,-32.694766183402848],[150.04775146737001,-32.694144919705849],[150.04729497963999,-32.693391302164862],[150.04689255104,-32.692526998681899],[150.04614261380999,-32.691848610551894],[150.04509662989,-32.691477719321895],[150.04315687466001,-32.690544908812903],[150.04142959832001,-32.689386330977925],[150.03922048681,-32.68923350170693],[150.03709526575,-32.689046888106944],[150.03536063569001,-32.687895053245931],[150.03365065239001,-32.687459277712939],[150.03221475076001,-32.68677785381297],[150.03105293773999,-32.68585078876697],[150.02975002306999,-32.684927177525978],[150.02928160841,-32.683624742184016],[150.03050259589,-32.68216140704002],[150.03120052392001,-32.680883190488039],[150.03041949402001,-32.680701100021047],[150.02960485333,-32.680563771191039],[150.0289944788,-32.680791077965047],[150.02875673188001,-32.681031584270031],[150.02846374705001,-32.680989458457034],[150.02819796717,-32.680861364126031],[150.02757465328,-32.68077502335705],[150.02717433468001,-32.681109032433042],[150.02647562448001,-32.681765146669036],[150.02595889021001,-32.68240754850703],[150.02445063766999,-32.68278756813401],[150.02417346825999,-32.682953831109018],[150.02405041645,-32.682938469579014],[150.02351354786001,-32.682796909858013],[150.02310579077999,-32.68284447789101],[150.02267780061001,-32.682991750696004],[150.02224173323,-32.683382142587007],[150.02221151950999,-32.683782174484996],[150.02226633853999,-32.684169913399998],[150.02267581160001,-32.684580390552973],[150.02308196389001,-32.685090973421978],[150.02362151321,-32.685661973012976],[150.02377495741999,-32.686137928680971],[150.02399984671001,-32.686501081136953],[150.02425143591,-32.687079555575949],[150.02436874220999,-32.687253782772949],[150.02448934202999,-32.688042322122939],[150.02514381444001,-32.690654144456921],[150.02424168452001,-32.693184643578867],[150.02560600045999,-32.69589852774984],[150.02639762036,-32.698387538478791],[150.02873787703999,-32.700719133101771],[150.03049627384999,-32.701573157281757],[150.03154689753001,-32.702446299792747],[150.03152321699,-32.70261928901575],[150.03197068051,-32.703274507059746],[150.03252271525,-32.703978826690729],[150.03271307243,-32.704778323937717],[150.03278921575,-32.705406502072712],[150.03303668029,-32.706015644478683],[150.03360775202,-32.706434429685693],[150.03423592928999,-32.706567678354681],[150.03474989308,-32.706815142207695],[150.03541614366,-32.707519462758661],[150.03537807230001,-32.708357032991671],[150.03530668616,-32.708713968131654],[150.03702963952,-32.707426285071669],[150.03720096014999,-32.707026534685681],[150.03725806687001,-32.706607749118696],[150.03729613661,-32.70620799841069],[150.03742938628,-32.705713073245711],[150.03763877941,-32.705503680026702],[150.03813370616001,-32.704704180654737],[150.03845731243001,-32.704076000516729],[150.0388951322,-32.703447826050727],[150.03925681164,-32.703314574169738],[150.03990305028,-32.703032882309735],[150.04002299819999,-32.702852958977736],[150.04049889019001,-32.703090903000735],[150.04100452552001,-32.703893972755736],[150.04058812201001,-32.707076501563684],[150.04267015088001,-32.707433419144678],[150.04192657286001,-32.710913380404627],[150.04142093742001,-32.711062098279626],[150.04037992356001,-32.710913383689629],[150.03990403098999,-32.711002613986636],[150.03927942318001,-32.711746193892623],[150.03936865418001,-32.712668235048618],[150.03960659790999,-32.713084641714595],[150.03955472586,-32.713356979639599],[150.03896836252,-32.713371405772591],[150.03848132754999,-32.713807823360604],[150.03775026403,-32.713637163222593],[150.03740449441,-32.713315548434601],[150.03684226600001,-32.71318789239659],[150.03669288104001,-32.713710320872586],[150.03649424356999,-32.714422599115593],[150.03604996525999,-32.714480677068586],[150.03563874195001,-32.713877707636591],[150.03529621893,-32.7136503263986],[150.03467825461999,-32.713524028830605],[150.03426866589999,-32.712968175701597],[150.03333247835999,-32.713321284853606],[150.03307483862,-32.713940685548586],[150.03343840197999,-32.714780628628581],[150.03318561520001,-32.715541387668573],[150.03242146625999,-32.716031742328568],[150.03247542093999,-32.716179205226553],[150.03242239658999,-32.716171191632554],[150.03216652814001,-32.715993009733573],[150.03184927727,-32.715911729906573],[150.03180066696001,-32.716500703110547],[150.03235017348999,-32.717472673400536],[150.03262289666,-32.718020080222516],[150.03283342048999,-32.718688958457513],[150.03326994928,-32.719559893474518],[150.03362987675999,-32.72010936528752],[150.03405526322999,-32.72043908708649],[150.03491499602001,-32.720828266837508],[150.03638266265,-32.721305589739494],[150.03733042514,-32.721672247598484],[150.03772270195,-32.722124118322469],[150.03875179240001,-32.723549996900459],[150.03960813889,-32.724922608591434],[150.04012239445001,-32.72520523563545],[150.04098464101,-32.725520668766428],[150.0417694347,-32.72553920474143],[150.04271970140999,-32.725832115755431],[150.04320896514,-32.725991198246419],[150.04386938320999,-32.72625267051643],[150.04424792041999,-32.726151819379425],[150.04443147628001,-32.726205803144417],[150.04450119979001,-32.726084338489422],[150.04463242071,-32.72604937776142],[150.04496270043001,-32.725737516482432],[150.04517671159999,-32.725422912405428],[150.04588079922999,-32.725242808590437],[150.04637330785999,-32.725303599461427],[150.04712031847001,-32.725513882726432],[150.04758360904,-32.725797196607424],[150.04816791960999,-32.726049509338431],[150.04892456946001,-32.726210462447426],[150.04951595825,-32.726248247265417],[150.04996085542001,-32.726449559906428],[150.05059607409001,-32.726870039985414],[150.05134331474,-32.727317009003407],[150.05242188636001,-32.727986459312397],[150.05272580262999,-32.728184443758394],[150.05317621134,-32.728218895439397],[150.05317679964,-32.728218826582385],[150.05331897272001,-32.728297314942402],[150.05442166091001,-32.7279687273384],[150.05476401269999,-32.7279938398704],[150.05532172776,-32.728197785554407],[150.05554105056001,-32.728393776511389],[150.05615595425999,-32.72857520858139],[150.05691264586,-32.728736114959389],[150.05761528958001,-32.728824183760395],[150.05826310009999,-32.728863255033389],[150.05862813102999,-32.728919535613372],[150.0592211142,-32.728909603681373],[150.05955849457001,-32.728809941814383],[150.06063963477999,-32.728634944009393],[150.06302526525999,-32.72824570577739],[150.06473865581,-32.727778776716406],[150.06517255836999,-32.727634455793414],[150.06609864988999,-32.727448775792404],[150.06610270592,-32.727325066510403],[150.06611755968001,-32.727320125791394],[150.06642911450999,-32.726652154518405],[150.06607009813001,-32.725953664173424],[150.06498314589001,-32.725178915957429],[150.06356993092999,-32.724648047643456],[150.06260267587001,-32.72410610960344],[150.06130261044001,-32.723619571117446],[150.06039602478,-32.723217591559468],[150.05928117306999,-32.723245202668473],[150.05836806949,-32.722654731758482],[150.05744518802001,-32.721781536274484],[150.05690924787999,-32.72080443986551],[150.05737501653999,-32.719755398065516],[150.05868969629,-32.720666053828495],[150.05889796602,-32.720236457545496],[150.06005055598001,-32.719689155758516],[150.06037335978999,-32.720954477189494],[150.06087156574,-32.722451251856469],[150.06222408636,-32.72284217562445],[150.06317660897,-32.722960041224461],[150.06388654042999,-32.722517998133476],[150.06407025765,-32.721381602805486],[150.06398998557,-32.720676193802504],[150.06383113801999,-32.720400701125506],[150.06373404535,-32.719429758729504],[150.06392719441001,-32.719043460494511],[150.06555617932,-32.719117214493515],[150.06577147146999,-32.719628530184515],[150.06587085884999,-32.720523010990497],[150.06616902048,-32.721616263497488],[150.06696411194,-32.722063503486474],[150.06731196601999,-32.722113196662491],[150.06748282141001,-32.721698261379487],[150.06750319924001,-32.721688563819477],[150.06778420584001,-32.72138026302548],[150.06808400131999,-32.721015150311501],[150.0682002938,-32.7204508789115],[150.06855429718999,-32.7200260745905],[150.06934939156,-32.719777608161515],[150.06974891261001,-32.719808897582517],[150.06989601621001,-32.720324235639509],[150.06999512391999,-32.720497674277503],[150.07005043648999,-32.721977166295474],[150.0700646155,-32.722578630011469],[150.07043495867001,-32.722644541620468],[150.07091290011999,-32.722526904230463],[150.07154833398999,-32.722770762485474],[150.07199999900999,-32.72293875911447],[150.07246998943,-32.723064244442469],[150.07284735233,-32.722915621288472],[150.07328108309,-32.722596562947466],[150.07400056272999,-32.72234142881247],[150.07454467879001,-32.72175300227849],[150.07471143590999,-32.721313202192476],[150.07440166306,-32.720948151014497],[150.07458159863,-32.720623160464498],[150.07466759464,-32.720423620688507],[150.07516350885001,-32.720423619794495],[150.07660461566999,-32.720672085087493],[150.07794633632,-32.720970242826503],[150.07856366390001,-32.721045275038485],[150.07908487967001,-32.721157618110496],[150.07976256313,-32.721144789886495],[150.08013431044,-32.721167767450488],[150.0799408634,-32.721907519603469],[150.07980656888,-32.722391023504464],[150.07974554648999,-32.722704481070465],[150.07949222805999,-32.722684263123483],[150.07908757070999,-32.722631890237452],[150.07843239533,-32.722473486179467],[150.07794407727999,-32.722390532870484],[150.07754840544001,-32.722581681957472],[150.07717909786001,-32.723002449065461],[150.07705185815001,-32.723193801999464],[150.07705185841999,-32.723291167547458],[150.07694747393001,-32.723354862179455],[150.07708713728999,-32.723744562853462],[150.07729914925,-32.723992825677449],[150.07782037807999,-32.72410517415144],[150.07820765484001,-32.724171458032451],[150.07829909208999,-32.724113663701452],[150.07854265813,-32.724746935819439],[150.07849813144,-32.725503908366434],[150.07790379669001,-32.725180574492448],[150.07769038011,-32.724975217558438],[150.07735339118,-32.724924419200448],[150.07699714987001,-32.724944732639436],[150.07665549156999,-32.725036949332441],[150.07629410960001,-32.725214581293443],[150.07589047607999,-32.725648854194439],[150.07588972969,-32.725671696378427],[150.07585921974001,-32.725691111942446],[150.07466658124,-32.725740805923444],[150.07317578064001,-32.725691113504432],[150.07262915449999,-32.725691112898438],[150.07233099480999,-32.726734673966405],[150.07208252954001,-32.727877619666387],[150.07198360792,-32.729651024948375],[150.07160916583999,-32.730744348819357],[150.06962098247001,-32.730440223489353],[150.06890215996,-32.731157382250352],[150.06711320125001,-32.733840822355305],[150.06467822830999,-32.735729168642301],[150.06328681559,-32.73746843828927],[150.06100092809001,-32.739953105341229],[150.0591622737,-32.741096052642206],[150.05912475795,-32.741085501445227],[150.0579258322,-32.742795116630212],[150.05860959072999,-32.744974508419169],[150.05879776094,-32.744710704696182],[150.05890885778999,-32.747916067784139],[150.06044355153,-32.750981980854071],[150.06416732995999,-32.752441664689073],[150.06621818766999,-32.752735680447053],[150.06780209300999,-32.751982317121062],[150.0680976557,-32.752305349403059],[150.06955069819,-32.752627617436055],[150.07083426649001,-32.752954079748072],[150.07211036313001,-32.753065705231059],[150.07347370080001,-32.753246816782038],[150.07482456909,-32.753069876602062],[150.07614797522999,-32.752105236138071],[150.07746885531,-32.751068972599086],[150.07865020310999,-32.75089620964409],[150.07935559866999,-32.751667002744078],[150.07888213518001,-32.752682179536066],[150.07883486953,-32.753758405233043],[150.08072417804999,-32.754428021080017],[150.08190306647001,-32.754183621604042],[150.08244623722001,-32.752736676149055],[150.08318888656001,-32.752144793165066],[150.08424330227001,-32.753193532254045],[150.08546222094,-32.754094816018046],[150.08690783487,-32.754202056290033],[150.08884937727001,-32.753938537627036],[150.09116247647,-32.754597408164031],[150.09223902946999,-32.753853776225036],[150.09324277752,-32.751033522918071],[150.09351594966,-32.750603631788096],[150.09474341987999,-32.750572902446073],[150.09482789660001,-32.750620187152087],[150.09619857202,-32.749853627656094],[150.09612640866001,-32.749702106982099],[150.09619229984,-32.74911598580411],[150.09644950062,-32.749605816920102],[150.09769926141001,-32.749014329500106],[150.09798453088999,-32.748879313420105],[150.09942559536,-32.747409773628128],[150.10054377770001,-32.746407008096156],[150.10079616949,-32.745465888151166],[150.10189860144001,-32.745018240747164],[150.10147902272001,-32.743759906601184],[150.10204180432001,-32.742699894142206],[150.10416455504,-32.741327854067222],[150.10578127439001,-32.74100054871122],[150.10614361840999,-32.739730041468235],[150.10697638571,-32.738333031671246],[150.10905135273001,-32.737535466873261],[150.11185570661999,-32.736260809568279],[150.11661793283,-32.7340119739683],[150.11662495492999,-32.733356129633314],[150.11714105297,-32.733105603985308],[150.11785676587999,-32.733229420843308],[150.11918184230001,-32.733486837254333],[150.11954255500001,-32.733505397293314],[150.11924256423001,-32.734125116235312],[150.11966604188001,-32.734302492043319],[150.11901969396999,-32.734365424467313],[150.11944984102999,-32.735031325931317],[150.11865976397999,-32.735025080268294],[150.11816026704,-32.734321800504297],[150.1175027658,-32.734581000704303],[150.11788982856001,-32.735269771113302],[150.11705783036999,-32.735250624143291],[150.11664723701,-32.735730197397281],[150.11654276249001,-32.735906704430285],[150.1153779638,-32.736142287642274],[150.11554284307999,-32.73671859941129],[150.11619334058,-32.737115256257262],[150.11680960155999,-32.737260645265273],[150.11677485057001,-32.737415030470267],[150.11597300796001,-32.737590464335263],[150.1154135875,-32.737699782340265],[150.1149110977,-32.737491258475274],[150.1151822269,-32.736960769141291],[150.11455456019999,-32.736731617740283],[150.11395497535,-32.736944424711275],[150.11353986833001,-32.737125697589278],[150.11393037056001,-32.737707213143267],[150.11394148436,-32.737871023687269],[150.11306654399999,-32.737893069618266],[150.11018024606,-32.738768460951235],[150.10852203407001,-32.739842242038243],[150.10804346622999,-32.741520432040218],[150.10797856549999,-32.741748014098192],[150.10804173659,-32.741913680044199],[150.10777797726001,-32.741844712490213],[150.10597335029999,-32.744048881090187],[150.10481876673001,-32.744973641247157],[150.10481862648999,-32.745260711585161],[150.10495325331999,-32.746079540247138],[150.10506943697001,-32.746857967152138],[150.10491019137001,-32.747575796509132],[150.10446076663999,-32.748238851618133],[150.10384990264001,-32.748824335897119],[150.10319780099999,-32.749351438740121],[150.10248040157001,-32.749811698971101],[150.1017573012,-32.750228455625098],[150.10105984839001,-32.750665118184088],[150.10038695283001,-32.751084347865067],[150.09966016336,-32.751490794095091],[150.09890026638001,-32.75189397354206],[150.09809075055,-32.752274561604061],[150.09725088586001,-32.752602598145053],[150.09641077353999,-32.752943668409053],[150.09561014184999,-32.753384147274055],[150.09484856966,-32.753909240859045],[150.09414617453001,-32.754477080804037],[150.09348778532001,-32.755053640080042],[150.09283081714,-32.755590633492019],[150.09220210058001,-32.756124818694019],[150.09167581035001,-32.756708582217016],[150.09131162539001,-32.757318538249997],[150.09126142822001,-32.757927776986989],[150.09138213855999,-32.758518702185974],[150.09146286556,-32.759152582183972],[150.09154493616001,-32.759827746519967],[150.09163035673001,-32.760476838896956],[150.09147731232,-32.76106793461193],[150.09106735961001,-32.761515784849948],[150.09044987108001,-32.761818210595941],[150.08995499752001,-32.762102284299942],[150.08966387676,-32.761832739667945],[150.08984669002001,-32.761008575268953],[150.09052119532001,-32.759801705730972],[150.09040341720001,-32.759083331593978],[150.09005758212999,-32.758866567257989],[150.08958558742,-32.759273052047966],[150.08918959958001,-32.758428936455971],[150.08900033934,-32.757738719762003],[150.08863768430999,-32.756955016081001],[150.08800297348,-32.756940255726001],[150.08784251172,-32.757532886361005],[150.08752717222001,-32.757813044233977],[150.08749230827999,-32.757801814505989],[150.08679630187001,-32.757150732076013],[150.08640132152999,-32.756276813582012],[150.08580352156,-32.755129812935039],[150.08479066997,-32.754808054965039],[150.08396217646001,-32.755325488893021],[150.08426458234999,-32.756287101920023],[150.08367531789,-32.756262992282011],[150.08365065352999,-32.756287079687041],[150.08328444201001,-32.755548248189022],[150.08201212453,-32.755608059101029],[150.08118263424001,-32.756155270630025],[150.08048931990999,-32.756854741356001],[150.07993995781999,-32.757468109896998],[150.07985567296001,-32.757745786899001],[150.0797245999,-32.757857575050998],[150.07947534587001,-32.757830626247987],[150.07909465167,-32.757418575544989],[150.07819829626999,-32.756771481682009],[150.07783866373001,-32.755898365801016],[150.07771884341,-32.75416612292004],[150.07558160439001,-32.753698771863036],[150.07500494064999,-32.755146386924025],[150.07545083490001,-32.756617885139001],[150.07537976628001,-32.756664761028006],[150.07498478530999,-32.756791979764003],[150.07447797930999,-32.756852367494005],[150.07418388107999,-32.757337480577988],[150.07403933564001,-32.758057776689988],[150.07401453970999,-32.758315135657966],[150.07390647006,-32.75851997425098],[150.07386550532999,-32.759771372659962],[150.07278324072999,-32.760491521671966],[150.07299227202,-32.761145456803952],[150.07288402299,-32.761174919686944],[150.07296243146001,-32.761539339163939],[150.07368524611999,-32.761537152620953],[150.07422924743,-32.761461874243942],[150.07431176703,-32.761466795502947],[150.07508012087999,-32.761703331944922],[150.07577412982999,-32.761891294534941],[150.07660293215,-32.762101485159945],[150.07743734695001,-32.762140049557935],[150.07798709763,-32.761904795366931],[150.07807976607,-32.761680364228937],[150.07891133411999,-32.761726298409933],[150.07895564431001,-32.761777852602933],[150.07950774163001,-32.762080266971942],[150.07941833236001,-32.762559836266924],[150.07988729721001,-32.763118270624915],[150.07986664396,-32.763327785305904],[150.07990631461001,-32.764187469828904],[150.08001182458,-32.765105941828899],[150.0803279408,-32.765800320858887],[150.08144723212999,-32.766799683617869],[150.08152753772001,-32.766846649349873],[150.08180239299,-32.767852499271854],[150.08600366831999,-32.768321042777849],[150.08799402182001,-32.76881069735385],[150.08801454192999,-32.769583417070827],[150.08801485209,-32.770656875627822],[150.08736838690001,-32.770999652366804],[150.08600073541999,-32.770729280564829],[150.08610655593,-32.77113394886382],[150.08559093846,-32.771034803436812],[150.08481636958001,-32.771097175478815],[150.08400735058001,-32.771310881271802],[150.08335373618999,-32.771787861603819],[150.08311084127999,-32.772512691383795],[150.08324127537,-32.773308135083781],[150.08376046155001,-32.773996660261773],[150.08444108219001,-32.774573204355761],[150.08525304705,-32.775024686061755],[150.08617095298999,-32.77529503260876],[150.08710142696,-32.775398916698755],[150.08787667211999,-32.775544124489748],[150.08852660938999,-32.775806344334747],[150.08893888861999,-32.775910614686744],[150.08878729040001,-32.776756362698727],[150.08736483299,-32.778129736462702],[150.08679973725,-32.77814384671872],[150.08641112295999,-32.7799691888357],[150.08530427515001,-32.78066573704568],[150.08493231240999,-32.782968459001658],[150.091680389,-32.78184428832266],[150.09235853652001,-32.781827327426662],[150.09385798088999,-32.782649852724653],[150.09684355658001,-32.783912948126641],[150.09956961340001,-32.784226871613633],[150.10078270823001,-32.783336409845653],[150.09951929646999,-32.782794728336661],[150.09834880609,-32.781677344070665],[150.10062941172001,-32.782193529718654],[150.10176301414,-32.782260654445665],[150.10348525092999,-32.782981915705633],[150.10470164782001,-32.782186891008656],[150.10540331722001,-32.782838190375649],[150.10554995315999,-32.783790112578643],[150.1054180065,-32.786469120346588],[150.10920855320001,-32.788093939505586],[150.11054010302001,-32.786578611319598],[150.11061053563,-32.786658336065599],[150.11158940303,-32.787422610047592],[150.11217876431999,-32.788094617330572],[150.11162812155001,-32.789358677557566],[150.11159944763,-32.789400064387571],[150.11112842150001,-32.790390617891525],[150.11146468022,-32.791905152748527],[150.11216279513999,-32.792696435724515],[150.11236328736001,-32.793186826043517],[150.11254460127,-32.793945050162506],[150.11271359258001,-32.794744432108487],[150.11298191208999,-32.795526586588487],[150.11323882970001,-32.79628556471247],[150.11335951747,-32.796462096611464],[150.11355477815999,-32.797544819693456],[150.11297264779,-32.798126120793434],[150.11293872439001,-32.799174940778428],[150.11371818606,-32.799526889172419],[150.11390961724001,-32.799512330174409],[150.11405156762001,-32.80029938603942],[150.11574390227,-32.800161195133413],[150.11637766043,-32.799478475181417],[150.11644090671999,-32.799499566345411],[150.11652779176001,-32.799501568455419],[150.11649626746001,-32.80047737062641],[150.11635498748001,-32.802227435319388],[150.11631570546999,-32.80344311557937],[150.11629490927999,-32.804086712065356],[150.11615634073999,-32.804441339659348],[150.11643999805,-32.804841477015358],[150.11687030644001,-32.804636703006366],[150.11701591312001,-32.804434516912352],[150.11729184724999,-32.80460193930535],[150.11803375413999,-32.804583234600351],[150.11848248058001,-32.804273292865346],[150.11870762633001,-32.803640496056367],[150.11922255325999,-32.803322907722361],[150.11963484233999,-32.802982823174375],[150.12017292272,-32.802840240610372],[150.12053156427999,-32.802902861433374],[150.12079251402,-32.803082619751386],[150.1211526774,-32.803188202633372],[150.12148574602,-32.803007785335389],[150.12162670660001,-32.802674542776373],[150.12189055158001,-32.802148690565375],[150.12207506938,-32.802216000961387],[150.12259464196001,-32.80187012999739],[150.12285672965999,-32.801625684322403],[150.12241754064999,-32.800792597477404],[150.12172319421001,-32.799989418836418],[150.12134852502999,-32.799438440318411],[150.12140578693001,-32.799370012968424],[150.12145187273001,-32.799199659533429],[150.12153961864001,-32.799044447696438],[150.12162737380001,-32.798974261110438],[150.12162994931001,-32.798992050220434],[150.1219555644,-32.799405069367431],[150.12228963846999,-32.799555881377415],[150.12268630665,-32.799517293182433],[150.1230303721,-32.799358221254437],[150.12326691640001,-32.799029694519433],[150.12350883683999,-32.798534307703456],[150.12357738496999,-32.798336360867431],[150.12393989326,-32.798183619677452],[150.12477299995001,-32.797572999629445],[150.12490259897001,-32.797010965215463],[150.12498384347001,-32.797019090703458],[150.12511347096,-32.796976930230457],[150.12591410578,-32.797476975322454],[150.12686101329001,-32.797891028909447],[150.12780457213,-32.79828475525246],[150.12874259242,-32.798633473111444],[150.12975194339,-32.79883760070944],[150.13081979371,-32.79877422009843],[150.13187280510999,-32.79851445178344],[150.13233523288,-32.798403273636438],[150.13481408017,-32.798102420561449],[150.13550506921001,-32.798443256977428],[150.13684557081999,-32.800344374872417],[150.1368694896,-32.800373406450419],[150.1368510842,-32.800392313540407],[150.13662208887001,-32.802247750282405],[150.13562877844001,-32.803274625623381],[150.13452713215,-32.804155885079361],[150.13426925990001,-32.804315986199356],[150.13420961922,-32.804319408316374],[150.13242221988,-32.804564715151351],[150.13106049309999,-32.804748190658351],[150.13024111799001,-32.805194568376351],[150.12937249152,-32.805854503242337],[150.12880137639999,-32.80648547685233],[150.12865585678,-32.806867853388326],[150.12836338903,-32.806929826237322],[150.12783936673,-32.806536122836327],[150.12702234551,-32.806469653950344],[150.12661950693001,-32.806698950764336],[150.12664005542999,-32.806937971356334],[150.12694133201001,-32.807231146653315],[150.12743942852001,-32.807552695582316],[150.12745691044,-32.807887062816306],[150.12775282526999,-32.808347095825297],[150.12828606221001,-32.808454755707302],[150.12878609884999,-32.808614621016304],[150.12881587148999,-32.808668520119298],[150.12887333712001,-32.808642512085299],[150.12892914221001,-32.808660352768293],[150.12944412642,-32.808457477911297],[150.12957275612001,-32.80832596007631],[150.12971881857001,-32.808259851442301],[150.13048784109,-32.808062799443299],[150.13171914594,-32.807983688374307],[150.13285658446,-32.808188669962306],[150.13411530304001,-32.808575330961304],[150.13454668437001,-32.808959936909297],[150.13337357866001,-32.810575731026283],[150.13580129821,-32.812019288103265],[150.13889983113,-32.813230758619227],[150.14360450858999,-32.814257995501215],[150.14540314607001,-32.814713960834212],[150.14546979922,-32.814686153431225],[150.14488709618001,-32.815181502081217],[150.14417046059,-32.815517712007207],[150.14333991474999,-32.815666668956212],[150.14260551095001,-32.816031541432203],[150.14203916797999,-32.816629983156183],[150.14204496887001,-32.817515865679184],[150.14214878676,-32.81766046886419],[150.14188441612001,-32.817919201611176],[150.14245191629001,-32.819553220836156],[150.14533215150001,-32.821773481448126],[150.14668392346999,-32.821595757480132],[150.14790998609999,-32.820274475194154],[150.14813372072999,-32.819408726109167],[150.14964226836,-32.818868620267168],[150.15056997299001,-32.818701648882175],[150.1512768986,-32.817106872151172],[150.15143079064001,-32.816051239492197],[150.15149286107999,-32.815829001250201],[150.15161782515,-32.81526477206021],[150.15178846794001,-32.81473167879021],[150.15303410525999,-32.814414004790223],[150.15437460449999,-32.814320094866225],[150.15722157376999,-32.813829364576243],[150.15790378463001,-32.814171267942221],[150.15857481734,-32.815078923362208],[150.15909726602001,-32.816598118064192],[150.15977062315,-32.817855507600171],[150.16098078663001,-32.819296859347155],[150.16065524849,-32.820081618936143],[150.16091962707,-32.820449208012136],[150.16082118452999,-32.820764229996129],[150.16069237683999,-32.820877991333141],[150.16059776586999,-32.821111523616132],[150.16033790997,-32.821842669130135],[150.16064198096001,-32.822432161312108],[150.16101458911001,-32.822960173409108],[150.16123421016999,-32.823682048884102],[150.16134755124,-32.824355230771083],[150.16122759893,-32.824955558849076],[150.16064505569,-32.825478120105075],[150.15991775804,-32.825783607449083],[150.15941204741,-32.82621660396407],[150.15976473051001,-32.82756116515705],[150.16031916897001,-32.827841874017039],[150.16487263631001,-32.830924561829001],[150.16543869685,-32.833301341914961],[150.16563085625,-32.834309557707947],[150.16654436760999,-32.835122344215947],[150.16819911504001,-32.834520762588951],[150.17070376212999,-32.833731684789967],[150.17292911500999,-32.833831974072964],[150.17503360593,-32.833926777624953],[150.175220954,-32.834422121683943],[150.17545341300999,-32.834983555028934],[150.17512579680999,-32.83570868174894],[150.17509015243999,-32.835713084771939],[150.17518840903,-32.83541113650994],[150.17476385322001,-32.835753385476934],[150.17421015675001,-32.83582177150992],[150.17347766444999,-32.836109333233907],[150.17307397571,-32.836687090065922],[150.17274632951001,-32.837412210551918],[150.17225772745999,-32.837969687870888],[150.17219554510001,-32.838083929799907],[150.1721062105,-32.839122703381904],[150.17273771906,-32.840171984043877],[150.17376770179001,-32.841025503421868],[150.17405532270999,-32.841853775726847],[150.17403224623001,-32.842391906212846],[150.17423541228999,-32.84331842327483],[150.17434344155001,-32.843960697518817],[150.17589777884001,-32.844567620013812],[150.17579056842001,-32.844617286186811],[150.17664915233999,-32.844881930414793],[150.17717876150999,-32.845441704017801],[150.17745905164,-32.846151222832795],[150.17765710012,-32.846934525349781],[150.17736424019,-32.848232137926779],[150.17774486048,-32.849369110683753],[150.17780165005999,-32.85094443037174],[150.17784181387,-32.852058485857711],[150.17766876665999,-32.851969163644704],[150.17775279204,-32.854299922054693],[150.17758880060001,-32.854461811367685],[150.17761719538001,-32.855249471116672],[150.17713656416001,-32.85605020376066],[150.17736044397,-32.857549558409644],[150.17823981825001,-32.858387035638621],[150.17951757751999,-32.858497552079619],[150.17994806850999,-32.859362677041609],[150.17986719051001,-32.859557671591617],[150.17951762894,-32.860068356303607],[150.17863072973,-32.860592845707593],[150.17831115953001,-32.86115053709959],[150.17818524793,-32.861583800982579],[150.17820418285001,-32.862108908407571],[150.17827151423,-32.862111907269579],[150.17840399253001,-32.862939945956562],[150.17876058584,-32.863408596620552],[150.17999922064999,-32.864786317403535],[150.18077589702,-32.865913104301534],[150.1811857795,-32.867073205347516],[150.18168985118999,-32.867705292880501],[150.18261989742999,-32.868374205818483],[150.18289853696999,-32.868447107889494],[150.18264704715,-32.868906018020482],[150.18281590101,-32.870559528778465],[150.18237476177001,-32.870663791229461],[150.18135464576,-32.871085919146445],[150.18051082816001,-32.870784318039462],[150.17947750617,-32.870522814083465],[150.17838591843,-32.869855248274483],[150.17743254767001,-32.869045608492478],[150.17658277295999,-32.868093977616496],[150.17585654884999,-32.867047672683505],[150.17547984376,-32.865620822446537],[150.17494615134001,-32.864714828331543],[150.17415832606,-32.864044536287544],[150.17296792753999,-32.863877036103545],[150.17170963705999,-32.864074024387548],[150.17040634465999,-32.864597281447544],[150.16969036796999,-32.865114872304531],[150.16864775657999,-32.866019040843526],[150.16763062737999,-32.866945924329514],[150.16650218449999,-32.867810696504506],[150.16523401727,-32.868605612678486],[150.16403088889999,-32.86937613457048],[150.16357706081999,-32.869651825629475],[150.16245251538001,-32.869725866696491],[150.16051032346999,-32.870826661580452],[150.16011284174999,-32.871882428858441],[150.15972196582999,-32.872419907231425],[150.15950296616001,-32.873636039359432],[150.15947993629001,-32.874835449685406],[150.15953267617999,-32.875984734731382],[150.15939662925001,-32.876994506013361],[150.15864828278001,-32.877324620991352],[150.15887534212001,-32.878426683126357],[150.15871833309001,-32.878793395314361],[150.15860603071999,-32.879577190645335],[150.15869815984999,-32.880352430673341],[150.15889623538999,-32.881078347634322],[150.15897763453,-32.881773708992313],[150.15891486648999,-32.882458887690312],[150.15874933321999,-32.883136943637282],[150.1584300776,-32.883780343835284],[150.15804787069999,-32.884368716793283],[150.15767278939001,-32.88494564716926],[150.15737473909999,-32.885574713800246],[150.15721968312999,-32.886224693329254],[150.15736863954999,-32.886847175107249],[150.15755816234,-32.88744040040725],[150.15773729241999,-32.888058521115219],[150.15781817440001,-32.888182893755229],[150.16164396643001,-32.8897809773622],[150.16199223909001,-32.889622766374202],[150.16262452471,-32.887516201282246],[150.16580164603999,-32.88235826320031],[150.16788031374,-32.881110553286305],[150.17123404928,-32.880875351398331],[150.17317878822001,-32.880825506242317],[150.17513965057,-32.881223163832317],[150.18018142700001,-32.883632087576288],[150.18178339566001,-32.883889546613283],[150.18337459501001,-32.883848630917292],[150.18500353751,-32.884851936737284],[150.18733973261999,-32.885837009973251],[150.19043181439,-32.888146405285241],[150.19211496112001,-32.890641387316208],[150.19285464734,-32.891518207634171],[150.19290870674001,-32.89300997754016],[150.19381983343999,-32.893733053242144],[150.19796247247999,-32.895716528842136],[150.20246437557,-32.897839893027083],[150.20586750945,-32.898946341203072],[150.20801118355999,-32.899488074144074],[150.20995631229999,-32.899437651328078],[150.21119412095999,-32.899405548157077],[150.21344393333001,-32.898003311527091],[150.21416212409,-32.898283300737084],[150.21469804885001,-32.89841870127109],[150.21613445105001,-32.898978660928073],[150.21970918008,-32.899930957775069],[150.22346627612001,-32.901027723231067],[150.22667110789999,-32.901541501100048],[150.22790893863001,-32.901509230887044],[150.22883137516001,-32.902530399600039],[150.22904648418,-32.903570014746023],[150.22909022754999,-32.904763415863997],[150.22930534644999,-32.905803030404975],[150.23039921681999,-32.906670399375983],[150.23149310872,-32.907537758644978],[150.23253775559999,-32.907062532728958],[150.23374280565,-32.906135153821971],[150.23423499382,-32.905077069210002],[150.23507536784001,-32.903860567330007],[150.23539617117001,-32.902956274746039],[150.23574436198999,-32.902797855330022],[150.23699317092999,-32.903063844562027],[150.23863953118001,-32.904513967128004],[150.24077805428999,-32.904905958226003],[150.24237509599999,-32.905013459780008],[150.24377882397999,-32.904678049561007],[150.24569890891999,-32.904875964298995],[150.24777764581,-32.904214365689015],[150.248949186,-32.904656761416],[150.25137498671,-32.904984137093997],[150.25405058598,-32.905111470413999],[150.25406878849,-32.905101423112015],[150.25407655091999,-32.905113159612995],[150.2554611619,-32.904492526549006],[150.25612836977999,-32.904865017147998],[150.25798142174,-32.905299317365994],[150.260283754,-32.904920429726999],[150.26539984511001,-32.905461923682999],[150.26600052090001,-32.906620137590984],[150.2662009835,-32.908377911399953],[150.26635515581,-32.908882253013942],[150.26782242064999,-32.909451106341933],[150.26962775045001,-32.910063111681936],[150.27049950393001,-32.911447805826896],[150.27080279418001,-32.91178873850491],[150.27398897826001,-32.912213376952892],[150.27658408522001,-32.912696064757895],[150.27731085818999,-32.91370610140887],[150.27685973953001,-32.91469045948687],[150.27699104404999,-32.91590055566185],[150.27994831172001,-32.918308441736805],[150.28168268822,-32.919411407893811],[150.28175219938001,-32.919355729258811],[150.28183346841999,-32.919407411487811],[150.28243764953999,-32.918923459772813],[150.28306786435999,-32.917587906573829],[150.28353195157001,-32.916177724815846],[150.28342008148999,-32.914328931097863],[150.28340849163001,-32.913343631261881],[150.28386965849,-32.913387581707894],[150.28387696931,-32.91336991199789],[150.28402042837001,-32.913383584946892],[150.28566488438,-32.909408393270944],[150.28756126867,-32.908378818789942],[150.29207931764,-32.911630220753928],[150.29654437073,-32.911853158418914],[150.29656934771,-32.911842864298897],[150.29669513728001,-32.911849142764915],[150.30467490789999,-32.908560665787945],[150.30864533739,-32.906404125431983],[150.31138304206999,-32.905664399666996],[150.31782899410001,-32.90684184142598],[150.31787248745999,-32.906818211285973],[150.31797975115001,-32.906837801013985],[150.32194977314001,-32.904680830570996],[150.32743526785001,-32.899748994352073],[150.32650985798,-32.896698104989106],[150.32191677182001,-32.893062194017141],[150.32945463333999,-32.892859665880167],[150.32960536739,-32.892855613585162],[150.33442254054,-32.891700681291169],[150.34121105396,-32.889125352720221],[150.34437044373001,-32.886989507722248],[150.34020762668999,-32.884026145943274],[150.33967360979,-32.880623028276325],[150.33957009670999,-32.877891804342362],[150.34304304247999,-32.873355247486437],[150.34368378630001,-32.868895146012498],[150.34636494424001,-32.868822668534499],[150.35127146280001,-32.87005690257547],[150.35138407958999,-32.870043244415463],[150.3514221554,-32.870052821445469],[150.35505014857,-32.869612757274481],[150.35782997942999,-32.868170336165491],[150.36051110372,-32.868097553441494],[150.36066179254999,-32.868093461063481],[150.36379389889001,-32.865274318166534],[150.36368965904001,-32.86254310455756],[150.36200646299,-32.860880075510593],[150.36185019728001,-32.85678325486564],[150.36252893783001,-32.853347258766696],[150.36264293338999,-32.853063182155687],[150.38024088693999,-32.850077109027737],[150.38216627767,-32.839648931304879],[150.38199040164,-32.838464503397887],[150.38421137217,-32.838060481339902],[150.38729596280999,-32.837976056256892],[150.38744659892001,-32.837971931268896],[150.38862043686001,-32.836914505813922],[150.39006736523999,-32.832431999815988],[150.39034046115,-32.829006927216035],[150.39142222273,-32.825559684085071],[150.39329333302001,-32.825508364401074],[150.39344394755,-32.825504232110063],[150.39747424124999,-32.825051826972064],[150.40177138617,-32.824933713814083],[150.40192200197001,-32.824929568818085],[150.40633018553001,-32.823782960527105],[150.41275989592,-32.822580425339105],[150.41874540553999,-32.820364545736147],[150.42114482186,-32.819614671438167],[150.42510839774999,-32.817454389717184],[150.42539334400999,-32.814370634235217],[150.42730864172,-32.811583466650255],[150.43124514051999,-32.808740197085299],[150.43197395048,-32.80666939016232],[150.43506170353001,-32.802824255589378],[150.43529306728001,-32.798374898862441],[150.44005043393,-32.795850281196472],[150.44118312353001,-32.793768173733497],[150.44630192280999,-32.791939502760528],[150.44867218378999,-32.792534207269519],[150.45274077533,-32.793104181249511],[150.45519265625001,-32.793719214867508],[150.45534321359,-32.793715007222502],[150.45923456446999,-32.793606190276499],[150.45938512148001,-32.793601978866498],[150.46381780877999,-32.793136104498508],[150.46566436226999,-32.788641386445569],[150.46678293894999,-32.786217654053601],[150.46666219143,-32.783145135781638],[150.46495175638,-32.780800718820693],[150.46969390089001,-32.777933567587723],[150.47392390393,-32.772704703515799],[150.47947122912001,-32.773215749213804],[150.47950412118001,-32.773200678778792],[150.47962175037,-32.773211513167759],[150.48438997919999,-32.77102657677581],[150.48665257566,-32.766861539335864],[150.49066620554001,-32.766064712397885],[150.49501620008999,-32.763549388320911],[150.49484040908999,-32.759111347165963],[150.49711573957001,-32.755287503785027],[150.49774783722,-32.750826597249073],[150.50446516642,-32.750636282115082],[150.50461564791999,-32.750632014489085],[150.51264102947999,-32.749037063001111],[150.51854222256,-32.74752576713913],[150.52385647025,-32.750084837188098],[150.52688901240001,-32.755124932886027],[150.52943593517,-32.75812818512599],[150.52958642823,-32.758123887103991],[150.53509219580999,-32.75796651948199],[150.53524268832001,-32.757962214574995],[150.54078932838999,-32.755069218401019],[150.54384267720999,-32.752652358601061],[150.54671260275001,-32.755241140550019],[150.54932886762001,-32.759950894739958],[150.54945905911001,-32.759910024387963],[150.54947936281999,-32.759946572502969],[150.55666922449001,-32.757689203274005],[150.55920335159999,-32.757107734539005],[150.55922157015999,-32.757095852873015],[150.55927683638001,-32.757090873071995],[150.56084161061,-32.756731827433001],[150.56073280915001,-32.756763388573006],[150.56058738422999,-32.756809525517006],[150.56044345894,-32.75685930181799],[150.56027539262999,-32.756921683954012],[150.56010825093,-32.756988340370008],[150.56002856088,-32.757023138422994],[150.55994334946999,-32.757060347470002],[150.55978199741,-32.757138791098988],[150.55962549665,-32.757224746913003],[150.55948612385001,-32.757320294525996],[150.55936719184001,-32.757418573028993],[150.55936729026001,-32.75742057223399],[150.55939282271001,-32.757987753959981],[150.55957576086001,-32.757848143264972],[150.56230532908,-32.756412903622021],[150.56222407288999,-32.756440945620014],[150.56208815201001,-32.756483038667],[150.56195134471,-32.756520526521001],[150.56179799795001,-32.756552949467],[150.56164234490001,-32.756576193693007],[150.56148574565,-32.756595823864004],[150.56135635986001,-32.756613704413013],[150.56243004725999,-32.756367309840009],[150.56623228089001,-32.753637798996031],[150.56738432106999,-32.75259546428606],[150.56875251826,-32.751692677570063],[150.56874719766,-32.751701890139081],[150.56870149065,-32.75180190222008],[150.56867245072999,-32.751886073377072],[150.57027431745999,-32.750736140725103],[150.57023067264001,-32.750748677639102],[150.57013926786999,-32.75077761439308],[150.57109600558999,-32.750146275171097],[150.57109626815,-32.750146096161096],[150.57171764707999,-32.749736061741096],[150.57681883910999,-32.749588514147106],[150.57838408987001,-32.749731453521107],[150.57848291734999,-32.749740477356106],[150.579660499,-32.749848007141104],[150.579678664,-32.749831567141094],[150.579810974,-32.749843648141102],[150.58332197999999,-32.74666586414115],[150.58562089700001,-32.743523152141179],[150.585830644,-32.738732137141255],[150.58671392801,-32.736927789799289],[150.58767930798001,-32.734955739040295],[150.59244958908999,-32.736147399127297],[150.59249858916999,-32.736117683112283],[150.59260004180999,-32.736143024281283],[150.59292899100001,-32.735943528528274],[150.59733564199999,-32.733270978141313],[150.599647632,-32.730469380141358],[150.598714594,-32.727420526141401],[150.59778162200001,-32.72437166414143],[150.60053898699999,-32.722582420140455],[150.60403422100001,-32.719062669140513],[150.60538451715999,-32.718375926334531],[150.60759893609,-32.717249702021533],[150.60964925280999,-32.717189802101558],[150.60975831576999,-32.717186615748545],[150.60987144500001,-32.717183310141536],[150.61002186499999,-32.717178914140554],[150.611486727,-32.717136096141544],[150.611637145,-32.717131698141536],[150.612778754,-32.71538939614156],[150.61268010430999,-32.712978811835612],[150.61267884183999,-32.712947959640594],[150.61265302186999,-32.712317021107623],[150.61613678873999,-32.712215078302606],[150.61782192781999,-32.713874654246595],[150.61797234219,-32.713870248880582],[150.62105236399,-32.713779995360596],[150.62120277698,-32.713775586054595],[150.62262950127999,-32.713531311253597],[150.62280670251999,-32.713500971428594],[150.62361158600001,-32.713363159141601],[150.625184738,-32.712291643141619],[150.62787102499999,-32.708794919141653],[150.63222832899999,-32.706616143141687],[150.63630053093999,-32.702352356556752],[150.63726636094,-32.701341086981756],[150.63913469587001,-32.701286049198764],[150.63928508794999,-32.701281617865767],[150.64328026462999,-32.700138464212785],[150.64436866015001,-32.700003577378787],[150.64625139285999,-32.700584141840778],[150.65002661593999,-32.700717779062764],[150.65026293324999,-32.70066298046477],[150.65052994331,-32.700604723559771],[150.65079991149,-32.700537879162766],[150.65106927011999,-32.70048011527679],[150.65133446050001,-32.700449081978761],[150.65159192393,-32.700462447272763],[150.65175110627999,-32.700495354042772],[150.65190984042999,-32.700541213763763],[150.65206582265,-32.700598726657788],[150.65221674021001,-32.700666655696779],[150.65236026248999,-32.700743754886766],[150.65241922805001,-32.700783544992774],[150.65244272958,-32.700783800959776],[150.65601336405999,-32.700821855967767],[150.65649079514,-32.700975425271764],[150.65785018394999,-32.702403197966753],[150.65863610372,-32.70477326594672],[150.65934377567999,-32.705503341043702],[150.6623570781,-32.7060716138947],[150.66322344228999,-32.706130929912696],[150.66337476161999,-32.706050511597695],[150.66357466733001,-32.70595190781971],[150.66376751839999,-32.705848777232703],[150.66383794838001,-32.705807372609705],[150.6639083963,-32.705765967986686],[150.66397905935,-32.705724948815721],[150.66405013475,-32.705684682618703],[150.66412180176999,-32.705645572774714],[150.66435927552001,-32.705536346680717],[150.66460669033,-32.705445120258695],[150.66475990953001,-32.705392001981721],[150.66505790190001,-32.704688236400713],[150.66582843017,-32.704784284849723],[150.66592289932001,-32.704796060702698],[150.66602376,-32.70480863314171],[150.669703648,-32.703033746141728],[150.67024645000001,-32.700790846141771],[150.67054710400001,-32.698543445141809],[150.67064623070999,-32.698472174147803],[150.67137575202,-32.697947656485802],[150.672586126,-32.697077411141812],[150.67305808099999,-32.697048822140815],[150.67520764567001,-32.697195430593816],[150.675626596,-32.697182964141824],[150.67736527952999,-32.697217596315824],[150.68148271199999,-32.698854837141809],[150.682328146,-32.698183423141799],[150.68500419899999,-32.696903498141815],[150.687512153,-32.696828635141827],[150.689844405,-32.697774447141811],[150.689988126,-32.698600993141802],[150.68897859099999,-32.700569785140772],[150.690165388,-32.70284222414174],[150.69127900500001,-32.703362840141729],[150.69288668199999,-32.705253411141697],[150.69453788800001,-32.705573290141714],[150.69787214999999,-32.704365714141723],[150.699651727,-32.705143263141721],[150.702097248,-32.706177776141708],[150.703694353,-32.705206729140713],[150.704890046,-32.705078550141707],[150.70611214900001,-32.708180637141673],[150.706960705,-32.710186132141637],[150.708724983,-32.710594749141627],[150.710828083,-32.71127011414162],[150.71227298100001,-32.711872909141604],[150.71220269200001,-32.712798186141598],[150.711252161,-32.71356528414158],[150.71087792899999,-32.715053590141579],[150.71170727399999,-32.71659805114156],[150.712525016,-32.717865907141537],[150.71234516199999,-32.7213793391415],[150.71412909,-32.722248880141471],[150.715387091,-32.723595798141453],[150.71807475700001,-32.725176634140446],[150.72207922300001,-32.726902378141418],[150.72623582599999,-32.727054020141402],[150.72877186700001,-32.727623717141405],[150.72935621299999,-32.725944372141413],[150.73014699300001,-32.723981838141441],[150.73233235699999,-32.724008149141461],[150.73469295300001,-32.723013630140471],[150.738786914,-32.721689663141504],[150.73969823300001,-32.720000364141505],[150.74125644599999,-32.720691718141488],[150.74284165500001,-32.7194435681415],[150.74470361900001,-32.719571771140501],[150.74484398000001,-32.720306056141503],[150.745654406,-32.721389296141489],[150.74805056700001,-32.723809190141459],[150.749694487,-32.723943935141442],[150.75119015499999,-32.723159983141457],[150.75360077799999,-32.720778811141486],[150.75660368300001,-32.719487392141524],[150.75931857,-32.719127842141511],[150.76034246099999,-32.717527271141535],[150.762613157,-32.716996533141547],[150.76398875199999,-32.718524032141524],[150.76578386099999,-32.717084544141535],[150.76709545,-32.714551955140585],[150.767960061,-32.714340948141583],[150.770008574,-32.713724529141594],[150.77127395700001,-32.712670398141618],[150.77164715999999,-32.711181908141619],[150.774218515,-32.712580455141605],[150.77788701099999,-32.711545116141636],[150.77960575,-32.713431224141608],[150.78146764100001,-32.713558872141583],[150.782371711,-32.714269740141582],[150.78401550699999,-32.714404029141591],[150.78568137799999,-32.712506607141606],[150.78646287500001,-32.710359317141645],[150.78707369399999,-32.709325081141664],[150.78787491099999,-32.707638772141671],[150.791007863,-32.70431148114173],[150.79276053300001,-32.704442306141722],[150.794598479,-32.704016572141718],[150.79883154199999,-32.708502400141668],[150.800865921,-32.710101556141645],[150.80136776800001,-32.714148163141594],[150.802381064,-32.714855526141577],[150.80423904400001,-32.714890635141586],[150.803332987,-32.716672607141554],[150.80177648099999,-32.718566911141536],[150.80037849499999,-32.719071527141516],[150.79887142800001,-32.719579483141501],[150.79805047799999,-32.720804877141504],[150.79795135500001,-32.723577501141463],[150.79873865600001,-32.724107207141444],[150.80020024000001,-32.725077766140437],[150.800513663,-32.727283787140408],[150.799377341,-32.728795849141385],[150.79804858200001,-32.728375112141386],[150.79651755,-32.728329855141396],[150.79462156299999,-32.729957534141384],[150.792933879,-32.728809214141393],[150.79023467100001,-32.729538291141374],[150.78823737499999,-32.73135361514035],[150.78823118700001,-32.733754094141311],[150.78502986199999,-32.735513956140295],[150.78252640299999,-32.738267873141261],[150.780515404,-32.737221600141275],[150.779440319,-32.737623766141262],[150.778432331,-32.739593289141247],[150.77721400300001,-32.741753868141203],[150.77816175000001,-32.743478943141184],[150.780311103,-32.747752176141134],[150.78292713799999,-32.750164719141111],[150.78335327799999,-32.752459640141076],[150.78238317399999,-32.752766295141058],[150.78159724899999,-32.75482136014103],[150.78417398600001,-32.756311898141014],[150.78305282299999,-32.75819260014098],[150.78526278199999,-32.758771160140967],[150.78708886800001,-32.75888644414097],[150.787674673,-32.757580386141001],[150.78823701900001,-32.757597046141001],[150.78822811200001,-32.759258296139969],[150.789051212,-32.759741524140978],[150.79102522900001,-32.760867396140952],[150.791970789,-32.76046551313997],[150.793347557,-32.760762236139954],[150.79529835100001,-32.761346394140944],[150.79763817099999,-32.761647386139941],[150.79883359799999,-32.762390291140925],[150.79872289100001,-32.763546213140906],[150.797338053,-32.763995544140911],[150.79616373100001,-32.764675675140907],[150.79636187400001,-32.765550926139881],[150.79749905400001,-32.764939729140899],[150.79925325299999,-32.764682428140894],[150.79975371200001,-32.764192475140909],[150.800863908,-32.763887156139916],[150.80310550600001,-32.764699534140902],[150.803912021,-32.765725540140885],[150.80425964400001,-32.767274133140866],[150.80381385800001,-32.768101399140853],[150.80288286300001,-32.768841900139833],[150.80402230199999,-32.769213606140831],[150.80455698700001,-32.76858699014084],[150.80482075899999,-32.76912123214084],[150.80487834799999,-32.769526232140834],[150.80580304,-32.771429930140805],[150.80747450600001,-32.772971643140792],[150.80721614199999,-32.77535244214075],[150.80735765399999,-32.776771787140731],[150.80716564799999,-32.779760698140699],[150.80676955029,-32.780741544166673],[150.80622306435001,-32.782094771921656],[150.80627607418,-32.783043000398642],[150.80610269567001,-32.783743568148644],[150.80633725384999,-32.784137365023625],[150.80639900003999,-32.785241841146615],[150.80690203864,-32.787599189586594],[150.80871588745001,-32.788296665467577],[150.80878552007999,-32.788371670952564],[150.80893089281,-32.78837933801357],[150.81188069192001,-32.789513530540553],[150.81283432007999,-32.78942307697158],[150.81335903050001,-32.789373306549571],[150.81406245994,-32.790897642451533],[150.81495399088001,-32.792559548306528],[150.81661146159999,-32.794091649495492],[150.81729276651001,-32.794031752616505],[150.81835863297999,-32.794142117434504],[150.82083071039,-32.794710095907497],[150.82353802360001,-32.794900357837477],[150.82447276894001,-32.794797304681488],[150.82435017365,-32.794031652144497],[150.82427177531,-32.793855694930492],[150.82475222279999,-32.79359705809452],[150.82490002495001,-32.792168020785525],[150.82390442012999,-32.791291754424535],[150.82325115584999,-32.790278274014547],[150.82271459771999,-32.789839719768572],[150.82306460045001,-32.789582673027553],[150.82331552489001,-32.78788893515658],[150.82319006015001,-32.786195198107613],[150.82287640356,-32.784752385321625],[150.82243728591999,-32.783560496730651],[150.82243728564001,-32.782744994140643],[150.82218636092,-32.781804029303665],[150.82214913792001,-32.781729587002658],[150.82262810590001,-32.779147884113691],[150.82266478094999,-32.778750697969699],[150.82307137929999,-32.779108616263699],[150.82437007864999,-32.779131188456702],[150.82426643990999,-32.778747624535704],[150.82337810545999,-32.778111822491709],[150.82277898826999,-32.777513853781713],[150.82290119663,-32.77619031991874],[150.82353692779,-32.775119821227754],[150.82463837494001,-32.774611171014762],[150.82667171604999,-32.774310949389772],[150.82772131208,-32.773532694196774],[150.82893998589,-32.772952579101783],[150.83053468202999,-32.774564165719767],[150.83303343172,-32.775740928538738],[150.83569760491,-32.775183705815756],[150.83831903096001,-32.773644708145774],[150.83917700622999,-32.773075692211776],[150.84028275770001,-32.772668460473781],[150.84146275910999,-32.771255108658799],[150.84193278705999,-32.771537120273798],[150.84293216207001,-32.772869618284787],[150.84317110015999,-32.773249113340768],[150.84317048807,-32.773561746443775],[150.84352035039001,-32.773803803765773],[150.84374117853,-32.774154526114778],[150.84383697589999,-32.774231164507761],[150.84370885786001,-32.774867032476763],[150.84459727072999,-32.774839399682762],[150.84469296498,-32.774915955605763],[150.84625371393,-32.775036011261747],[150.84748269094001,-32.775834356268732],[150.84847708971,-32.775633907388745],[150.84812865875,-32.774085440497785],[150.84844203406001,-32.77299093947078],[150.84820207369,-32.772426633899784],[150.84817139520001,-32.772078954856802],[150.84858996583,-32.770339235583833],[150.84870286143999,-32.770063266646822],[150.84952267744001,-32.769118849197838],[150.85009022465999,-32.768465042137855],[150.85207751491001,-32.76711498314787],[150.85230942458,-32.76649509351288],[150.85264036110999,-32.766207122975892],[150.85315943717001,-32.765657529309884],[150.85369822967999,-32.765640729958875],[150.85420726340001,-32.7653536713349],[150.85449354046,-32.764244948621901],[150.85506741152,-32.763637300797917],[150.85610562234999,-32.762302464548938],[150.85635512920999,-32.762140705094943],[150.85635906333999,-32.761976605401941],[150.85639990822,-32.761924089834949],[150.85640772068999,-32.76162720979994],[150.85652711914,-32.761518588344941],[150.85641654071,-32.76129207718995],[150.85644749807,-32.760115699044952],[150.85691342646001,-32.758334219460977],[150.85822881844999,-32.758813188398989],[150.85833247363999,-32.758816646647979],[150.85821198056999,-32.759447765205969],[150.85816963017999,-32.760458622751962],[150.85828151086,-32.761088942699942],[150.85835184883999,-32.761548335466941],[150.85818126807999,-32.761700956674936],[150.85817697317,-32.761723291156954],[150.85770214503,-32.762156650284929],[150.85763908587001,-32.762328926148939],[150.85759791525999,-32.762364717627939],[150.85757294042,-32.762509633283933],[150.85708278806001,-32.763848681818914],[150.85689997815001,-32.764237995893893],[150.85695879219,-32.764245434026904],[150.85677907480999,-32.76485139988489],[150.85672247382001,-32.765327638739876],[150.85680457369,-32.765672632144884],[150.85718402968999,-32.765804262118877],[150.85712375068999,-32.765978210280878],[150.8587332811,-32.765978329487886],[150.859414689,-32.765978375140875],[150.86157062999999,-32.766771296140874],[150.86499955900001,-32.767253040003872],[150.86532716312999,-32.76729906293086],[150.8683430769,-32.766416120990883],[150.86980404830001,-32.765656791938895],[150.87074015166999,-32.765305752629899],[150.87112555848,-32.764947874992899],[150.87290285281,-32.763979259916916],[150.87301888709001,-32.76275690845592],[150.87400735383,-32.762080722781931],[150.87543963827,-32.761698051658932],[150.87669959511999,-32.761855545371944],[150.87673173843001,-32.761868044680931],[150.87780151993999,-32.763467198393911],[150.87801923602001,-32.762329294532933],[150.87851879483,-32.762420122979933],[150.87908337427001,-32.761855544457937],[150.88033799457,-32.761981005139937],[150.88140442182001,-32.762921968457917],[150.88127896136999,-32.763800202755903],[150.88215719645001,-32.763674740120919],[150.88265170177999,-32.76253839665592],[150.88291112205999,-32.762316106864937],[150.88342092743,-32.76225314082793],[150.88374132022,-32.762437508980923],[150.88386220217001,-32.762669797374933],[150.88423564329,-32.76351079751992],[150.88427795383001,-32.763627674116918],[150.88431669316,-32.76369332186691],[150.88434782738,-32.763763436264902],[150.88435448915999,-32.7637573726319],[150.88524518299999,-32.762946644140932],[150.886239867,-32.762413542140919],[150.8867329,-32.763975204140905],[150.88746708599999,-32.763306907140922],[150.888101213,-32.764218921140909],[150.88879752400001,-32.762691533140909],[150.89064262900001,-32.762203318140934],[150.89172250677001,-32.762819306334919],[150.89228234909999,-32.763138648433923],[150.89290559899999,-32.763494156140915],[150.89163202399999,-32.765398198140893],[150.893317185,-32.765130053140886],[150.894265034,-32.765458636139883],[150.89424701784,-32.766935771739867],[150.89424666517999,-32.766964701262864],[150.89426980696999,-32.76696311896486],[150.89428913719999,-32.766986315095863],[150.89453660063,-32.76717667239086],[150.89493635028001,-32.767100529107864],[150.89524092005999,-32.767100528579874],[150.89554549121999,-32.767157635880857],[150.89598331221001,-32.767309921325861],[150.89664956038999,-32.767652564481871],[150.89691605915999,-32.767823885065852],[150.89695413051001,-32.76820459929084],[150.89695413099,-32.768604348272838],[150.89695413042,-32.768870848006841],[150.89703027517999,-32.769061204902847],[150.89718255898001,-32.769213491078844],[150.89741098635,-32.769365775859832],[150.89771555821,-32.769613239532823],[150.89786784248,-32.769841669036822],[150.89794398538001,-32.769993953453827],[150.89784880791001,-32.770127203466828],[150.89773459336001,-32.770393703106826],[150.89750616480001,-32.770469845413821],[150.89754423714999,-32.770641167269829],[150.89784880731,-32.770812487850819],[150.8983056637,-32.771136094908812],[150.89841987694999,-32.771573915871791],[150.89843891422001,-32.771954629113807],[150.89843891346001,-32.772259201052805],[150.89870541374,-32.772506664725775],[150.89893384163,-32.772773164400789],[150.89912419901,-32.773134842063783],[150.89923841279,-32.77347748514979],[150.89937166239,-32.773705912493767],[150.89960009007001,-32.773934340176787],[150.89992369667999,-32.774181805442765],[150.90038055291001,-32.774124697405774],[150.90102928098,-32.774240027802747],[150.90157979916,-32.774429268775762],[150.90190340642999,-32.774733840130764],[150.90230315587999,-32.775038411294766],[150.90272194056999,-32.77540008895074],[150.90308361756999,-32.775799838549737],[150.9032930116,-32.776332837997728],[150.9036927592,-32.777322693156734],[150.90369275875,-32.777627264481715],[150.90409250767999,-32.777627264902712],[150.90441611512,-32.77732269331073],[150.90473972101,-32.777227514788734],[150.90489401487,-32.777167139546734],[150.90505140870999,-32.777277316307725],[150.90617399218999,-32.777249936435716],[150.90684929284001,-32.777249936014719],[150.90735702497,-32.777519460318707],[150.90867258415,-32.778481523390703],[150.90954448196999,-32.777091837340734],[150.91166304724001,-32.777024807766743],[150.91279010529999,-32.777562655476721],[150.9133049166,-32.777689736768714],[150.91452500283,-32.776578740372742],[150.91485466699999,-32.776278547140741],[150.91567606224999,-32.776165256436741],[150.91620417786999,-32.776092414462738],[150.91623342509001,-32.776101744110754],[150.91758861096,-32.77653401510873],[150.91783970187001,-32.776614105288729],[150.91808756835999,-32.776462867362746],[150.91809569422,-32.77591161474875],[150.91811170368001,-32.77588092961075],[150.91824860369999,-32.775169047520762],[150.91841288527999,-32.774676205249762],[150.91920690646,-32.774402403835765],[150.91989140835,-32.773991702474774],[150.91999349129,-32.773600380070775],[150.92032989085001,-32.773452460327789],[150.92103526333,-32.772139658278796],[150.91973556734001,-32.77153567104579],[150.91994206131,-32.770453767430816],[150.92057540599001,-32.769430012803831],[150.92232937725001,-32.76880083535584],[150.92287794892999,-32.767779759137866],[150.9229459858,-32.767694136710865],[150.92352079099999,-32.766970756140864],[150.924310795,-32.765655245140891],[150.92289339000001,-32.762402487140939],[150.92387192000001,-32.76151113514095],[150.92433570200001,-32.760492742139959],[150.923233031,-32.758592111140977],[150.924064356,-32.758207263140989],[150.923868196,-32.755704328141022],[150.92311206700001,-32.755871716141016],[150.922210745,-32.754681591141022],[150.923310888,-32.752711025141068],[150.92260681112,-32.752440964505077],[150.92106683399999,-32.751850280141078],[150.92099684499999,-32.750275314141078],[150.92181855600001,-32.749675712141098],[150.92195298600001,-32.748882851141119],[150.922582971,-32.747787496141122],[150.92378364800001,-32.746172184141145],[150.92598488300001,-32.744166615141175],[150.92793641399999,-32.744176278140188],[150.92886504200001,-32.744075060141171],[150.93080700300001,-32.743869912141179],[150.93173243499999,-32.743697085141186],[150.93245973099999,-32.742885341141189],[150.93302572799999,-32.740358150141233],[150.93593618099999,-32.739046722141254],[150.93759834400001,-32.738276848141247],[150.93874267199999,-32.737308391141283],[150.939009613,-32.733787029141325],[150.93998127099999,-32.732752371141338],[150.940666846,-32.731009923141357],[150.94251255099999,-32.728656921141393],[150.94451154699999,-32.725940542141423],[150.94325228599999,-32.72433185514145],[150.944436268,-32.722358396141459],[150.944262004,-32.720356614141501],[150.94656282400001,-32.71870591914152],[150.94665537200001,-32.716982376141544],[150.94491226526,-32.712900124865612],[150.94457158200001,-32.712102265140601],[150.947608667,-32.709854496141638],[150.94897772100001,-32.708233526141676],[150.94923315400001,-32.706361388141687],[150.95008768700001,-32.704613473141713],[150.95318981,-32.701933328141763],[150.95677924899999,-32.700671311141775],[150.96108386361999,-32.698973712674785],[150.96152821699999,-32.698798465141806],[150.96526208405999,-32.695094051015843],[150.96558007057001,-32.695152647587847],[150.96998519515,-32.695958362503838],[150.97068756792001,-32.696504652440829]],[[150.2774535799,-32.812684574176245],[150.27809896197999,-32.813335104393232],[150.27928536856999,-32.814275959121218],[150.27942508356,-32.814596039378223],[150.27897251266,-32.814755533676212],[150.27893881950999,-32.815672131070215],[150.27745276920001,-32.816686277377194],[150.27767825422001,-32.818185454043153],[150.27668461696999,-32.81885684877615],[150.27740249906,-32.819098086302155],[150.27731886730001,-32.819169944620164],[150.27748684329001,-32.81996494556715],[150.27559985989001,-32.820825086779138],[150.27459302774,-32.822285227657126],[150.27473017527001,-32.824073443180104],[150.27384912810999,-32.82511214544909],[150.27241375486,-32.826464151339067],[150.27330390844,-32.827575431106041],[150.27156586410001,-32.828397879949044],[150.27029831044999,-32.830462158510002],[150.27155957483001,-32.832041465439964],[150.27384781243001,-32.832697662516992],[150.27675665800001,-32.832919280952972],[150.27799113617999,-32.831871191359987],[150.27953012962999,-32.829500995189022],[150.2805724845,-32.828995525880025],[150.28291139072999,-32.829112655275033],[150.28428753814001,-32.829972049612017],[150.28671939111999,-32.830683922978992],[150.28687147189001,-32.830501008375997],[150.28699787148,-32.830672645199009],[150.28730220227001,-32.83073538106801],[150.28751398919999,-32.830971050081004],[150.28916501686999,-32.831133943132983],[150.29188460566999,-32.830811558280004],[150.29216969385001,-32.830749414028986],[150.29260850898001,-32.830709137821017],[150.29268979216999,-32.830636044092998],[150.29294542955,-32.830580320065003],[150.29399083212999,-32.830857142400994],[150.29397585408,-32.831350622090973],[150.29332321007001,-32.832175841717998],[150.29012378050999,-32.834861015563938],[150.28987598482999,-32.835258898534946],[150.2897898139,-32.835341775878938],[150.28853983409999,-32.836839877985923],[150.28836242066001,-32.837689123193911],[150.28835958918,-32.837693670300908],[150.28775908646,-32.839288221428887],[150.28795914144001,-32.839746288960882],[150.28781820001001,-32.84076432348887],[150.28913433558,-32.841616817979862],[150.28996811363999,-32.842479526383833],[150.29185078687999,-32.843083709864835],[150.29508286769999,-32.844480461045805],[150.29745183432999,-32.845802680599796],[150.29966270174,-32.847375642506783],[150.30052320939001,-32.848792320988757],[150.3023058478,-32.849593393149746],[150.30378371930999,-32.850514969793736],[150.30549880890999,-32.852156106689726],[150.30567533376001,-32.852560029653709],[150.30562722517001,-32.853557574340698],[150.30550447305001,-32.854624195670674],[150.30546983931001,-32.855769090144655],[150.30498304474,-32.856904237984644],[150.30461734763,-32.85707534398064],[150.30340239757999,-32.857536031501631],[150.30307210638,-32.85779350826764],[150.30229903086999,-32.858144549998649],[150.30173374060001,-32.857924560360637],[150.30092463489001,-32.857106594141655],[150.29932602353,-32.856419083330657],[150.29842210781001,-32.855381152806665],[150.29690210680999,-32.854691517443676],[150.29639018173,-32.854619196208674],[150.2962080357,-32.854151214576696],[150.29852544240001,-32.85131814427973],[150.29796824237999,-32.850042861622747],[150.29671188134,-32.850506391032731],[150.29548411799999,-32.849463987718742],[150.29305620093999,-32.850388726676734],[150.29223465192001,-32.851127332797731],[150.29008450713999,-32.850396114489726],[150.28953880149999,-32.851700757723712],[150.29013150608,-32.852752751709716],[150.29001625772,-32.852834849701701],[150.28890290473001,-32.852864451839693],[150.28786419244,-32.854612234874686],[150.28784880296999,-32.856476169951662],[150.28634105502999,-32.859311515129619],[150.28462616851999,-32.861148898303583],[150.28581984510001,-32.863554124147562],[150.28882671514,-32.864477678623551],[150.29150229862,-32.865624993549538],[150.29282842399999,-32.864548182306542],[150.29384032006999,-32.863787761314548],[150.29525402002,-32.862907929814568],[150.29623638343,-32.862888430111575],[150.29642598792,-32.863356000665554],[150.29659288690999,-32.863376343040564],[150.29687131859001,-32.86420431141255],[150.29932687893,-32.865048071927546],[150.30100018451,-32.865139826274536],[150.30123862766999,-32.864315176605544],[150.30086554797001,-32.863802480092552],[150.30120497433001,-32.863310539140556],[150.30207462813999,-32.862446450693582],[150.30236337862999,-32.862728685739583],[150.30247254455,-32.862874845897565],[150.30236616383999,-32.863683327007571],[150.30345302845001,-32.864759068017548],[150.30351293768001,-32.865447914005536],[150.30308081813999,-32.866038974646521],[150.3029772486,-32.867587395888506],[150.30402526092001,-32.8682413263585],[150.30596259128001,-32.8681895825775],[150.30596016517001,-32.867525554199503],[150.306687028,-32.867578103459508],[150.30738388169999,-32.866668402517519],[150.30758129773,-32.865971282234526],[150.30761409911,-32.865965347596521],[150.30883490291001,-32.865368169634543],[150.30975413933001,-32.864375504457549],[150.31076887552999,-32.863380300940548],[150.31074236020001,-32.862667369615579],[150.31094562561,-32.862474389910552],[150.31115426085,-32.862307060566572],[150.31179700441999,-32.861944492265593],[150.31179218318999,-32.862241073953584],[150.31375156670001,-32.862734617965565],[150.31513648251999,-32.862697521187563],[150.31611026259,-32.862371841458582],[150.31687304445001,-32.862976347973564],[150.31716015268,-32.862974364679566],[150.31727872539,-32.863278774213555],[150.31764079788999,-32.863846564918553],[150.31785602164999,-32.865000589314548],[150.31775237931001,-32.865580224810529],[150.31672072303999,-32.86678010349052],[150.31487274916,-32.868038818948492],[150.31455129262,-32.868181792683487],[150.31357898798001,-32.86775941954749],[150.31172315284999,-32.868095799352503],[150.31155357091001,-32.868383036006499],[150.31104433351001,-32.868214616672489],[150.30894580096,-32.868350898621493],[150.30803550591,-32.869585407905461],[150.30807746066,-32.870714006847471],[150.30884505364,-32.871245868757462],[150.30876077594999,-32.871321643758449],[150.30803575184001,-32.873751890374415],[150.30761965600001,-32.874451143270413],[150.30722335036,-32.875545920313407],[150.30706212787001,-32.875888053246392],[150.30638163360001,-32.876665354470383],[150.30566558196,-32.877358832640361],[150.30462588916001,-32.877670781023369],[150.30335492876,-32.877796115186371],[150.30237694402999,-32.877619430237367],[150.30160418783001,-32.877084293003385],[150.30076168201001,-32.875156741650407],[150.29994352624999,-32.873878540830418],[150.29943659540001,-32.873368137113417],[150.2992449514,-32.873048458032429],[150.29876896798999,-32.872695923499428],[150.29868567937999,-32.872612063229433],[150.29851789704,-32.872600841852432],[150.29691881950001,-32.87215804358744],[150.29530470207001,-32.871664873825445],[150.29327557335,-32.870831242646467],[150.29186220117001,-32.869636581462466],[150.29082437903,-32.868364172863487],[150.29041381242001,-32.868260683760496],[150.29034198239,-32.86819686965049],[150.28845898063,-32.86762140932349],[150.28610286345,-32.867723031622496],[150.28498963861,-32.868615361627484],[150.2846146142,-32.868993977067483],[150.28404366801999,-32.869472889732485],[150.28160174491001,-32.871859115085442],[150.28098007932999,-32.87251155913544],[150.27912152223001,-32.874063158741414],[150.27781324898999,-32.875409427127401],[150.27569088982,-32.876737933597383],[150.27422499945999,-32.877316972880379],[150.27294466980999,-32.877747294504367],[150.27180446745999,-32.878087216223363],[150.27112677496001,-32.878135820496354],[150.26970602706001,-32.877914593990361],[150.26845295721,-32.877126428211369],[150.2675092165,-32.876446878668382],[150.26678210371,-32.875779794198401],[150.26539860227999,-32.8753356534354],[150.26424144943999,-32.874815352926404],[150.26237614427001,-32.874394115453406],[150.26126308938001,-32.874034939157426],[150.25986464874001,-32.873075011136415],[150.25975191094,-32.872871707354427],[150.25986576699,-32.870321152061472],[150.26026222175,-32.869846482566466],[150.26031542414,-32.869731246033481],[150.26091801999999,-32.868970154980474],[150.26161196365001,-32.86690900677651],[150.26109332496,-32.864786957997545],[150.26060283128001,-32.863910723236565],[150.26031483822999,-32.863254152359559],[150.26009906453001,-32.863010750716569],[150.25991520586999,-32.862682282365569],[150.25887246117,-32.86135504898558],[150.25851611661,-32.86067876746359],[150.25853439906999,-32.860084887402621],[150.25873216509001,-32.860148458491587],[150.25945795381,-32.859080491236632],[150.25981051209001,-32.858264343024622],[150.26043780497,-32.857118242948651],[150.26090653162001,-32.856863928028645],[150.26173960176999,-32.856115935078662],[150.26172304580999,-32.855663985913665],[150.26351488312,-32.855426765156665],[150.26454167412999,-32.854645698608685],[150.26442250558,-32.853620689978683],[150.26383178638,-32.85301938185669],[150.26277205656001,-32.852910246602711],[150.26120551595,-32.852951548501707],[150.26118308519,-32.852345234958719],[150.26158972354,-32.851109484385724],[150.26160315743999,-32.851053002160732],[150.26177716599,-32.85056176296073],[150.26216871137001,-32.849251436748766],[150.26221211831,-32.848921717151754],[150.26233637617,-32.848918474170752],[150.26293600668001,-32.849629082006736],[150.26389995623001,-32.849845999539745],[150.26398960582,-32.84984365869574],[150.26471147689,-32.850460056661738],[150.26511710729,-32.850449353457741],[150.26607284732,-32.849944321312748],[150.26596634860999,-32.849261698212757],[150.26563170781,-32.848996357698752],[150.26481286014001,-32.848812337698753],[150.26443022303999,-32.848795563285769],[150.26404665298,-32.848631742112751],[150.26288874951999,-32.848339191309776],[150.26231636845,-32.84812981386677],[150.26234044739999,-32.847946907671783],[150.26197642132001,-32.847027929795779],[150.2618326914,-32.846955943820774],[150.26262095120001,-32.846248100591779],[150.26352283151999,-32.844772042492821],[150.26395899459001,-32.843630919352833],[150.26450541643999,-32.842890394388839],[150.26381327748999,-32.842262904860839],[150.26344829489,-32.84230054917284],[150.26386409647,-32.841701370395846],[150.26170647052001,-32.840754847573862],[150.26104824367999,-32.841164232952856],[150.26055069219001,-32.840996156206877],[150.25804489788001,-32.841169437816859],[150.25786202991,-32.840897085680879],[150.25711781848,-32.840760682794873],[150.25639375917001,-32.841169741939865],[150.25670234444999,-32.842019604375857],[150.25700168763001,-32.842293440923854],[150.25665760549001,-32.843471019993821],[150.25668099392999,-32.844104124193827],[150.25446703823999,-32.843546505327829],[150.25405870898999,-32.8451707203278],[150.25292612875,-32.845170630535804],[150.25227123159999,-32.845261936601794],[150.25306474075001,-32.84401258229282],[150.25307304418999,-32.843998723200819],[150.25395062468999,-32.843080484532841],[150.25401371625,-32.842428495604842],[150.25430813407999,-32.841937022005844],[150.25491745414999,-32.840749288482868],[150.25500241706999,-32.840631018670869],[150.25564950766,-32.839953900065865],[150.25630698593,-32.839470133396873],[150.25695404938,-32.838888722384901],[150.25770132003001,-32.838344467733897],[150.25783693852,-32.838095391212903],[150.25790389196001,-32.838035229882905],[150.25795282644,-32.837882555369909],[150.25817890056999,-32.837467353640918],[150.25851611921999,-32.836270164741919],[150.25872137446001,-32.835617996392941],[150.25919931495,-32.83462803989395],[150.25971194466001,-32.834014002597954],[150.25985960964999,-32.833885788464947],[150.26112851566,-32.833028820681974],[150.26219299588999,-32.832072179722971],[150.2622355064,-32.831845445778995],[150.26233547711999,-32.831725690464005],[150.26234289855,-32.831484018508988],[150.26320181289,-32.830748861265015],[150.26314987283999,-32.830162826645001],[150.26256246911001,-32.829820770414024],[150.26208502609001,-32.829816914581009],[150.26098440817,-32.82913261022302],[150.26087679245001,-32.829076050648005],[150.26018244280999,-32.828618774667042],[150.26011422516001,-32.828675278008028],[150.26010104060001,-32.828686196486039],[150.26001233312999,-32.828621725658024],[150.25986164125001,-32.828512204369027],[150.25965296529,-32.828199957575023],[150.25896316954999,-32.827167787282043],[150.25728380446,-32.820885709144122],[150.25866925501001,-32.819010110831165],[150.25878660488999,-32.819186397045158],[150.25910259841999,-32.819185093106157],[150.25986305480001,-32.819926854936142],[150.26119690566,-32.81965277780116],[150.26163962161999,-32.819174596628173],[150.26201164966,-32.819173052284142],[150.26380833619001,-32.81726213498019],[150.26580105783,-32.816062750706202],[150.26588895066999,-32.814671099933221],[150.26815021093,-32.814324555103227],[150.27408167459001,-32.813279247412247],[150.27509742890999,-32.813276869532238],[150.27579710437001,-32.812825531644236],[150.27660184954999,-32.81310237978424],[150.2774535799,-32.812684574176245]],[[150.25367702918999,-32.697962328539816],[150.25280524685999,-32.698963055958806],[150.25189532461999,-32.699924513950776],[150.2512987133,-32.700552033611785],[150.25071341876,-32.701172974015776],[150.25015528224,-32.701825555740754],[150.24947518901999,-32.702573523023744],[150.24938559943001,-32.703296885617732],[150.24959147033999,-32.703999286303727],[150.25009271873,-32.704652060956718],[150.25074341572,-32.7052687520547],[150.25151011695999,-32.705802460344714],[150.25242006151001,-32.706221504811701],[150.25392679554,-32.70664678294969],[150.25550620192999,-32.706915528755694],[150.25708266946,-32.707067307055688],[150.25857363784999,-32.707141550865678],[150.26000802804001,-32.707093588566678],[150.26132406227001,-32.706780171869681],[150.26258737385999,-32.706285370697699],[150.26397172285999,-32.706176597325701],[150.26536521643001,-32.70659638597968],[150.26573457244999,-32.707156450806686],[150.26632002846,-32.709329422771667],[150.26538579448999,-32.71157600895463],[150.26136791607999,-32.715265838910568],[150.25282874177,-32.718214579259524],[150.24679244558001,-32.72468062862945],[150.24321570191,-32.726566405760416],[150.24022451875999,-32.725928157421421],[150.23630751832999,-32.723163901128459],[150.23485960994,-32.722986802285469],[150.23271225932001,-32.724548145276451],[150.22907235926999,-32.724715007563439],[150.22738935590999,-32.72110380055949],[150.22739210537,-32.720650409372496],[150.22748646599001,-32.719694367567513],[150.22754453401001,-32.718748425404513],[150.22758919416,-32.717866815884534],[150.22760695026,-32.717051758259544],[150.22749847451999,-32.716311218665567],[150.22738288867001,-32.71582813967958],[150.22760210925,-32.714969827556565],[150.22782797177001,-32.712231397639613],[150.22807110964999,-32.710757712629636],[150.22830907232,-32.709450905026635],[150.22871621323,-32.708147835842674],[150.22944751818,-32.706398668517686],[150.22980118133,-32.704998987654719],[150.22990493698001,-32.704381028194724],[150.22966664958,-32.703874788257721],[150.22923172901,-32.703340344310739],[150.22903123158,-32.702524809729759],[150.22941915378999,-32.701841565835743],[150.22969650067,-32.701084304373765],[150.22935649947999,-32.700217975681781],[150.22844358614,-32.698718726992801],[150.22689109167001,-32.696919048934824],[150.22603405258999,-32.69635139690083],[150.22489065699,-32.695920539459841],[150.22426079985999,-32.696216717146825],[150.22420084954999,-32.697241192555829],[150.22347975449,-32.697750050921819],[150.22202326741001,-32.697407651561804],[150.22080047847999,-32.69680800290682],[150.22008666466999,-32.696171920612841],[150.21919113046999,-32.695937353919824],[150.21576190232,-32.695527244782852],[150.21357913810999,-32.69495391338284],[150.21195729364001,-32.694488444411867],[150.21118347270999,-32.69397025659886],[150.21065003712999,-32.693886820736864],[150.21024569597,-32.694187946134861],[150.20891544112999,-32.694325323904863],[150.20765568346999,-32.694010995468872],[150.20519406752999,-32.693335883166853],[150.20510495655,-32.693320367813861],[150.20502588113001,-32.693104206557877],[150.20493404778,-32.693033482846879],[150.20508691982999,-32.692366765304882],[150.20558542856,-32.692003554672873],[150.20563567662001,-32.691082224492909],[150.20619016782001,-32.690218574226904],[150.20733249877,-32.689410425656924],[150.20810883252,-32.68889486097293],[150.20927168560999,-32.688652332886932],[150.21044481102001,-32.688692611220944],[150.21158256319001,-32.688910732053941],[150.21241610203001,-32.688818281288924],[150.21265021863999,-32.688352173752939],[150.21251194269999,-32.688001913766939],[150.2115793696,-32.687672311583952],[150.21126359445,-32.687043581644957],[150.21145333563999,-32.686507862650977],[150.21181800395999,-32.686179907356959],[150.21205726133999,-32.685855211819963],[150.21175563026,-32.685615359075967],[150.21152652913,-32.685284761346978],[150.21232533505,-32.685733589313976],[150.21419335185001,-32.685828328554969],[150.21605094239999,-32.685636621242971],[150.21622895703001,-32.684944563516986],[150.21641915105999,-32.684883947065984],[150.21650749784001,-32.684507674263983],[150.21723136038,-32.684301830724003],[150.21777949013,-32.683007410785997],[150.21770466730999,-32.681887439284019],[150.21713190201001,-32.68157154005204],[150.21607946282001,-32.681627722158026],[150.21531954420999,-32.681776964282037],[150.21460614383,-32.681335263634033],[150.21412514131001,-32.680269019199031],[150.21407701986999,-32.678012052723084],[150.21308575257001,-32.677370369335087],[150.21324064697001,-32.6769779951901],[150.21329595118999,-32.676198069454102],[150.21318405929,-32.675422496988112],[150.21317248454,-32.675104327855131],[150.21245032651001,-32.674804645623119],[150.21202076591999,-32.674497350475136],[150.21194093455,-32.674410272031132],[150.21342730220999,-32.673941376075149],[150.21362652599001,-32.673905165139132],[150.2139773339,-32.67392782537614],[150.21399978487,-32.674007368290134],[150.21381812336,-32.674430890675126],[150.21408720445001,-32.674317087294142],[150.21421046424999,-32.674753782035125],[150.21585726366001,-32.67622171038812],[150.21765089237999,-32.67659550973211],[150.2205245305,-32.676706958924107],[150.22224205455001,-32.67630439671111],[150.22273302927999,-32.676293432625116],[150.22246306873001,-32.676523507719097],[150.22249245952,-32.677329059654085],[150.22261897522,-32.677893165630081],[150.22293211537001,-32.677765538318077],[150.22345255907999,-32.677513045334081],[150.22355784038999,-32.677465037268092],[150.22357444099001,-32.677514476279086],[150.22399725911001,-32.677523839396102],[150.22422395848,-32.677415522805084],[150.22487385091,-32.678111330426077],[150.22568566964,-32.67812929907609],[150.22673270282999,-32.679297546374059],[150.22811802566,-32.680473269107047],[150.22909097036001,-32.680879446297041],[150.22980086321999,-32.681668024288022],[150.23054549707001,-32.68198275740302],[150.23128155159,-32.682059190634014],[150.23135817964999,-32.681055440367047],[150.23151482805,-32.680631334770041],[150.23316674519,-32.679210685888066],[150.23321708213999,-32.679004910143078],[150.23387369237,-32.679001487052055],[150.23431140933999,-32.678485435110069],[150.23622753173001,-32.677638405074092],[150.23807702401001,-32.677231554512105],[150.23610017948999,-32.678788513787076],[150.23691728040001,-32.680272232097039],[150.23815331373001,-32.680721150656048],[150.23816403218001,-32.680847542538032],[150.23833829589,-32.681048622296046],[150.23849923225001,-32.681207499556031],[150.23866662111001,-32.681478441002049],[150.23887525384001,-32.681915723376051],[150.23907073263001,-32.682560334008016],[150.23914601441999,-32.68343842447802],[150.23908937495,-32.684465248544001],[150.23896559417,-32.68558432092297],[150.23881717110001,-32.686738887831964],[150.23867847167,-32.687881721257952],[150.23856139741,-32.689004188554939],[150.23856803812001,-32.690112023377921],[150.23875558386999,-32.690880077537912],[150.23835328864999,-32.691122430265906],[150.23764736230001,-32.692096579096884],[150.23775402543001,-32.693079289826862],[150.23920610287999,-32.693190531397875],[150.2412965666,-32.693374594741869],[150.24154002361999,-32.694234256805863],[150.241071242,-32.694933427277839],[150.24123756429,-32.69561592975284],[150.24236314026001,-32.696452439417833],[150.24365091154999,-32.696896445924814],[150.24545480837,-32.696968511976813],[150.24650584944001,-32.695776197565841],[150.24619505944,-32.695007905491856],[150.24532960881001,-32.694522965574855],[150.24557788461999,-32.693590658971871],[150.24542110922999,-32.693020530588875],[150.24606752043999,-32.692623988030881],[150.24695003810001,-32.691928694846894],[150.24780472143999,-32.691218191991915],[150.24860383942999,-32.690512802645905],[150.24926666539,-32.689769862363917],[150.24975472982999,-32.688972778275946],[150.25013835628999,-32.688194094874923],[150.25052675804,-32.687430033591959],[150.25092982967001,-32.686629893604952],[150.25140255142,-32.685871407622962],[150.25195364967999,-32.685184294131979],[150.25258730934999,-32.684588121669996],[150.25330830959999,-32.684044252913004],[150.25402838561999,-32.683400720794012],[150.25459222111999,-32.682552379430028],[150.25519959591,-32.681745107770048],[150.25627757301999,-32.681146496499039],[150.25688198447,-32.681085132385043],[150.2565436479,-32.680998738850036],[150.25666357719001,-32.680932139745039],[150.26084215962001,-32.682668214139035],[150.26098944544,-32.683580782632006],[150.26119306874,-32.684579239726993],[150.26111186726001,-32.685412121899986],[150.26049053821001,-32.68659280450197],[150.25957081406,-32.687669851544953],[150.25858839048999,-32.68867187885494],[150.25763086328999,-32.689677134949918],[150.25683686803001,-32.690749695630906],[150.25627496800999,-32.691942237448885],[150.25588238174001,-32.693217637108873],[150.25555718755999,-32.694507866507848],[150.25513258471,-32.69575786702184],[150.25447940833001,-32.696908292709836],[150.25367702918999,-32.697962328539816]],[[150.90468627288999,-32.672716830640141],[150.904204472,-32.672617304042149],[150.90352450335999,-32.672387631506169],[150.90296381483,-32.67210406970716],[150.90234448701,-32.671473139143167],[150.90275609322001,-32.671236952571185],[150.90316552969,-32.669922467288202],[150.90411893512999,-32.6701018115672],[150.90451046505001,-32.669400509645193],[150.90502980177001,-32.668786771052211],[150.90552000163001,-32.668184747043213],[150.90526020210001,-32.667570198125212],[150.90424301274999,-32.66726030748822],[150.90415002961001,-32.666917036139232],[150.90441601094,-32.666030574101249],[150.90417395986,-32.665892284384249],[150.90357522222999,-32.666199589485245],[150.90284108968001,-32.666126296330248],[150.90201557665,-32.666258942407232],[150.90208243519001,-32.667102150339232],[150.90258854071999,-32.667672006271218],[150.90254982547,-32.667764134813211],[150.90233547056999,-32.667507603949232],[150.90053048499001,-32.668694316765212],[150.89848338255001,-32.669375866423188],[150.89766493356001,-32.669817821542203],[150.89765977392,-32.669811688623199],[150.89767358180001,-32.669222288021196],[150.89616126467999,-32.668312483433219],[150.89361204318999,-32.667031475369242],[150.89286491594001,-32.666193441394249],[150.89273493427001,-32.665863518961238],[150.89280863786001,-32.66557651794826],[150.89284038938999,-32.665592581017265],[150.89467445055999,-32.666135951491256],[150.89541172041001,-32.666075097460244],[150.89543415182999,-32.665733756525242],[150.89502619934001,-32.665287561795246],[150.89485089313001,-32.664149632563266],[150.89441811303999,-32.663532160890277],[150.89379824527001,-32.663509550954281],[150.89378146484,-32.66349339277928],[150.89481355505001,-32.662261324892292],[150.89443586393,-32.661436909525314],[150.89512003374,-32.661286167965301],[150.89521657597001,-32.660860641722323],[150.89429880783001,-32.660503879703327],[150.89031728076,-32.658272880976362],[150.88968436552,-32.65856486109535],[150.88921556988001,-32.659889740199318],[150.88766396257,-32.659844753377342],[150.88355810153001,-32.661293061582306],[150.88146632723999,-32.661815079942315],[150.88051082524001,-32.66278503807429],[150.87902781003999,-32.663245412627283],[150.87872384041,-32.662830070735282],[150.87755046322999,-32.662338520542299],[150.87665441445,-32.661910615939298],[150.87587820111,-32.662310215708288],[150.87533194104,-32.661829261702287],[150.87346881155,-32.66103117537331],[150.87257558962,-32.660485365132324],[150.87209204985999,-32.660300275382319],[150.87205952135,-32.660298525899336],[150.87207194204001,-32.659774565903334],[150.87392221230999,-32.659622874683329],[150.87530493081999,-32.659719524465324],[150.87748690196,-32.659418676813338],[150.87870978663,-32.659729939246333],[150.88001235825001,-32.659373528632329],[150.88220326031001,-32.659964660136325],[150.88261306896001,-32.659863455014332],[150.88315687510999,-32.659838843792322],[150.88375098345,-32.659713713644329],[150.88400744822999,-32.659339610777323],[150.88386034282999,-32.659141156870362],[150.88371260174,-32.658969723266345],[150.88349219691,-32.65883085116733],[150.88323218413001,-32.65867779510134],[150.88265610481,-32.658377495366359],[150.88245261006,-32.657860478775369],[150.88264491138,-32.657462725926358],[150.88383384062001,-32.656347945346376],[150.88180382989,-32.6545450281764],[150.88105021551999,-32.6546909569484],[150.87929597402999,-32.65536345205539],[150.87823993238001,-32.655180445017386],[150.87819320451001,-32.654715897378395],[150.87900161043001,-32.654082747123411],[150.87934241267001,-32.653397184391409],[150.87885070515,-32.65149747379143],[150.87787452992001,-32.651178343900455],[150.87704496337,-32.652223491731434],[150.87570942573001,-32.651973920891429],[150.87460458858001,-32.649534222800476],[150.87415188423,-32.649668920311463],[150.87384034169,-32.648926386098474],[150.8744259778,-32.648404375444478],[150.87762546503001,-32.646358185792515],[150.88066927816001,-32.644279147035547],[150.88173403580001,-32.644000579780538],[150.88216604066,-32.644079978374535],[150.88324774994999,-32.644086025832543],[150.88385736924999,-32.643925448680548],[150.88528100468,-32.643679250769559],[150.88684109170001,-32.642791923680562],[150.88717137684,-32.642237326632582],[150.88782656193999,-32.641974927762575],[150.89113274696999,-32.642014104783577],[150.89227199378999,-32.641895417186582],[150.89229988247001,-32.64190739163859],[150.89238097216,-32.641884063493578],[150.89442210409001,-32.641671387363573],[150.89707116899001,-32.64153997165058],[150.89720475445,-32.641327726493579],[150.89774316231001,-32.641681386579585],[150.89864640472999,-32.641916190115566],[150.89931280542999,-32.641793101404566],[150.89979144352,-32.640446443065585],[150.90003324392001,-32.640322820397586],[150.90124800423001,-32.64018929972061],[150.90186445504,-32.640975243179589],[150.90173618038,-32.642407242518566],[150.90140186641,-32.64313390588655],[150.90092352081001,-32.644468371133541],[150.90100005728999,-32.644896798735537],[150.90126832321999,-32.645145370402538],[150.90187951875001,-32.645533922516542],[150.90215006695001,-32.645684896167523],[150.90206087525999,-32.64641565787452],[150.90246593399999,-32.646983824165503],[150.90247152162999,-32.647362248171504],[150.90202753272001,-32.647842994906497],[150.90192146613001,-32.648060897781484],[150.90189707120001,-32.648487637495492],[150.90208481382999,-32.648478573667489],[150.90270629080999,-32.648427938984483],[150.90303880215001,-32.648396884618492],[150.90344095206001,-32.647854414700504],[150.90351486347001,-32.64716000824351],[150.90397540595001,-32.646959232043493],[150.90474799741,-32.649087478955472],[150.90553828776001,-32.651374577849445],[150.90545746769999,-32.65169581029344],[150.90477800119999,-32.651757690283453],[150.90408098165,-32.65195352268244],[150.90416181086999,-32.652198956639424],[150.90428305423001,-32.652567108677417],[150.90505891477,-32.65270210763542],[150.90544997772,-32.652635411542441],[150.90602639394001,-32.652684120296435],[150.90638912067999,-32.653623624699428],[150.90674476448001,-32.654057555739413],[150.90674396236,-32.654060492058427],[150.90684206364,-32.654184170785399],[150.90684862651,-32.654184279809392],[150.90755361123999,-32.655044434261391],[150.90980477263,-32.656362649868385],[150.90955061572001,-32.65630552102737],[150.91025618853999,-32.65675106587436],[150.91079515131,-32.656980035148372],[150.91081129659,-32.657707949863365],[150.90965915742001,-32.660211209597335],[150.90969178063,-32.661908139956296],[150.90934523242001,-32.663055136019288],[150.90830724227001,-32.664362519312263],[150.90812109493001,-32.664920807945251],[150.90878701509999,-32.665444488962237],[150.91027764393999,-32.665264712154247],[150.91178271809,-32.665055040222263],[150.91301690895,-32.664099240838283],[150.91331354092,-32.664372668981265],[150.91310165486999,-32.665418707555254],[150.91230589605999,-32.666508985195236],[150.91222800260999,-32.667486233983219],[150.91122814769,-32.667226495052233],[150.90867857078999,-32.667685097685215],[150.90773132014999,-32.668385132944209],[150.90668944123999,-32.6695130794702],[150.90565087556001,-32.670497906034178],[150.90554790386,-32.67128360057616],[150.90468627288999,-32.672716830640141]],[[150.21912219903001,-32.725452488228434],[150.21868462118999,-32.727016799273414],[150.21587940568,-32.729538666667366],[150.21147641266001,-32.728936465750394],[150.20850825802,-32.72698285979741],[150.20601580733,-32.724251163217446],[150.20475895940999,-32.720032236825517],[150.20616789486999,-32.72006366135551],[150.20706739372,-32.719453926753523],[150.20735239374,-32.71900225050851],[150.20816456495001,-32.719020352176507],[150.20904085203,-32.719154379719512],[150.21017441142001,-32.718441471537531],[150.21041489858001,-32.718559409122527],[150.21164532314,-32.718920776504518],[150.21327650164,-32.719100202488519],[150.21436322182001,-32.718950137988521],[150.21436961254,-32.719125693175513],[150.21487397069001,-32.719283177340515],[150.21476364233001,-32.719837728321515],[150.2173927794,-32.720197302860512],[150.21782859609999,-32.722917916391459],[150.21912219903001,-32.725452488228434]],[[150.13388070011999,-32.720176324637492],[150.13287775575,-32.720584007300502],[150.13174830988001,-32.720612644809499],[150.13037096973,-32.720026403992506],[150.12893548331999,-32.719393839567509],[150.12767112248,-32.718804708083525],[150.12708950076001,-32.718341625881543],[150.12730016621001,-32.717906268671527],[150.1283392741,-32.716924348812547],[150.12921064675001,-32.715994448847567],[150.13000121656,-32.71597442076056],[150.13073870271,-32.716051292341554],[150.13233339344001,-32.716393113939567],[150.13372594441,-32.717408970077543],[150.13413818039001,-32.717876320339542],[150.13466336561001,-32.718340802258524],[150.13451429366,-32.718917951172514],[150.13436860826999,-32.719590578090518],[150.13388070011999,-32.720176324637492]],[[150.86400530560999,-32.751713061372065],[150.86541604249001,-32.750568078418105],[150.86605495344,-32.750438798550093],[150.86696542428999,-32.750472589759106],[150.86622872209,-32.751954710363073],[150.86604035696999,-32.752109266310072],[150.86607768245,-32.752258570064058],[150.86595190953,-32.752511595537065],[150.86492786469,-32.752956987830053],[150.86400530560999,-32.751713061372065]],[[151.01616147820999,-32.666730984606225],[151.01635477816001,-32.666826406431227],[151.01680617834,-32.666806297815228],[151.01673743110001,-32.667404150467235],[151.01616147820999,-32.666730984606225]],[[150.89822952036999,-32.769955882258827],[150.89816082624,-32.76976451991483],[150.89839008043,-32.770167146442837],[150.89822952036999,-32.769955882258827]],[[150.17687790861001,-32.844113550830826],[150.17679728955,-32.844150899880816],[150.17677835388,-32.84407631283883],[150.17687790861001,-32.844113550830826]],[[150.03400225735999,-32.719405114636508],[150.03399475783999,-32.719356086721525],[150.03401688816001,-32.719416949421515],[150.03400225735999,-32.719405114636508]]]},"properties":{"OBJECTID":129182,"FireName":"Kerry Ridge","FireNo":"19112359453","FireType":1,"StartDate":1574427600000,"EndDate":1581253200000,"AreaHa":183646.95977377001}},{"type":"Feature","id":129583,"geometry":{"type":"Polygon","coordinates":[[[150.52688901240001,-32.755124933746011],[150.52617888207999,-32.75394469461699],[150.52354560584999,-32.749935141959014],[150.51854222256,-32.74752576799898],[150.51392170122,-32.748709084117984],[150.51245827592999,-32.749128872170999],[150.50502627648001,-32.750654013618004],[150.49782915071,-32.750977405627992],[150.49765316782,-32.752609379513991],[150.49748040783999,-32.75271392407501],[150.49711573957001,-32.75528750464499],[150.49484040908999,-32.759111348026011],[150.49501620008999,-32.763549389179985],[150.49159671314999,-32.76552665979699],[150.4916030153,-32.765556720917012],[150.49016307386,-32.766343122880009],[150.48812315456999,-32.766569585999996],[150.48699911634,-32.766694371617994],[150.48694622734001,-32.76680324085298],[150.48644539313,-32.767834191066001],[150.48604309346001,-32.767983487458999],[150.48496223043,-32.769973164229995],[150.48472347882,-32.771049199570996],[150.48172739994001,-32.77227681221801],[150.4815653057,-32.772320923079015],[150.47875022310001,-32.773086983742012],[150.47865577843999,-32.773140626537],[150.47861431646001,-32.773164177049011],[150.47804154473999,-32.773084041292009],[150.47415910858001,-32.772726372378017],[150.47409407427,-32.772911507861004],[150.47339505807,-32.773633511512003],[150.47324980667,-32.773537980442008],[150.46969390089001,-32.77793356844699],[150.46495175638,-32.780800719680997],[150.46666219143,-32.783145136641998],[150.46678293894999,-32.78621765491399],[150.46566436226999,-32.788641387304999],[150.46381780877999,-32.793136105358002],[150.46182984132,-32.793345040483985],[150.46179305579,-32.793462638216987],[150.45995106084001,-32.793542499648986],[150.45711483785001,-32.793665466299984],[150.45511350948999,-32.793752236217991],[150.45126148771001,-32.792904120615013],[150.45112839287,-32.792878301049008],[150.44867218378999,-32.792534208129993],[150.44648431144,-32.791985264943015],[150.44305121794,-32.793272634523987],[150.44173612857,-32.793784065079009],[150.44138043186001,-32.793844369080006],[150.44112234935,-32.794022741115],[150.44112169823001,-32.794022993878976],[150.44112174567999,-32.794023157847001],[150.44099781948,-32.794108800728011],[150.44005043393,-32.795850282055987],[150.43529306728001,-32.798374899722987],[150.43506170353001,-32.802824256449014],[150.43197395048,-32.806669391021998],[150.43124514051999,-32.808740197944992],[150.43018076977,-32.809508975029992],[150.43018270649,-32.80953279682501],[150.42867411989999,-32.810597204469985],[150.42730864172,-32.811583467510992],[150.42695852768,-32.812092957270991],[150.42607422002001,-32.813622815551987],[150.42572869526001,-32.813882627142021],[150.42539334400999,-32.814370635095003],[150.42510839774999,-32.817454390577986],[150.42209373402,-32.819097483594007],[150.42205916269,-32.819195672326998],[150.42159890724,-32.819367180460986],[150.41984257093,-32.820021656656998],[150.41281004333001,-32.822642236584002],[150.40200572110001,-32.824970738534013],[150.39345509204,-32.825502981715012],[150.39344394755,-32.82550423296999],[150.39342793937001,-32.825504672183001],[150.39170192138999,-32.825612110080002],[150.39124208938,-32.826456021831994],[150.39113693089001,-32.826468823436002],[150.39034046115,-32.829006928076012],[150.39006736523999,-32.832432000677009],[150.38862043686001,-32.836914506675008],[150.38744659892001,-32.837971932128994],[150.38729720059001,-32.837976023222993],[150.38727476663999,-32.838085874337999],[150.38398064411999,-32.83824747266501],[150.38304239369,-32.838273133831997],[150.38232498260999,-32.838403640334008],[150.38203067109001,-32.838735700773981],[150.38216627767,-32.839648932165026],[150.38024088693999,-32.850077109888005],[150.37026993101,-32.851769011197],[150.36966431970001,-32.851909780916003],[150.36964426941,-32.851898854137005],[150.36261619112,-32.853165206307999],[150.36263064798001,-32.853544160490003],[150.36248327980999,-32.853578397788006],[150.36185019728001,-32.856783255726981],[150.36200646299,-32.860880076370989],[150.36368965904001,-32.86254310541797],[150.36379389889001,-32.865274319027989],[150.36066179254999,-32.868093461925007],[150.36051110372,-32.868097554302999],[150.35939763495,-32.868127781040016],[150.35929013403,-32.868187961869005],[150.35781188337,-32.868228083531001],[150.35703789369001,-32.868581341077999],[150.35505014857,-32.869612758135005],[150.35424611984001,-32.86971028389101],[150.35137520104001,-32.870194460635993],[150.34862131931001,-32.869390259908997],[150.34636494424001,-32.868822669395001],[150.34537689513999,-32.868849379057991],[150.34367389091,-32.868964025498009],[150.34360456459001,-32.869446592357008],[150.34368982494999,-32.870105421192996],[150.34313025418999,-32.872748179476005],[150.34304304247999,-32.873355248347018],[150.33957009670999,-32.877891805203035],[150.33967360979,-32.880623029137986],[150.34003738449999,-32.882941251675014],[150.34020762668999,-32.884026146803983],[150.34437044373001,-32.886989508583007],[150.34121105396,-32.889125353581001],[150.3386495325,-32.890097106324994],[150.33864190503999,-32.89011490375799],[150.33763309669999,-32.89048270762401],[150.33741679119001,-32.890564766969995],[150.33442254054,-32.891700682152006],[150.33129263798,-32.892451086122009],[150.32958342491,-32.892882454610998],[150.32612963028001,-32.892975255047993],[150.32310245094999,-32.893056593011998],[150.32208665248999,-32.893083886612004],[150.32340621064,-32.894232848709009],[150.32339743700999,-32.894234297886015],[150.32650985797,-32.89669810585],[150.32743526785001,-32.899748995212995],[150.32194977314001,-32.90468083143201],[150.31797975115001,-32.906837801875014],[150.31787248745999,-32.906818212147009],[150.31782899410001,-32.906841842287001],[150.31548107622999,-32.906412962465019],[150.31542091282,-32.906458510985011],[150.31137413683999,-32.905675031835003],[150.30828076200001,-32.906602146051995],[150.30618086814999,-32.907742703512987],[150.30538049148001,-32.908224346443994],[150.30511244802,-32.908508070624016],[150.30455392323,-32.908610523940993],[150.29669513728001,-32.911849143626007],[150.29656934771,-32.911842865160992],[150.29654437073,-32.911853159281016],[150.29443422045,-32.911747800632995],[150.29427812353001,-32.911908408200993],[150.29234379503001,-32.911797053732002],[150.29208827939999,-32.911630668711986],[150.29200062704999,-32.911573591950003],[150.28922120841,-32.909763710788006],[150.28904527765999,-32.909446782137991],[150.28830904357,-32.908916954548005],[150.28785691975,-32.908875269482017],[150.28740875821001,-32.908583413799022],[150.28710010443999,-32.908805487038009],[150.28682253477999,-32.908779889425993],[150.28566488438,-32.909408394132008],[150.28402042837001,-32.913383585809008],[150.28387696931,-32.913369912859011],[150.28386965849,-32.913387582569001],[150.28340849163001,-32.91334363212399],[150.28342008148999,-32.914328931959993],[150.28353195157001,-32.916177725677002],[150.28306786435999,-32.917587907436001],[150.28289629170999,-32.917951504472001],[150.28426802223001,-32.917993525656016],[150.28421187583999,-32.918276252769985],[150.28276459346,-32.918230600605007],[150.28243764953999,-32.918923460634012],[150.28183346841999,-32.91940741234901],[150.28175219938001,-32.919355730121012],[150.28168268822,-32.919411408755984],[150.27994831172001,-32.918308442598004],[150.27973535596001,-32.918135048363986],[150.27490669212,-32.917982737138999],[150.27468257843,-32.917734908090985],[150.27642783684999,-32.917790359789997],[150.27485511904001,-32.916503634875006],[150.27531471130999,-32.913523821037003],[150.25525996233,-32.910401030946026],[150.2525811255,-32.905571043730994],[150.24678860885001,-32.904529146285995],[150.24569890891999,-32.904875965159995],[150.24377882397999,-32.904678050422],[150.24237509599999,-32.905013460641008],[150.24077805428999,-32.904905959088005],[150.23863953118001,-32.904513967990006],[150.23710432857999,-32.903161753882991],[150.23686658915,-32.903365647546003],[150.23657421819999,-32.902974610867005],[150.23625467638999,-32.902906550772997],[150.23537633085999,-32.903012201585994],[150.23507536784001,-32.903860568190993],[150.23423499382,-32.905077070070988],[150.23409963917001,-32.905368050004007],[150.23402190067,-32.905805214987005],[150.23381292242999,-32.905984420420005],[150.23271263973001,-32.906927946562],[150.23238079577001,-32.907212513262984],[150.23224942313999,-32.907193700089998],[150.23149310872,-32.907537759505992],[150.23079684631,-32.906985684893996],[150.23057867372,-32.906954441585],[150.22968296010001,-32.906160781519993],[150.22964745403999,-32.906156445489998],[150.22960215691,-32.906038383313984],[150.22930534644999,-32.905803031265989],[150.22909022754999,-32.904763416724997],[150.22908782307999,-32.904697819099013],[150.22901526492001,-32.904508702583009],[150.22905244679001,-32.903732688725981],[150.22904648418,-32.903570015608018],[150.22883137516001,-32.902530400461032],[150.22822531432999,-32.901859470421023],[150.22767327046,-32.901554478035976],[150.22730141354,-32.901525070303983],[150.22667110789999,-32.901541501962008],[150.22585514702999,-32.901410692198986],[150.22426496852,-32.901284933740001],[150.22273249838,-32.900813520683016],[150.21970918008,-32.899930958637],[150.21613445105001,-32.898978661788995],[150.21548494195,-32.898725460286997],[150.21394889374,-32.898301390869001],[150.21326750603001,-32.898113274181],[150.21307783261,-32.898231490866998],[150.21221503964,-32.898869471135995],[150.21216029025999,-32.898803366340999],[150.21119412095999,-32.899405549017999],[150.20995631229999,-32.899437652189],[150.20801118355999,-32.899488075005017],[150.20586750945,-32.898946342063994],[150.20246437557,-32.897839893887998],[150.19796247247999,-32.895716529704004],[150.19381983343999,-32.893733054102995],[150.19290870674001,-32.893009978401004],[150.19285464734,-32.891518208494986],[150.19211496112001,-32.890641388177002],[150.19043181439,-32.888146406146014],[150.18733973261999,-32.88583701083499],[150.18500353751,-32.884851937598],[150.18337459501001,-32.883848631779003],[150.18178339566001,-32.883889547473999],[150.18018142700001,-32.883632088436997],[150.17513965057,-32.881223164693004],[150.17317878822001,-32.880825507103985],[150.17123404928,-32.880875352259991],[150.16788031374,-32.881110554147988],[150.16580164603999,-32.882358264061999],[150.16262452471,-32.887516202143004],[150.16199223909001,-32.889622767235004],[150.16164396643001,-32.889780978223975],[150.15781817440001,-32.888182894617024],[150.15773729241999,-32.888058521977008],[150.15755816234,-32.887440401268016],[150.15736863954999,-32.886847175968008],[150.15721968312999,-32.886224694189998],[150.15737473909999,-32.885574714660983],[150.15767278939001,-32.884945648030993],[150.15804787069999,-32.884368717653985],[150.1584300776,-32.883780344697009],[150.15874933321999,-32.883136944498013],[150.15891486648999,-32.882458888551],[150.15897763453,-32.881773709852993],[150.15889623538999,-32.881078348495997],[150.15869815984999,-32.880352431534995],[150.15860603071999,-32.879577191507011],[150.15871833309001,-32.878793396174999],[150.15887534212001,-32.878426683987996],[150.15864828278001,-32.877324621851997],[150.15939662925001,-32.876994506875],[150.15953267617999,-32.875984735593001],[150.15947993629001,-32.874835450546001],[150.15950296616001,-32.873636040219999],[150.15972196582999,-32.872419908092013],[150.16011284174999,-32.871882429720017],[150.16051032346999,-32.870826662442013],[150.16245251538001,-32.869725867557008],[150.16357706081999,-32.869651826491015],[150.16403088889999,-32.86937613543099],[150.16523401727,-32.868605613540012],[150.16620498450001,-32.867996989587013],[150.15618323320001,-32.869122679850008],[150.15679422509999,-32.872118429338002],[150.15496270836999,-32.885196873090017],[150.15502077369999,-32.889470415361984],[150.15366719542999,-32.889127683444016],[150.15194176699001,-32.890366148710022],[150.15305603800999,-32.891830916829001],[150.15505866552999,-32.892258933920992],[150.15506808390001,-32.892952061045996],[150.15320682155999,-32.89589150531701],[150.15093494506999,-32.900610655255996],[150.15213778180001,-32.907198112340971],[150.15561290301,-32.909066388438013],[150.16153218356001,-32.914087207911003],[150.16189928777001,-32.914099210467],[150.16194806143,-32.914335798243002],[150.16196826897999,-32.914364402838977],[150.16140137157001,-32.914345980252008],[150.16411337251,-32.917985792473999],[150.16501157472999,-32.923075312878012],[150.15471823275001,-32.924332146410997],[150.15219736297999,-32.925765601159],[150.15172724151,-32.926363384758005],[150.15145419036,-32.926214030209003],[150.14646938364001,-32.925444907751995],[150.14105641453,-32.922596054022002],[150.13491505923,-32.919168161462011],[150.13283502693,-32.920415315407006],[150.13220179293,-32.922521723517001],[150.13448361983001,-32.926943390036975],[150.13952158429001,-32.929204784883005],[150.14449588907999,-32.92967582899999],[150.14838754805999,-32.929576948413995],[150.15277183397001,-32.933347576426996],[150.15491717958,-32.936009514096],[150.15504305499999,-32.936266854115999],[150.15514813192999,-32.936296066910025],[150.15536603026001,-32.936566421066004],[150.15968672932999,-32.938546664925994],[150.16121982944,-32.941792463413009],[150.16237776451001,-32.94445056552501],[150.16527287267999,-32.946168387992003],[150.16993738274999,-32.947840874095995],[150.17601752805999,-32.949476898024002],[150.17613390970999,-32.949473913769005],[150.17325836441,-32.952782493182006],[150.17604779781001,-32.954038361751998],[150.17697244977001,-32.954115106827004],[150.17654360925999,-32.954241492104984],[150.17443106687,-32.954594279282006],[150.17269389524,-32.955534675527005],[150.17225077161001,-32.95693288308302],[150.17028846668001,-32.957187957350996],[150.16695103243001,-32.957532909408997],[150.16599145526001,-32.956303420893995],[150.16319247182,-32.957270814129998],[150.16178759908999,-32.957605309720016],[150.16010377926,-32.960037305627012],[150.15911699564001,-32.962152874802989],[150.15658608973001,-32.960724247759991],[150.15677953171999,-32.956239892104001],[150.15279054729999,-32.953653830205013],[150.14573419090999,-32.954430486648988],[150.13971810173001,-32.95458312149799],[150.13713150012001,-32.961517072269992],[150.13612289137001,-32.963035742499024],[150.13615477652999,-32.963930816100991],[150.14056153537999,-32.968298582213002],[150.14304978875001,-32.96853410715201],[150.14555937595,-32.969366296044988],[150.1468025252,-32.97441139118699],[150.14899957426999,-32.976649775580007],[150.15048511865999,-32.979101018351983],[150.15502348300001,-32.980993659896008],[150.15819567776001,-32.981364128703014],[150.16206542809999,-32.982048565384986],[150.16622209581001,-32.984826673671982],[150.17006353076999,-32.986404771906997],[150.17142067905999,-32.988224640948999],[150.17307441084,-32.991840312204999],[150.17468075328,-32.996945801813006],[150.17756532653999,-32.998471669147008],[150.18155001509999,-33.005959732506],[150.18816490498,-33.012305898988011],[150.19380562852001,-33.015455809786999],[150.19673845038,-33.019149210093993],[150.20298460959,-33.020196323023008],[150.20687578936,-33.019979131308993],[150.2072993697,-33.020641200440991],[150.21119497987999,-33.020540347410005],[150.21702494911,-33.024868670788997],[150.22211145380999,-33.024483817312991],[150.22292227454,-33.02517624959701],[150.22522943888001,-33.025983336214011],[150.22558428695001,-33.025256922010001],[150.22805869851001,-33.026075013764014],[150.22947536448001,-33.026038116942985],[150.23352796409,-33.020557072937997],[150.23511217788999,-33.015438961666007],[150.22965870153001,-33.008361344587009],[150.22976490686,-33.00719102599799],[150.22948199388,-33.004766415722983],[150.22383580155,-33.001769122960006],[150.22198872979001,-33.001496357776993],[150.22182836875999,-33.001151929966007],[150.21138618859001,-32.996644829830004],[150.19674002891,-32.993439919698005],[150.19198790017001,-32.991588379921993],[150.19122029978999,-32.988671952544983],[150.18993830735999,-32.984468504278993],[150.19115005019,-32.979724834580011],[150.19356159585001,-32.977797958057018],[150.19369874917001,-32.977989520498006],[150.20213021075,-32.979081727829005],[150.20444375219,-32.982666279534996],[150.20596452768001,-32.98470415245901],[150.21042404223999,-32.986903166127995],[150.21445518453999,-32.988329105726002],[150.21918329539,-32.989197935016009],[150.22292905085999,-32.988899684497994],[150.22512658766999,-32.987421856258983],[150.22739841271999,-32.987186099807985],[150.22887956507,-32.987219004700997],[150.23039965129999,-32.988970320985032],[150.23456231812,-32.993451994377004],[150.23708155935,-32.996179583335007],[150.24632778859001,-32.997433644643984],[150.25054721337,-32.996477078468004],[150.25262466068,-32.991560955811003],[150.25183140503,-32.988024172229998],[150.25277759382999,-32.985113054330014],[150.25139937352,-32.98358946764499],[150.25237820473001,-32.981250053503999],[150.25145705345,-32.978142472283999],[150.25129678921999,-32.973803740308],[150.24877506632001,-32.972675345481981],[150.24771321727999,-32.972703185086999],[150.24443969315001,-32.970399866877003],[150.24308179808,-32.970743495421999],[150.24174248195001,-32.968329418327997],[150.24048620401999,-32.967934904464016],[150.24048972802001,-32.967861496038019],[150.24081436437999,-32.967472017117004],[150.24080719200001,-32.967646762253011],[150.25723814848999,-32.963428692727994],[150.25906796132,-32.970148393868996],[150.26172995963,-32.971924414232006],[150.26233806485999,-32.974227872058016],[150.26339873245001,-32.976541252532002],[150.26378063178001,-32.978839742274005],[150.26215549413001,-32.980139999648976],[150.26250791840999,-32.983392062223011],[150.26336006008,-32.985128338042003],[150.26376553249,-32.986663974028005],[150.26393294293999,-32.988576073628991],[150.26433843985001,-32.990111707366992],[150.26438970487999,-32.990482847400997],[150.26418965059,-32.990522895130994],[150.26424276634,-32.991954954526008],[150.26463605577001,-32.992266295506006],[150.26470862209999,-32.992791622352989],[150.26532786492999,-32.992813946229994],[150.26534918591,-32.992830824201995],[150.26471053860999,-32.992807866246991],[150.27238283768,-33.000975048619999],[150.27048991212001,-33.003605446483],[150.26967566837999,-33.007977011775999],[150.26954628764,-33.012172717807005],[150.27111904545001,-33.012588823461002],[150.27453793774001,-33.011900207559002],[150.27587262127,-33.012692737293008],[150.27649303723001,-33.014614717545989],[150.27671178426999,-33.017108879165001],[150.27670027779001,-33.017107358331003],[150.27338009525999,-33.018663624432989],[150.27078629613001,-33.021360097406991],[150.27085551068001,-33.023221766017002],[150.26871739577001,-33.024448818540996],[150.26934519452001,-33.025316227318996],[150.26830598910001,-33.027505820546004],[150.26425420106,-33.031040857077002],[150.25935746830999,-33.034371064142007],[150.25433714511999,-33.03897052553102],[150.24922976663001,-33.041995256270006],[150.24728017157,-33.044507076875014],[150.2459777263,-33.047646973210988],[150.24634643335,-33.050719225292006],[150.24921657153999,-33.05238807793399],[150.25004077468,-33.054731663004993],[150.24907701564001,-33.060896833623993],[150.24486953796,-33.069894321773013],[150.24458594814001,-33.071793357800992],[150.24467221492,-33.07300526987499],[150.24552691187,-33.073866863576001],[150.24483845848999,-33.074434360476005],[150.24459057198001,-33.073827882412992],[150.24376489823001,-33.073793502319006],[150.24343880186001,-33.074184280339011],[150.24190621194001,-33.074176565275977],[150.24066942508,-33.074495571395992],[150.23992687354999,-33.075136125460006],[150.23792463980999,-33.07547509483399],[150.23613776324001,-33.075497836605024],[150.23359196144,-33.077260458909009],[150.23399035785999,-33.078062352156998],[150.23297300203001,-33.078948931919022],[150.23323728416,-33.080733835428013],[150.23166552216,-33.085839587717999],[150.23545187977001,-33.090017301776996],[150.23840068634999,-33.093022246559009],[150.24019286281001,-33.097753566875021],[150.24255487702001,-33.099459762227994],[150.24842875230999,-33.101719065092986],[150.25206331703001,-33.105589700529983],[150.25400029904,-33.108071326295992],[150.25829147529001,-33.107433126941004],[150.26138619599999,-33.106682885032996],[150.26124796184999,-33.106017579246],[150.27362800418001,-33.103063592033998],[150.27374146452999,-33.108575620274017],[150.27445654250999,-33.110201489125991],[150.27359599395001,-33.109825525198012],[150.27360183376001,-33.111060177237],[150.27459026734999,-33.111091548008005],[150.27459097649,-33.111098785308009],[150.27360186043001,-33.111065834094994],[150.27360597409,-33.111935764983997],[150.27391621452,-33.112551315162001],[150.27591932198999,-33.113775972902005],[150.27643968372001,-33.114825051486008],[150.27933575233999,-33.114673660939992],[150.28054316756001,-33.114127512028006],[150.28240887493001,-33.112915845374992],[150.28396320441999,-33.112306100594999],[150.28519974899001,-33.112215399461],[150.28568069676999,-33.112987200797988],[150.28770818397001,-33.113424984845999],[150.28979650156001,-33.11465128350001],[150.29195968745,-33.115421619008991],[150.29189342429001,-33.115646332096013],[150.29206138340001,-33.115715585848989],[150.29331573296,-33.11617821382201],[150.29325322189001,-33.116367697879994],[150.30008747333,-33.118347694330019],[150.30308145062,-33.120559547814992],[150.30881937314999,-33.123275829967],[150.28779572875001,-33.124728082032988],[150.28144522877,-33.128406403852999],[150.27344968508001,-33.136775460925016],[150.27076461216001,-33.136392483480009],[150.27055193414,-33.136094436468973],[150.27065562193999,-33.135401828836002],[150.27025745317999,-33.133487076636001],[150.26952439786001,-33.133154638521994],[150.26848920953,-33.133203610367993],[150.26821860392999,-33.133165136994997],[150.26782747407,-33.133221034118016],[150.26720804959001,-33.133237340599997],[150.26514781541999,-33.133054831459994],[150.26178095404001,-33.13261775962701],[150.25781708176001,-33.13210901114001],[150.25540814777,-33.131518867928008],[150.25439132585001,-33.130521175868985],[150.25310706107999,-33.130228748150991],[150.25303900148,-33.130168399860992],[150.25233409079999,-33.129783772703],[150.25218342567001,-33.129548816358017],[150.25204080982999,-33.128764163924991],[150.25208221014,-33.128188907917],[150.25186188055,-33.127765449476996],[150.24982065429,-33.126313809198017],[150.2465728757,-33.126820460882001],[150.24552486585,-33.126765361182002],[150.24517328042,-33.125790368476004],[150.24395152589,-33.125761367678997],[150.24353614321001,-33.126019754467002],[150.24313256086,-33.126655988255983],[150.24244209768,-33.126411232794986],[150.24115244179001,-33.126086561389997],[150.24052508170001,-33.125242885803992],[150.23949551346999,-33.124585103741978],[150.23890975907,-33.124655398226004],[150.23747270371999,-33.125572996434016],[150.23472738647999,-33.126469675766018],[150.23137671789999,-33.127794601451001],[150.22845350726999,-33.129190825902988],[150.22766838998999,-33.130063843344004],[150.22673611641,-33.131380730498002],[150.22674894324001,-33.131456466023003],[150.22656733764001,-33.131602442382004],[150.2252430346,-33.134337051408998],[150.22496393782001,-33.136016626440004],[150.22290877499,-33.136500031143996],[150.22220356842999,-33.137402281862975],[150.22062713678,-33.137777658703982],[150.21721109568,-33.138496369074012],[150.21542724815001,-33.140033341434993],[150.21312153054001,-33.140712001933011],[150.21252918294999,-33.142114902375013],[150.21085133477001,-33.142235595726021],[150.20945316232999,-33.142538741794006],[150.20867588477,-33.143319124808009],[150.2068361062,-33.143486116370994],[150.20574371586,-33.143609312434002],[150.20460287797999,-33.144097460018017],[150.20322642273001,-33.143731630782],[150.20232661860999,-33.143353491478997],[150.20100083670999,-33.143111138492003],[150.19996414008,-33.143496218447993],[150.20079712435,-33.145314284672999],[150.19956819412999,-33.14665992286001],[150.19874569846999,-33.147469492629007],[150.19815682253,-33.147675785632991],[150.19748687436999,-33.14721524081299],[150.19521445788001,-33.147202078988016],[150.19567390777999,-33.148121966913003],[150.19680592930999,-33.149574008423002],[150.19582728456001,-33.150171988643997],[150.19366901542,-33.150800889698999],[150.19282782841,-33.150297524023991],[150.19050118639001,-33.150357338853006],[150.18984037721,-33.151712162021987],[150.18857826714,-33.152150715053999],[150.18701334990999,-33.152071448395027],[150.18713443850001,-33.15149497764699],[150.18558665570001,-33.151104681970992],[150.18390048028999,-33.150813476156003],[150.18184128632001,-33.151200729448995],[150.1797401366,-33.152018460973004],[150.17867042514001,-33.152261444347019],[150.17901795617999,-33.15323203463501],[150.17960027202,-33.154411621655022],[150.18131487931001,-33.154702158593004],[150.18183325382,-33.155232986227006],[150.18193857902,-33.156239024575996],[150.18109696409999,-33.157311749993021],[150.18077633042,-33.157869433870005],[150.18045655546001,-33.158450984034005],[150.18046548199001,-33.160266393008001],[150.18096258556,-33.160659789667008],[150.18184070052999,-33.161377877645016],[150.18158733752,-33.16300888672],[150.18054686395999,-33.163298331732001],[150.17899498345,-33.163447389839],[150.17650790242999,-33.162536330774991],[150.17555648142999,-33.162618004800009],[150.17539588128,-33.165718244205024],[150.17632273007999,-33.166841253736017],[150.17667045508,-33.167258646038007],[150.1763745202,-33.168273323692006],[150.17650685410001,-33.170047347842001],[150.17706445507,-33.172269176007006],[150.17721131515,-33.174444177192008],[150.17734367799,-33.176218198918008],[150.17740170652999,-33.177822115444009],[150.17722184274001,-33.179173221629988],[150.17705937990999,-33.179177377932],[150.17682540801999,-33.179386474353997],[150.17633548812,-33.179531028357005],[150.17566219448,-33.179614258298997],[150.17494465162,-33.179642760038007],[150.17479126288001,-33.17957559178501],[150.17461996004999,-33.179513959604009],[150.17450937053999,-33.179628499205009],[150.17437519946,-33.179758871802996],[150.17383170926001,-33.179925096017008],[150.17369606868999,-33.180014884607999],[150.17357541319001,-33.180017967911006],[150.17343922497,-33.180092536399989],[150.17334397987,-33.180130514934007],[150.1731756099,-33.180150049693985],[150.17307378390001,-33.180172962361006],[150.17295239223,-33.180155752896006],[150.17264161486,-33.180244937589002],[150.17256043923001,-33.180170844626012],[150.17242643214001,-33.180138723120997],[150.17253977414001,-33.180100283002979],[150.17262935124,-33.180072606528],[150.17260265395001,-33.180002199014993],[150.17242714961,-33.179991449729989],[150.17234323954,-33.180008825817993],[150.17229899313,-33.179954101478998],[150.17226608076001,-33.179878775494998],[150.17217742002001,-33.179931817584993],[150.17213062189001,-33.179973634858996],[150.17199296659999,-33.180007617283017],[150.17186354082,-33.180102323403993],[150.17185057347001,-33.18024483246699],[150.17190798351999,-33.180329687193989],[150.17197379743999,-33.180312773608023],[150.17193503345999,-33.180242673006006],[150.17196190022,-33.180150588638],[150.17207341,-33.180061418344025],[150.17217505151999,-33.180033434049001],[150.17218328406,-33.180094156652991],[150.17232808790001,-33.180258023881002],[150.17249299184999,-33.180309667192006],[150.17264291378001,-33.180448014046],[150.17262538028001,-33.180631261789991],[150.17267694246999,-33.180721345047004],[150.17269230732001,-33.180812351860006],[150.17258079722001,-33.180901522699997],[150.17235264495,-33.180937817272991],[150.17224808424999,-33.181052199561968],[150.17212705802001,-33.18104513541099],[150.17204442962,-33.181098023286005],[150.17189890519001,-33.181081429149998],[150.17187769348001,-33.180995648755001],[150.17185392690999,-33.181006411233],[150.17185155798001,-33.181108026522004],[150.17170036778001,-33.181101732335001],[150.17164917285999,-33.181021795952006],[150.17155411191999,-33.181064845522009],[150.17151096471,-33.181040558114994],[150.17151664439999,-33.181197824708001],[150.17143767969,-33.181352173375998],[150.17133585184001,-33.181375084615006],[150.17124334183001,-33.181321591187995],[150.17124680929001,-33.18125041431],[150.17091993042999,-33.181228294301995],[150.17064771508001,-33.181214932200014],[150.17048426391,-33.181036306487989],[150.17047291883,-33.180889341153005],[150.17048735515999,-33.180787417860017],[150.17034768196001,-33.180765594236007],[150.17032628595999,-33.180674741157006],[150.17027052541999,-33.180635541531004],[150.17024840841,-33.180691961803994],[150.17029686352001,-33.180863369097004],[150.17028736312,-33.180934701093996],[150.17021241417001,-33.181033090744016],[150.17009853171999,-33.181223875728982],[150.17009159355001,-33.181366229455008],[150.17001279835,-33.181358085255987],[150.16999085453,-33.181252012328002],[150.16990456085,-33.181203437569991],[150.1698210154,-33.181230959231009],[150.16975630043001,-33.181278310014022],[150.16980127839,-33.181353327498989],[150.16987440622,-33.181371773113],[150.16982157397999,-33.181413743476],[150.16976855996,-33.18145064129601],[150.16974827492001,-33.181557792062023],[150.16982908322001,-33.181621740725006],[150.16988606173001,-33.181654690439004],[150.16988832791,-33.181717471241981],[150.16975498978999,-33.181735256486988],[150.16975041769999,-33.181766535348004],[150.1697798479,-33.181792152371017],[150.16977044441001,-33.181847525710992],[150.16965868400999,-33.181910305446998],[150.16960543946999,-33.182014738845993],[150.16965326133001,-33.182154946021008],[150.16977383943001,-33.182336444583001],[150.16980266946999,-33.182424401254998],[150.16986489972999,-33.182489931270986],[150.16987517256999,-33.182537611400008],[150.16982364866999,-33.182531735461005],[150.16970325243,-33.18251323413098],[150.16968451951999,-33.182468166909999],[150.16964171379001,-33.182466862390996],[150.16959252383,-33.182525648121008],[150.16954703709999,-33.182450102661008],[150.16954642748999,-33.18235423472499],[150.16945709968999,-33.182327749261994],[150.16936449318001,-33.18228936124801],[150.16932246407001,-33.182309610963983],[150.16926335013,-33.182409399974993],[150.16908228436,-33.182447580717003],[150.16887885898001,-33.182340107764993],[150.16865601186001,-33.18216840870101],[150.16859135948999,-33.181956717114993],[150.168529906,-33.181833636358],[150.16852783222001,-33.181776161263009],[150.16850875352,-33.181642409070996],[150.16849373125001,-33.181542114856001],[150.16854274995001,-33.181478539927006],[150.16855249618001,-33.181353642632004],[150.16850381379999,-33.181189485869012],[150.16851267068,-33.181150407463996],[150.16848756574001,-33.181101117775995],[150.16816397741999,-33.181134201713988],[150.16792262044001,-33.180991390888003],[150.16759813754999,-33.180999667465997],[150.16704661533001,-33.18126201215599],[150.16639585991001,-33.181228949212986],[150.16601059000001,-33.181189116338004],[150.16558419968999,-33.180827567769995],[150.16542240153001,-33.18043444423602],[150.16436046478,-33.180461506657977],[150.16428180304999,-33.180736617237002],[150.16427278936001,-33.181273173341978],[150.16406182921,-33.181253793456001],[150.16393139023,-33.181664177316968],[150.1637722728,-33.182164789454994],[150.16405206072,-33.182554907856016],[150.16385361165999,-33.182783414680017],[150.16321982292999,-33.183221633530017],[150.16302583754,-33.183574165107991],[150.16345401781001,-33.183985331830002],[150.16210597544,-33.184267939549983],[150.16165988258001,-33.184999305527995],[150.16142031295001,-33.184906091637998],[150.15977189623001,-33.185047352969015],[150.15906482691,-33.184695536094999],[150.15890205319999,-33.184474807398999],[150.15873945717999,-33.184254295886007],[150.15822190579999,-33.183820556345999],[150.15795908698999,-33.183901722948001],[150.15761847255001,-33.184282801205015],[150.15647155587999,-33.184411266467009],[150.15622449131001,-33.185041206741005],[150.15596998109001,-33.185243331823003],[150.15538800524001,-33.185481569430998],[150.15536376630001,-33.186450470817007],[150.15556929278,-33.187239739051023],[150.15480227645,-33.187259224206983],[150.15448668146001,-33.187515518008013],[150.15469220253999,-33.18830478757701],[150.15425681764,-33.188514468330013],[150.15380885464,-33.189196194962015],[150.15280581143,-33.189221660352011],[150.15306408996,-33.189835798696009],[150.15275026053999,-33.190141698798996],[150.15223258889,-33.190527254934999],[150.15155850119999,-33.190668499019999],[150.15106688806,-33.190134761072002],[150.15094163389,-33.190758633000002],[150.15046057212999,-33.191341875321996],[150.15069111883,-33.192006376348985],[150.14992228011999,-33.191976221727998],[150.14885308403001,-33.191804709454992],[150.1478440354,-33.192231802743983],[150.14734041361999,-33.191548132030007],[150.1471354288,-33.191712590134003],[150.14713392198999,-33.19170878551401],[150.14733781202,-33.191545191902001],[150.14770992793001,-33.190393675045001],[150.148299224,-33.18953459547501],[150.14837196836999,-33.189341605398006],[150.14855495309001,-33.189255008320018],[150.1491544038,-33.187265763504016],[150.14938943388,-33.186642197809988],[150.14932491159001,-33.186699927288984],[150.14934657876,-33.186628021915013],[150.14963919373,-33.184907485050999],[150.14993713574,-33.183335776212985],[150.15001153306,-33.182117328229992],[150.15012966453,-33.181295016438],[150.15052217668,-33.180714018467008],[150.15060088286,-33.180438916567994],[150.15032116005,-33.180048767798013],[150.14956755112999,-33.180440298156],[150.14843845646001,-33.181064794769007],[150.14738362182001,-33.181290154432986],[150.14727737229001,-33.181285256199978],[150.1465021349,-33.180671498150005],[150.14547724939001,-33.18074983558801],[150.14481209108001,-33.180387014049003],[150.14380756358,-33.179543475614999],[150.14369372453001,-33.179333177183011],[150.143733879,-33.179327016569999],[150.14371107747999,-33.179322468102001],[150.14364409075,-33.179100713798015],[150.14361212495999,-33.178207723022005],[150.14367486753,-33.177486129970006],[150.14444998075999,-33.176870639489032],[150.14447767134001,-33.176813076408997],[150.14370078887001,-33.175847813233993],[150.14275444446,-33.175192670510995],[150.141374993,-33.174684295528991],[150.13966244727001,-33.173893288297009],[150.13875306053001,-33.17362523520498],[150.13838493591001,-33.173653941539008],[150.13687643217,-33.172760725954994],[150.13668586066001,-33.172815975743006],[150.13625681673,-33.172619064257013],[150.13396246016001,-33.172008079747989],[150.13378711175,-33.171975106749017],[150.13369473348001,-33.170983074068999],[150.13325984183001,-33.170948609392006],[150.13292296064,-33.170476480119994],[150.13223842944001,-33.169203710422018],[150.13137215054999,-33.167613011369006],[150.13069882440001,-33.167395666700997],[150.13072968054999,-33.167383375385],[150.13012635986999,-33.166395222060984],[150.12906016604001,-33.165968191549005],[150.12799738264999,-33.165636625165995],[150.12637722125999,-33.165605759282009],[150.12342202201,-33.166372927284016],[150.12262919032,-33.168041245467982],[150.12246107672999,-33.168905496063999],[150.12244674345001,-33.170100333406992],[150.12125097309001,-33.170823191656986],[150.11917492993001,-33.170755908598018],[150.11835992665999,-33.170203030411997],[150.11831852270001,-33.17023105280601],[150.11769295142,-33.16907107025402],[150.11658605427999,-33.167722381403983],[150.11474334446001,-33.16658250627799],[150.11548764419001,-33.166115724588977],[150.11646619741001,-33.165525289780973],[150.11694527701999,-33.164955544032999],[150.11724427546,-33.164026660802989],[150.11731640731,-33.162995712769003],[150.11762595241001,-33.161744379867997],[150.11722641822001,-33.161057467893983],[150.11411611975001,-33.162308411584007],[150.11262307633001,-33.162209236236968],[150.11146107159001,-33.161375533994999],[150.11109007406,-33.161382912941008],[150.11108939651001,-33.159873802087994],[150.11081813107,-33.157988552235985],[150.10904133413001,-33.157861050812016],[150.10799544746001,-33.157199220026996],[150.10762047599999,-33.156233915530997],[150.10467989377,-33.155963473888022],[150.10359024595999,-33.155990716784004],[150.10243047194001,-33.15596236716501],[150.10177506839,-33.154774714966997],[150.10003006311999,-33.153614270797],[150.09857569037001,-33.152962562238976],[150.09733977884,-33.152706727812991],[150.09723532336,-33.151677312785999],[150.09605541944001,-33.151076061170023],[150.09530632715999,-33.151094739660003],[150.09464147687001,-33.151569989343024],[150.09405077304999,-33.152215392894981],[150.08838434785,-33.15195513654001],[150.08641765131,-33.152074592363007],[150.08640742975999,-33.151946964279993],[150.08497129048001,-33.151810654307994],[150.08297829302001,-33.151344151922004],[150.08043248739,-33.150661998110998],[150.07874189058001,-33.149098573408992],[150.07712747737,-33.147762574751006],[150.07599379825999,-33.146529315438009],[150.07540491171,-33.145282551383012],[150.07496488519001,-33.144727334938004],[150.07490664786999,-33.143646758952009],[150.07375918271001,-33.141692365213004],[150.07194254192001,-33.140088973765003],[150.06990233631001,-33.138586642720995],[150.06927740686001,-33.136141501586025],[150.06812593231999,-33.135692184090992],[150.06655043243001,-33.136103891645995],[150.06629827187999,-33.136022717898008],[150.06555973267001,-33.137235421991015],[150.06191315478,-33.13851988437699],[150.06270354801001,-33.14082958477001],[150.06270917402,-33.147100362251983],[150.06033014727001,-33.152175756879018],[150.06057338029001,-33.159157339613976],[150.06087650346001,-33.15968475340199],[150.06119010552999,-33.165551889464993],[150.05691026407999,-33.166115699420004],[150.05440599592001,-33.169350573367986],[150.05231858233,-33.169696171557],[150.05164796744,-33.17018897689001],[150.05130780047,-33.170877796392013],[150.05097353116,-33.171736584379993],[150.05092811468,-33.172758389473003],[150.05111578347001,-33.173502285411999],[150.05240374529001,-33.173495255420001],[150.05238035022001,-33.174877667111993],[150.05041981314,-33.175519346118008],[150.04803870704001,-33.176329403394995],[150.04747444968001,-33.176866097291992],[150.04576092644999,-33.178999518225012],[150.04461296885,-33.180569609055006],[150.04438185276999,-33.180728656442994],[150.03798580166,-33.185347093868025],[150.03768701774999,-33.185926996269984],[150.03714324661999,-33.186007548883026],[150.03615172767999,-33.186554635766015],[150.03485745052001,-33.187337856512016],[150.03434766869,-33.188330644233993],[150.03477547223,-33.189463913114004],[150.03555106881001,-33.190079209236998],[150.03492631162001,-33.191952994914999],[150.03488921350001,-33.193052903342],[150.0348636308,-33.192955916340004],[150.03395558838,-33.192235561344987],[150.03292401751,-33.192673274616027],[150.03153915005001,-33.194247157725009],[150.03164203911001,-33.196279749672023],[150.03257531253001,-33.198677088812993],[150.03308414575,-33.200149737171003],[150.03247790903001,-33.20153960677299],[150.0303780454,-33.202305884627009],[150.02830514055,-33.202906459661016],[150.02694087491,-33.203187221759002],[150.02567844636999,-33.203575492459997],[150.02530041925999,-33.203997218176994],[150.02528004157,-33.204355230874008],[150.02606591654001,-33.205326135315019],[150.02626723632,-33.20642128486201],[150.02569118361001,-33.206792832458973],[150.02355939346,-33.207587268273983],[150.02294160064,-33.208647350907988],[150.02221196062999,-33.210260173773015],[150.02245444598,-33.211601834869008],[150.02261267732001,-33.211506453947003],[150.02047970317,-33.216414516331021],[150.02516367391999,-33.228930075496024],[150.03284628032,-33.236746574462003],[150.0429117994,-33.241279973425009],[150.04533798585001,-33.246090073520001],[150.05218809274001,-33.252169662038014],[150.05448823545001,-33.251573091017008],[150.06282777089999,-33.250122901471997],[150.07163311597,-33.252222473418009],[150.07228984188001,-33.252379037284008],[150.07287214254001,-33.252517854467001],[150.07285705063001,-33.252673589837009],[150.07046766509001,-33.254694518533],[150.06911150524999,-33.255735349594005],[150.06812633627999,-33.256091112430994],[150.06705721374999,-33.254629963282014],[150.06543797721,-33.252624549026002],[150.06377295639999,-33.254376262806979],[150.06243054322999,-33.255227485809009],[150.05990589327999,-33.259334319049003],[150.05832947342,-33.263286736021016],[150.06015291240999,-33.270228989828986],[150.06939150919001,-33.279930915787993],[150.06742985463001,-33.281678317840999],[150.05936230432999,-33.275541384229001],[150.0526005813,-33.273949954025994],[150.04810897006001,-33.272412131981007],[150.04048070287999,-33.26803104103201],[150.03325830604001,-33.274920644797014],[150.0357781065,-33.282794924895995],[150.03804435063,-33.28073855682301],[150.03849250492999,-33.283294949133008],[150.03842474365001,-33.287827207921993],[150.03535371957,-33.296915048681988],[150.02940268648999,-33.304882665199997],[150.03694656509001,-33.316989197069006],[150.04528777228001,-33.322356138085006],[150.04252418127001,-33.326954337977007],[150.03659888926001,-33.324682806811019],[150.02366154833999,-33.323350040431976],[150.02592908086001,-33.328265201265985],[150.02573619187999,-33.33570754607701],[150.02927476069999,-33.335281648733009],[150.02994304168999,-33.336398014099004],[150.02743612564001,-33.338044731085986],[150.02764001921,-33.342645823913998],[150.02404118953001,-33.343941484055009],[150.02407623872,-33.347565060979015],[150.02937732865001,-33.347360609378001],[150.03018474766,-33.348789827880005],[150.03011221099999,-33.350400832356016],[150.03295975331,-33.350764411425004],[150.03646451183999,-33.347985886134005],[150.04039170678001,-33.349510771389987],[150.04946296885001,-33.35020387274097],[150.05326192371001,-33.355541716604975],[150.06004590091999,-33.356656767891025],[150.0626776215,-33.362920782273008],[150.06831019507001,-33.364485184003996],[150.07337490576001,-33.366035939827988],[150.07606427956,-33.366898903269004],[150.07627690612,-33.362670060350993],[150.07917499059999,-33.361009007149015],[150.08290836159,-33.355610711486996],[150.09471372428999,-33.357187461351003],[150.09476975037001,-33.357194941408004],[150.10024080342001,-33.357925265947991],[150.10118329768,-33.361644495256016],[150.09814578218999,-33.361096423104016],[150.09900160154001,-33.36314393584798],[150.10263560413,-33.365067643768],[150.09925596210999,-33.366933676481011],[150.09696781161,-33.364574307661009],[150.09551096389001,-33.36536565294201],[150.09401745311999,-33.367668093444998],[150.09461154511999,-33.369201280822999],[150.09583906207999,-33.37083197756801],[150.09409337284001,-33.369818243890009],[150.09411029942001,-33.373832507699987],[150.09497519509,-33.373811005022013],[150.09693618605999,-33.373911532474985],[150.09835852806,-33.373876135329006],[150.09915649996,-33.374294340711998],[150.09962255296,-33.374315269290989],[150.10003826913001,-33.374476914730984],[150.10005448217001,-33.374935170654005],[150.09940214334,-33.375811404102009],[150.0992893511,-33.375833269708011],[150.09903897154999,-33.376208160165],[150.10103399399,-33.376847231473995],[150.09738360706999,-33.381890214712008],[150.10113977898001,-33.38436335577601],[150.10247296406001,-33.383533178755002],[150.10282299459999,-33.383394175153995],[150.10391302677999,-33.383478669385006],[150.10477153136,-33.383289758766004],[150.10641396283,-33.38393740164301],[150.1074789914,-33.384042723615998],[150.10814719135999,-33.383391633165004],[150.10834548469001,-33.382102501958016],[150.10920660439999,-33.381987940234005],[150.10969356465,-33.38195716536201],[150.10975692469,-33.383742268634016],[150.10941944267,-33.384234593171023],[150.10969427991,-33.385102459013993],[150.11017031281,-33.385388348231984],[150.11079424499999,-33.385465814870997],[150.11147873152001,-33.385374263058992],[150.11235543858001,-33.385073177767005],[150.11286391914999,-33.385023240649012],[150.11318744818001,-33.38538737736701],[150.11316095823,-33.385890545607019],[150.11298789718001,-33.386639325204015],[150.1141748833,-33.387577427016005],[150.11495531910001,-33.387688179138003],[150.11611356066001,-33.388440870494016],[150.11668557568001,-33.388929056043011],[150.11708622031,-33.389589034310013],[150.11712161881999,-33.389960374092993],[150.11702071038999,-33.390242070188982],[150.11651418641,-33.390347808912026],[150.11572843421999,-33.390088305885016],[150.11500421100999,-33.390311154170988],[150.11406726159001,-33.390167092499006],[150.11336770455,-33.389488504025003],[150.11260835952999,-33.38933184584301],[150.11214677162999,-33.389191493744001],[150.11099911932999,-33.388736285259007],[150.10900283471,-33.388748932255005],[150.10845857547,-33.389041693213997],[150.10806182392,-33.389740216344009],[150.10698012949999,-33.39114445063899],[150.10701829696001,-33.391176501916988],[150.10698144986,-33.391181640874017],[150.10666477282999,-33.391636213712012],[150.10535955555,-33.391743222258008],[150.10312811534999,-33.391835940504983],[150.10306250741999,-33.391853029478014],[150.10298702130001,-33.391783767577991],[150.10272997188,-33.391794973599993],[150.10273659947001,-33.391982100580009],[150.10398668798001,-33.392100243348992],[150.10392415384999,-33.392317860566003],[150.10415738288,-33.392376676707009],[150.10363606588001,-33.393320372505997],[150.10351133097001,-33.393754428493992],[150.10065016643,-33.393377809277005],[150.09740772583001,-33.393325919313],[150.09576269441001,-33.393754338995002],[150.09001639049001,-33.395527833585],[150.08875256981,-33.399314600689998],[150.09325136922999,-33.400851319318015],[150.1068752802,-33.401647038310998],[150.10798032883,-33.402626934754004],[150.10895363189999,-33.403489983691991],[150.10894913805001,-33.403490394061983],[150.10924383152999,-33.404916101672001],[150.10956574759001,-33.405814002605993],[150.11003588203999,-33.405825367563011],[150.11005436722999,-33.405867641533007],[150.10957667496999,-33.405847085933004],[150.10982880613,-33.406550326750001],[150.10920003928999,-33.40653479651499],[150.10991643055999,-33.406794725590991],[150.10995799634,-33.406910660137015],[150.11206480958,-33.408123586709991],[150.11686931701999,-33.409064258275002],[150.12105312277001,-33.410020306988983],[150.12079433241999,-33.40973487839301],[150.12160182592999,-33.409924246838024],[150.11954159545999,-33.412023158076991],[150.11943922155999,-33.415121659080015],[150.11823146199001,-33.417240349448008],[150.11194709514999,-33.418048199849004],[150.10991014601001,-33.419431892543997],[150.10964139479,-33.427535583945016],[150.11467898037,-33.430038251732995],[150.12123271634999,-33.429713603735003],[150.12866277449999,-33.428693324660998],[150.13493215267999,-33.42836135731401],[150.14004882552999,-33.428479537462991],[150.1422681905,-33.430200446462976],[150.14388002955999,-33.433099973858994],[150.14468598571,-33.434549730307005],[150.1442923134,-33.437880090167994],[150.14163200211999,-33.440919647299012],[150.14003448149001,-33.442005152405009],[150.13878994846999,-33.441833390317008],[150.13641109199,-33.440798414648],[150.13634412386,-33.442583745069001],[150.13297745656001,-33.444536177277016],[150.13347546432999,-33.44669446486801],[150.13004794053001,-33.447092177865983],[150.13070452429,-33.453070613771992],[150.13373022587999,-33.456241533713005],[150.13333597370001,-33.459571819442992],[150.13104538153999,-33.459995849055005],[150.13055668332001,-33.466186277192016],[150.13073101927,-33.469529716902002],[150.13294331898001,-33.471489176754986],[150.13751724266999,-33.470879384245983],[150.14187719231001,-33.46811771752099],[150.14211460524999,-33.469554372447995],[150.14089085954001,-33.472149952452995],[150.1408196287,-33.472220499663024],[150.13950925073999,-33.472631577418987],[150.13970848900999,-33.474798725116997],[150.14077208054999,-33.477351371548984],[150.14210832040001,-33.47847165059401],[150.14314185465,-33.479056508861014],[150.14496033040001,-33.478942750659002],[150.14504808176,-33.478856385050996],[150.14522228614001,-33.478928697164015],[150.14959805506999,-33.475690068923981],[150.14969788753001,-33.474422290432969],[150.15017978328001,-33.474296877970978],[150.1507701619,-33.470446705218009],[150.15269746242001,-33.471110703932986],[150.15567226736999,-33.471537353692014],[150.15710198762,-33.472523116998019],[150.16072412657999,-33.472122265121016],[150.16062401681,-33.473048147648029],[150.16175568510999,-33.474105529519981],[150.16255512665001,-33.473813720999004],[150.16396763020001,-33.472556012615996],[150.16400666793999,-33.471758901957983],[150.16424330550001,-33.471732703596984],[150.16440645149001,-33.466727280760004],[150.16532951214,-33.46460162428199],[150.16706686059001,-33.46368724276001],[150.16872662142001,-33.465156380921989],[150.16861803517,-33.46849334408499],[150.17056231270001,-33.469968965019],[150.17347686956001,-33.470239677733993],[150.17419070705,-33.470802642080997],[150.175723288,-33.47062783182399],[150.17688679439999,-33.470326649073996],[150.17737534621,-33.470125295383006],[150.17738801926001,-33.470124700648],[150.17739243634,-33.470118251420011],[150.17908131863001,-33.469422168942991],[150.18034256524001,-33.467353550369999],[150.18056614009001,-33.466646487798002],[150.18120885927999,-33.466395188996003],[150.18553646222,-33.46458532883198],[150.18687364423999,-33.467239569013003],[150.18751346208001,-33.468190780659974],[150.18423303475001,-33.468543933661998],[150.18260872289,-33.469535766591008],[150.18128383203,-33.472081199002993],[150.18134299556999,-33.473708833838998],[150.17962777477999,-33.474431421869006],[150.17740128628,-33.475574307084003],[150.17627216906999,-33.476824947856997],[150.17562858791001,-33.478063205491019],[150.17498006772001,-33.479165823930998],[150.17892888170999,-33.481950093500004],[150.17871072091,-33.482634467459015],[150.18012174866001,-33.483719776969004],[150.17851555095999,-33.484823639731985],[150.17822055203999,-33.484751274459001],[150.17700531093001,-33.484748320055999],[150.17656603218001,-33.486163385349002],[150.17600082556001,-33.486551789667992],[150.1762158926,-33.487291262154017],[150.17551843359001,-33.489537863877992],[150.17661110155001,-33.489510018678999],[150.17769467144001,-33.490177058518007],[150.17814497865999,-33.490655712732],[150.17960413701999,-33.491854498124013],[150.17819607798,-33.492999409790009],[150.17827473297001,-33.494049553525009],[150.17918850791,-33.494671117492999],[150.18077429294999,-33.494834301618027],[150.18224853528,-33.495271837197997],[150.18466920045,-33.496721311297989],[150.18627593069999,-33.497571010401991],[150.18660273782999,-33.497840887464001],[150.18744628857999,-33.497906935913996],[150.18806368795001,-33.498177463170009],[150.18884311542001,-33.500288991246997],[150.18960303315001,-33.502385104538995],[150.189649812,-33.503147418824994],[150.19131403602,-33.503486578770016],[150.19498726961999,-33.503726522461989],[150.19586796073,-33.505485470301991],[150.19690799808001,-33.509005943782007],[150.1991813729,-33.509261857643999],[150.20344123091999,-33.510078938889002],[150.20359322856001,-33.510599948072013],[150.20220382391,-33.512669669694994],[150.20154256636999,-33.515517119403995],[150.20259635017999,-33.518164801995994],[150.20385001436,-33.518958484273995],[150.20463360990999,-33.520255508505009],[150.20689125640001,-33.521045969866996],[150.20722701029001,-33.520256704932997],[150.20708845729001,-33.519644372708001],[150.21107986895001,-33.520025980470983],[150.21339473265999,-33.518885449737986],[150.21570953871,-33.517744873348015],[150.2167377847,-33.517435317209987],[150.21744751744001,-33.515046932475997],[150.22103171737001,-33.515431577142998],[150.22323324005001,-33.514881578013998],[150.22432691368999,-33.515187335625001],[150.22507857658999,-33.518062887361992],[150.22688263651,-33.519606862724999],[150.22971402983001,-33.520169812109991],[150.23206075598,-33.519949935090004],[150.23285854433001,-33.518927136352993],[150.23214225337,-33.517530021876993],[150.22995147270001,-33.514771332109994],[150.23060216415001,-33.513879609536012],[150.23150573826999,-33.513665312753005],[150.23491694019,-33.515533360493997],[150.23384782808,-33.514352193862997],[150.23556336945001,-33.512987433062023],[150.23651439001,-33.514569316896008],[150.23808650845999,-33.514973879521989],[150.23859418376,-33.516376381911009],[150.24074452663001,-33.518544022531984],[150.24299089247,-33.519548223916004],[150.24755178945,-33.519411193429008],[150.25183154513999,-33.521324015185002],[150.25263931983,-33.520782868140991],[150.25722458438,-33.523663741319993],[150.25907683903,-33.524199153418003],[150.26495588045,-33.52743019809899],[150.26508284721001,-33.527483281766997],[150.26548281602999,-33.528664942873007],[150.26709284236,-33.529004991321003],[150.26874569303999,-33.530490565142017],[150.27033434687999,-33.530257798072014],[150.27234321496999,-33.529058425494],[150.27424552337001,-33.527099301176008],[150.27721652165999,-33.529820708067021],[150.27695976837001,-33.530466080947008],[150.27836337012999,-33.531384746781008],[150.27953186871,-33.532118468751008],[150.27967503222001,-33.532072498470008],[150.28199048681,-33.534193109916998],[150.2821685529,-33.535489112600999],[150.28243953124999,-33.536628651524005],[150.28456310717999,-33.53848385781901],[150.28687171229001,-33.539187478621997],[150.28692912054001,-33.540714862934983],[150.28854663165001,-33.541245555280007],[150.28949088664999,-33.541061349117996],[150.29118097151999,-33.542608774844986],[150.29386247388001,-33.543016387893978],[150.29617127345,-33.543719836963994],[150.29914971872,-33.544023305876003],[150.30167938426001,-33.54452969891198],[150.30379634655,-33.546193651109],[150.30482383382,-33.549224232497998],[150.30557284138999,-33.550924396947984],[150.30608663467001,-33.552439679307973],[150.30474734734,-33.553239623038984],[150.30399546204001,-33.554339058861977],[150.30438123837999,-33.554692125690998],[150.30430056941,-33.555205176186],[150.30460989378,-33.555211779973],[150.30461051961001,-33.55521467922599],[150.3043007034,-33.555208064200009],[150.30452759113999,-33.556700925382003],[150.30383892833001,-33.556857667476997],[150.30387168543999,-33.558003372070004],[150.30343143927999,-33.558967017849007],[150.30464620716,-33.561684220344006],[150.30544668829,-33.562331403773996],[150.30573681493999,-33.563997959155031],[150.30674767551,-33.564477969484003],[150.30776209923999,-33.564843549837988],[150.30925313341999,-33.565276740314978],[150.30978209787,-33.565860740703016],[150.31023030228999,-33.566843730739997],[150.31124299497,-33.567266495155984],[150.31238883450999,-33.567806644025005],[150.31257789758999,-33.568325997131012],[150.31290719342999,-33.568733899657019],[150.31322762619999,-33.569427855174006],[150.31341492338001,-33.57000442060599],[150.31394571574,-33.570531194684023],[150.31441526090001,-33.570827639128993],[150.31473484978,-33.570892264338013],[150.31461203756999,-33.570933053055995],[150.31492269776999,-33.571023286108016],[150.31541144305999,-33.571343997254999],[150.31558501473,-33.571487465290005],[150.31587985748999,-33.572118923893015],[150.31623424698,-33.572566998113999],[150.31653497076999,-33.573049132711006],[150.3165296574,-33.573220767102995],[150.31663800675,-33.574139111052006],[150.31695848634999,-33.574833060721005],[150.31727897236999,-33.575527008251001],[150.31780627959,-33.576168191525014],[150.31813031758,-33.576747714929986],[150.31925685637,-33.577917132087997],[150.31959860692999,-33.577924539339996],[150.32055551126999,-33.577945273906984],[150.32137571518001,-33.577963041382986],[150.32178758575,-33.577914712191003],[150.32297959055001,-33.576967272844001],[150.32379095214,-33.577271081970004],[150.32424290118999,-33.578139607468998],[150.32517685249999,-33.578904057282024],[150.32564471692001,-33.579257673760011],[150.32678904401001,-33.579854912785997],[150.32732527242001,-33.580210002115983],[150.32861867803001,-33.580409694437996],[150.32971408637999,-33.580376102338995],[150.33040466418001,-33.580162011068005],[150.33190666164001,-33.580251674256992],[150.33511317441,-33.580982798765021],[150.33509667664001,-33.58151916163699],[150.33501814215001,-33.58175601091601],[150.33585240919999,-33.582429974717002],[150.33662831206999,-33.58268522916898],[150.33789165537999,-33.583308783814985],[150.33860003173001,-33.58344330154501],[150.33930108755001,-33.583816200813004],[150.33957492344999,-33.584179903705007],[150.34041473977001,-33.584675051176013],[150.34068126387001,-33.585277135942995],[150.34095145169999,-33.585760031305007],[150.34227876535999,-33.586623460322009],[150.34262748498,-33.586869496060004],[150.34446242201,-33.587445633943027],[150.34501929394,-33.587875039266997],[150.34520003812,-33.58895235920501],[150.34624991112,-33.589571249662015],[150.34637954762999,-33.589991478904992],[150.34650553432999,-33.590530902463009],[150.34847934890999,-33.591229234212022],[150.34905450744,-33.591062659912993],[150.35013392024001,-33.591516376432999],[150.35013387864001,-33.591517416530017],[150.35013892951,-33.591518481701996],[150.35025050231999,-33.591565380269998],[150.35025146916001,-33.59154222169601],[150.35047372384,-33.591589104606015],[150.35095466877999,-33.591520690548997],[150.35175814953001,-33.591530744685983],[150.35283023393001,-33.591145794101024],[150.35318935525001,-33.591146324651014],[150.35327305979999,-33.591205365877997],[150.35400162171999,-33.591428489154005],[150.35452733531,-33.592133898545015],[150.35463954284,-33.592379613374],[150.35504492025001,-33.592545721558004],[150.35586615842999,-33.592534661169992],[150.35603335697999,-33.592659892665999],[150.35695845178,-33.592608107269996],[150.35749838023,-33.592848647803002],[150.35789263728,-33.59337948144799],[150.35860843841999,-33.594582717613008],[150.35931615448999,-33.595333786301993],[150.35975285175999,-33.596717119443007],[150.36028758046001,-33.597129288684982],[150.36130786499999,-33.597322817730024],[150.36169404345,-33.600365324187997],[150.36115231312999,-33.60018201285299],[150.36050907523,-33.601084286370998],[150.36063709425,-33.601373269802004],[150.36095278917,-33.602238763197988],[150.36107034938999,-33.602871025405008],[150.36132814244999,-33.603391780126991],[150.36130547081001,-33.604135549280009],[150.36183502063,-33.604719353028997],[150.36207190144,-33.605926663190992],[150.36176003827001,-33.60717951423397],[150.36299468199999,-33.609324114865998],[150.36273027278,-33.611264983201991],[150.36457867659999,-33.613479912808025],[150.36689840376999,-33.613701097673015],[150.36950558567,-33.613470353459007],[150.37438110101999,-33.617409785277999],[150.37733030794001,-33.617186143851008],[150.37988387229001,-33.618728810085017],[150.38221937847999,-33.618434791206013],[150.38370137266,-33.619210426518009],[150.38499379817,-33.619466777790002],[150.38991312608999,-33.617452479781008],[150.39154057591,-33.617944839107011],[150.39305540820999,-33.617633293438999],[150.39425931796001,-33.616284659727988],[150.39702396837001,-33.615369644910011],[150.39789275179999,-33.613784912924011],[150.39944359942999,-33.612271774988983],[150.40153113,-33.611113403885014],[150.40385463868,-33.608929433851991],[150.40525310196,-33.607928276185014],[150.40686180831,-33.60675975805399],[150.41098673251,-33.606101945710009],[150.41446886496001,-33.606346571680987],[150.41531673431001,-33.605448279660997],[150.41794067238001,-33.60464434118299],[150.41837823392001,-33.603737458855008],[150.42055945005001,-33.604011990550013],[150.42347723931999,-33.602527044077],[150.42452329573001,-33.601861824153993],[150.42752159518,-33.602267751200991],[150.42932823831001,-33.601332053364004],[150.43034412059001,-33.599877840045977],[150.4345342176,-33.599839660321983],[150.43636213643001,-33.599371559815005],[150.43987294835,-33.599124468926981],[150.43989494073,-33.598380653786009],[150.44080915677,-33.597540803938998],[150.44176467943001,-33.597617828163997],[150.44295911514999,-33.596554752120007],[150.44562223849999,-33.596724299678016],[150.44760242703001,-33.594532369189004],[150.45134933258001,-33.59506767015899],[150.45307880107001,-33.594416280717006],[150.45375469669,-33.592369130490994],[150.45836229424,-33.591547886920978],[150.45855107707999,-33.589776953814997],[150.45843616853,-33.589030314019993],[150.45711418977999,-33.587457332690008],[150.45726603615,-33.58694518646702],[150.46500329998,-33.584355923865019],[150.46623885982001,-33.584209487073984],[150.46663565431999,-33.584675634008015],[150.46843772892001,-33.584704457412002],[150.46871661485,-33.58423929846002],[150.46872612425,-33.58389530788299],[150.46872791236001,-33.583895444247005],[150.46871839023001,-33.584240157522004],[150.47070884140999,-33.584400157514025],[150.47090733517999,-33.584062155957],[150.47131217084001,-33.584093119663997],[150.47159542200001,-33.582890434410999],[150.47160861313,-33.582867971686994],[150.4763224287,-33.582487146000013],[150.48309736410999,-33.579328077744989],[150.48539348556,-33.580000981943016],[150.48751006561,-33.58195241765101],[150.48778453921,-33.582315822160012],[150.48920272166001,-33.582553354365999],[150.49147090986,-33.581734627475001],[150.49462315733001,-33.581142501844013],[150.49603912453,-33.580222944386001],[150.49696594526,-33.579616975353019],[150.49740240678,-33.580293755806984],[150.49801546034999,-33.580382497769982],[150.49830377501999,-33.579873053982986],[150.49921075512,-33.580191675670989],[150.50797610667999,-33.581382450202014],[150.50833351476001,-33.581545009435004],[150.50887603498001,-33.58170861316701],[150.51008903937,-33.582343737928987],[150.51193083675,-33.582116564449002],[150.51475674123,-33.581371838996006],[150.51552314155001,-33.580341512088005],[150.51546132934001,-33.580012258727017],[150.51530723018001,-33.579174221453989],[150.51529997997,-33.579121462584993],[150.51534469685001,-33.578670172321999],[150.51525582690999,-33.578042181825992],[150.51550249552,-33.578136594599016],[150.51589015216001,-33.577041065068009],[150.51814882579001,-33.575297245485991],[150.51877115233,-33.574713343226001],[150.51980301271001,-33.573511441061015],[150.52100111953001,-33.571477919854978],[150.52206625005999,-33.570156432829975],[150.52427571027999,-33.569127172319014],[150.52709431137001,-33.569219333565002],[150.53047483276001,-33.569043300164992],[150.53044378178001,-33.568989084154005],[150.53112983416,-33.568752563137984],[150.53122411040999,-33.568299887201988],[150.53196462823001,-33.567813693299009],[150.53262172890999,-33.567254266767989],[150.53354531959999,-33.566342315044004],[150.53424817211999,-33.565676440535015],[150.53446319348001,-33.56572286677001],[150.53451872895999,-33.565180864902004],[150.53482284059999,-33.563505101681997],[150.53505575253999,-33.562829856861988],[150.53482624991,-33.562499584512992],[150.53470035332001,-33.562389046489017],[150.53402566897,-33.561063538579994],[150.53335439987001,-33.559618817783999],[150.53268654037001,-33.558054885417008],[150.53358154999,-33.556641389538008],[150.53473757808001,-33.556068036794976],[150.53702250012,-33.555874986494999],[150.53988372098999,-33.555454795229998],[150.54199245802999,-33.556450935019996],[150.54354857496,-33.556839675548986],[150.54467417217001,-33.557339132714006],[150.54522347564,-33.558065703575011],[150.54484419664001,-33.561397980014988],[150.54697337049001,-33.561678772426006],[150.5493199638,-33.564349410946022],[150.55013730952001,-33.565677664893997],[150.54940171243001,-33.566498046739],[150.54751000493999,-33.567891902237022],[150.54717460033001,-33.569674431802987],[150.54742231505,-33.570991408203021],[150.54909753347999,-33.572217396224012],[150.54995200931,-33.572234322767976],[150.55180337663001,-33.572270978170003],[150.55251207531001,-33.572404280685994],[150.55423112829999,-33.572080446262987],[150.55610938637,-33.571163337527999],[150.55784183866999,-33.570362599901991],[150.56167351431,-33.570915302013006],[150.56263017200999,-33.57236550445301],[150.56509986018,-33.57575395692799],[150.56303223283001,-33.578337376857981],[150.56197824669999,-33.580344349215004],[150.56249765268001,-33.582143770221009],[150.56255959417001,-33.585007684749023],[150.56292988914001,-33.587042723278024],[150.56489722128001,-33.588035705487016],[150.56725661305001,-33.585219442782986],[150.56925740789001,-33.585020225189979],[150.57140063064,-33.584823770657998],[150.57211949076,-33.584599326104993],[150.57427938724001,-33.583806751479017],[150.57591620853,-33.581333976796998],[150.57762870779001,-33.581248247849004],[150.57976183637001,-33.581409286387],[150.58138514481001,-33.579413286450006],[150.5848798353,-33.576738139805002],[150.58467804672,-33.573752205679014],[150.58449287638999,-33.570170194953008],[150.58713926524001,-33.567239841167009],[150.58889790086999,-33.56548492791601],[150.58865619002,-33.563929575574022],[150.58855688884,-33.562376998886009],[150.58901723723,-33.561193168194002],[150.59000740335,-33.561451020927997],[150.59311371945,-33.562465731896019],[150.59367008877001,-33.56295367578501],[150.59521337053999,-33.563818645364982],[150.59834625721999,-33.563879502054007],[150.60350755351001,-33.564752874034006],[150.60349978916,-33.564896701637004],[150.60546076258001,-33.56507599692501],[150.60554432721,-33.565372220326999],[150.60659379136999,-33.568328289849013],[150.60834968204,-33.569382482994001],[150.60980691583001,-33.569250729140002],[150.61133766839001,-33.567444439379017],[150.61243427511999,-33.562903200568002],[150.61122255410001,-33.560340106193998],[150.61134781837001,-33.559918380644021],[150.61158837958001,-33.557970243568015],[150.60958821086999,-33.557042627236996],[150.60953718216999,-33.557038023306987],[150.60888273231001,-33.553777982314003],[150.6115013843,-33.549819828514998],[150.61539022259001,-33.54767503867199],[150.61552097961001,-33.547654925450978],[150.61557359855999,-33.54757389590501],[150.61561624935001,-33.547550370592006],[150.61567546216,-33.54741703402901],[150.61672270893001,-33.545804326995984],[150.61687351064,-33.545035425888003],[150.61730152201,-33.54269120248199],[150.61755323691,-33.542037489009012],[150.61766222795001,-33.542030890911015],[150.61808184665,-33.541139507850005],[150.6196892735,-33.540270992112994],[150.62074799365999,-33.536073570274993],[150.61991159664001,-33.532408996929014],[150.61988184020001,-33.532407207042013],[150.61991080640999,-33.532389906024989],[150.62128997579001,-33.53097370345801],[150.61810381151,-33.528982854295982],[150.61795035385001,-33.528031645953007],[150.61985465115001,-33.527173614981983],[150.62096126531,-33.526893008016998],[150.62246405938001,-33.526811129035003],[150.62278037995,-33.525081740871009],[150.62093796080001,-33.52467654258902],[150.61926853988999,-33.524591222307002],[150.61906554193001,-33.523545884061022],[150.61863484247999,-33.52332746804101],[150.61854449579999,-33.522825133407999],[150.61792708262001,-33.520587682973989],[150.61660514856999,-33.520626038448],[150.61687205583999,-33.523217702615995],[150.61677478381,-33.523316010621009],[150.61638852773001,-33.523375091786001],[150.61637385764001,-33.523386851328979],[150.61491504220001,-33.52335091451301],[150.61570126642999,-33.520289102991001],[150.61409399876999,-33.520049008190007],[150.61378375340999,-33.521376817585001],[150.61335496333001,-33.523701950128022],[150.61164392444999,-33.523713301559987],[150.61199241652,-33.519995234376992],[150.60969825958,-33.519698529389004],[150.60999747118001,-33.517549180642007],[150.60733317270001,-33.51657507447301],[150.60680014121999,-33.525229676263997],[150.60593091452,-33.526286931358015],[150.60559205861,-33.526123649573996],[150.60515336683,-33.534256176592002],[150.6029738094,-33.53422240165299],[150.60063293722999,-33.533662263162022],[150.59917244210999,-33.533911696561994],[150.59859960527001,-33.534165343162009],[150.59717732715001,-33.534335395434994],[150.59646642336,-33.534022840556005],[150.59669789086999,-33.53080675129101],[150.5970518826,-33.528308723748992],[150.6000675082,-33.527412980518989],[150.60133543557001,-33.527914680808991],[150.60462911970001,-33.527262774800995],[150.60503890842,-33.525314491722995],[150.60520590994,-33.524423113358978],[150.60559956180001,-33.523058992620008],[150.60476855009,-33.522207946918016],[150.60384500906,-33.522130434393986],[150.60281410351001,-33.523362927987002],[150.60168198304001,-33.523102436243988],[150.6019218255,-33.522152832926984],[150.60222789215001,-33.521383434329017],[150.60338137642,-33.52086900441499],[150.60396386882999,-33.52040315531297],[150.60469197623999,-33.519820838573992],[150.60524273218999,-33.517922990820999],[150.60363061255001,-33.516997186036015],[150.60428309088999,-33.515620067890005],[150.60434265531001,-33.515637956570004],[150.60438553806,-33.515557382257988],[150.60466800213999,-33.515526244257984],[150.6045550865,-33.515238794549006],[150.60506569386999,-33.514279324007013],[150.60450053272001,-33.514037303283999],[150.60467663829999,-33.513763099892003],[150.60533768688001,-33.512501624016004],[150.60534450098999,-33.511282956985994],[150.60499117392999,-33.510857194286984],[150.60501007675001,-33.510800945032017],[150.60441321914001,-33.510139198791997],[150.60422948990001,-33.50914106463599],[150.60454477912,-33.508486875846998],[150.60508106301,-33.507659055125018],[150.60553581522001,-33.506929153563007],[150.60594072287,-33.505913726021006],[150.60598481752999,-33.505905277361997],[150.60654959709001,-33.505091507011983],[150.60659490310999,-33.504991876981983],[150.60653206504,-33.504926512781012],[150.60639099599999,-33.504678481077995],[150.60640494684,-33.504382120205008],[150.60633913231001,-33.504055181594019],[150.60616921899,-33.503742216542996],[150.60615116645999,-33.503304282095989],[150.60588887206001,-33.502972066799003],[150.60556347811999,-33.502378602216986],[150.60548324564999,-33.502019195797992],[150.60567747688,-33.50166357462399],[150.6056164531,-33.501587023443015],[150.60494766062999,-33.501196261506998],[150.60383306471999,-33.501866434882018],[150.60280272411001,-33.501281060880018],[150.60194473549001,-33.500257806972009],[150.60090225152999,-33.500698035073007],[150.60105117762001,-33.501012704253],[150.60167125349,-33.502202325368003],[150.60149235213001,-33.502480899177982],[150.60191199383999,-33.503425689476018],[150.60218645224001,-33.504146836968005],[150.60229043326001,-33.504690640764011],[150.60201786489,-33.505336460711995],[150.60084511794,-33.505256426587998],[150.60014821817001,-33.504843666276024],[150.59991873083001,-33.504554106492009],[150.59949254385,-33.504110740414013],[150.59898767755999,-33.503737996645015],[150.59838071369001,-33.503527683464014],[150.59789457383999,-33.50361006752],[150.59774282268,-33.503887851741005],[150.59770846935001,-33.504029028375982],[150.59653122219001,-33.506029611783006],[150.59243581346001,-33.507461637385994],[150.59192316823999,-33.507365243942004],[150.59190588131,-33.506944235562024],[150.59224907250999,-33.506011046995994],[150.59264624881999,-33.505360390146997],[150.59351206826,-33.504767248312994],[150.59349895516999,-33.504448022292998],[150.59345273382999,-33.504224407831003],[150.59393279029001,-33.504020611645018],[150.59381729655999,-33.503561370493017],[150.59381842737,-33.503199557791014],[150.59413851062999,-33.502815149040003],[150.59430928755,-33.502689631939013],[150.59484364267999,-33.502459833163009],[150.59541709313999,-33.502403094754015],[150.59583906583001,-33.502163134945],[150.59594651156999,-33.501664261409005],[150.59587152623999,-33.501140287401029],[150.59528377722,-33.500533365183017],[150.59491421856001,-33.500313939608994],[150.59441929235001,-33.500161653560006],[150.59363883208999,-33.49989515294601],[150.59301065731,-33.499895152299999],[150.59211598319999,-33.499628651029994],[150.59190659155001,-33.499381187261022],[150.59173527064999,-33.499247937766],[150.59162105781999,-33.499019508737994],[150.59164009354001,-33.498943366010018],[150.59179237852001,-33.498695902582],[150.5920969487,-33.498486510419987],[150.59259187514999,-33.498429403930992],[150.59278223166001,-33.498600725348005],[150.59295355162001,-33.498848189481997],[150.59310583623,-33.498943367800003],[150.59350558419001,-33.498981439553006],[150.59367690485001,-33.498924333173008],[150.59379111954999,-33.498714940710997],[150.59394340246001,-33.498562655340002],[150.59409569023001,-33.498296155858014],[150.59458816904001,-33.498137858408988],[150.59458947218999,-33.498125757502983],[150.59418142377001,-33.497564127142986],[150.59451880485,-33.497446885252003],[150.59484147568,-33.496971693319018],[150.59481314879,-33.49628229079601],[150.59502207596,-33.496250952081994],[150.59528669834,-33.496202838545017],[150.59545509437999,-33.496034442155008],[150.59585202685,-33.495733734383997],[150.59576783108,-33.495529252518999],[150.59563552003999,-33.495276658237991],[150.59562349189,-33.495168402865005],[150.59552726497,-33.495000006014003],[150.59529872857999,-33.494951892494988],[150.59516958421,-33.494961117258995],[150.59504674719,-33.494434695626985],[150.59504613517001,-33.494434673982987],[150.59466123019999,-33.494097879953017],[150.59451689065,-33.49388136956],[150.59419212673001,-33.493664859943998],[150.59396359044001,-33.493472405958997],[150.59379519379999,-33.493328065806004],[150.59384330724001,-33.492991271051004],[150.59386736459999,-33.492858961347991],[150.59401170512999,-33.492810847671983],[150.59407328914,-33.492814697133994],[150.59413198647999,-33.492726649331011],[150.59422821307999,-33.492498112923002],[150.59433646754999,-33.492245516638008],[150.59434849642,-33.49206509113602],[150.59413444901,-33.491898609419003],[150.59413577942999,-33.491896172715983],[150.5939876473,-33.491788439405006],[150.59405981750001,-33.491535844805014],[150.59408387453999,-33.491162966322015],[150.5941801013,-33.491018625860015],[150.59431241253,-33.490850231000003],[150.59436052450999,-33.490705889865005],[150.59436052568,-33.49052546443199],[150.59444425788001,-33.490435292336016],[150.59447610731999,-33.490255364210007],[150.59463717893999,-33.490212728834983],[150.59479354554,-33.490044331873015],[150.59485368671,-33.489815793017016],[150.59484165916001,-33.489575226687002],[150.59482979226999,-33.489560195357015],[150.59605598037999,-33.489455878382017],[150.59622115603,-33.488499952963998],[150.59617175598001,-33.486522600425985],[150.59726973394999,-33.485701030794004],[150.59841920042001,-33.484270094456015],[150.59564504791999,-33.484245338810005],[150.59477998368999,-33.484170415031016],[150.59274348752001,-33.483811141841016],[150.59032246167001,-33.483560613487008],[150.58886647263,-33.483532279068001],[150.58748787489,-33.48321479069601],[150.58600218564999,-33.482513171629009],[150.58566285943999,-33.481839750359008],[150.58553024109,-33.480671681039006],[150.58483537306,-33.481295371012997],[150.58370123304999,-33.481541062442993],[150.58195851894999,-33.481413609162004],[150.58020710392,-33.48107331281301],[150.57807765163,-33.480814870442991],[150.57733922574999,-33.480374419902994],[150.57666547117,-33.480371181008003],[150.57553191615,-33.478623583609],[150.57541838955001,-33.478587464553001],[150.57507297971,-33.477919756466022],[150.57342095050001,-33.477543875464995],[150.57268005462001,-33.476346092683983],[150.57187888041,-33.474860850896995],[150.57124384152999,-33.473951409049],[150.57057839439,-33.473905493535028],[150.57062882728999,-33.473648843247005],[150.57271137689,-33.473441034486008],[150.57487097127,-33.47357875548299],[150.57670775867999,-33.473042147669005],[150.57808931779999,-33.472496616633997],[150.58011071304,-33.470255800811003],[150.5798411833,-33.470250405573992],[150.57984186549001,-33.470248033871002],[150.58011077962999,-33.470253416743006],[150.58020412765001,-33.470149931571008],[150.58138453159,-33.468646179685983],[150.58402040404999,-33.468029633784994],[150.58566647693999,-33.466153218459006],[150.58620365204001,-33.463205500750981],[150.58617279782001,-33.462008864520001],[150.58719064309,-33.460457389702007],[150.58605034153001,-33.457258986547018],[150.58603511003,-33.45666817036701],[150.58664805180001,-33.455389275528994],[150.58948200047999,-33.455826138314002],[150.59014620703999,-33.456507036334003],[150.59062772991999,-33.455562144928003],[150.59319185654999,-33.453730823870998],[150.59333723546999,-33.453963935916008],[150.59473180729,-33.454992981376002],[150.59580613854999,-33.455252395631],[150.59541027763001,-33.453097635736995],[150.59707695778999,-33.451901336901997],[150.60106048399999,-33.45243132569199],[150.60161315193,-33.45200918689698],[150.59983900336999,-33.449366459428994],[150.60094820424999,-33.446703960459999],[150.60275859938,-33.445907522387017],[150.60620992506,-33.44736062649401],[150.60614623814001,-33.449273824285989],[150.60854040511001,-33.449276167410993],[150.61067435391999,-33.448497573078008],[150.61231842973001,-33.447589795797995],[150.61642631665001,-33.446992759688001],[150.61658057298001,-33.444918254347996],[150.61569130647001,-33.444137738426988],[150.61354278236001,-33.443619255610997],[150.61333484759999,-33.442899553992007],[150.61412148234999,-33.440178753758005],[150.61575145044,-33.438243975545014],[150.61809233349001,-33.438343239864018],[150.62154822273001,-33.438529507194993],[150.62322279240999,-33.439054215721001],[150.62414369197,-33.440919588851997],[150.62408745242999,-33.440959049234984],[150.62417279936,-33.440992204207994],[150.62419861500001,-33.441056605940013],[150.62426797035999,-33.441029176528986],[150.62428637395001,-33.441340806930988],[150.62534824541001,-33.44083206332899],[150.62457990561001,-33.441547293806032],[150.62604324104001,-33.441098536329008],[150.62711675591001,-33.440183270189983],[150.62703948229,-33.441069529681016],[150.62651567498,-33.442183820433975],[150.63020760091999,-33.439835665968999],[150.63158001264,-33.439654556316995],[150.63415791006,-33.439547965770991],[150.63555162706999,-33.439483399696023],[150.63551451993001,-33.439962327734996],[150.63189642047001,-33.442050932284992],[150.63104273114999,-33.44276869462],[150.63596268333001,-33.441470859867998],[150.63798348879999,-33.442078718174976],[150.63809350316001,-33.442849001173002],[150.63863842097001,-33.442491218034],[150.64029541573001,-33.444182734862011],[150.64051314193,-33.445300825885006],[150.63992720076999,-33.448070331929017],[150.64187409996001,-33.446364863294981],[150.64302119487999,-33.445987271512024],[150.64505324144,-33.446329213362993],[150.64655031174999,-33.447374881218984],[150.64715082782999,-33.450296049468001],[150.64949364853001,-33.451116224073978],[150.65209283036,-33.451111727759987],[150.65209762552999,-33.451102991064985],[150.65442032989,-33.451357895308014],[150.65739762177,-33.449961828964],[150.65990365713,-33.449742813301995],[150.66214980729001,-33.449531387584003],[150.66396586854,-33.449405277310994],[150.6667932634,-33.447813995098009],[150.66691040282001,-33.447900123914003],[150.66877614657,-33.447534584309992],[150.67022105908001,-33.447609743418006],[150.6739089678,-33.444475404686003],[150.67659083363,-33.444068100840006],[150.67873766939999,-33.443676543868008],[150.67988953599999,-33.443141626995008],[150.68113339358999,-33.442344897683],[150.68284903739001,-33.441499662869987],[150.68473482196001,-33.441271165793992],[150.68587258068999,-33.440892059717008],[150.68651213896001,-33.440424051836011],[150.68778396857999,-33.439315527073013],[150.68873909001999,-33.438697460764999],[150.69045491716,-33.440547898237021],[150.69751876268001,-33.438768519573998],[150.69921799488,-33.438854378731001],[150.7067555122,-33.438510815779999],[150.71206657965999,-33.439427813237998],[150.71804415551,-33.435904512399013],[150.72174442848001,-33.432448980259998],[150.71993542077999,-33.430113736472997],[150.72122655218001,-33.426969078055976],[150.71436105952,-33.42633779069299],[150.70967122086,-33.423252046873991],[150.70660742741001,-33.421551314341009],[150.70217033966,-33.424430986849011],[150.70296151686,-33.429663880231978],[150.70251953038999,-33.429941681535993],[150.68308487009,-33.432132174810008],[150.68320752461,-33.431730745273015],[150.67553888544001,-33.432555347722008],[150.67505070436999,-33.432168019867014],[150.67534480971,-33.432167320917998],[150.67407136607,-33.428708021884006],[150.67443119779,-33.423752507461991],[150.67882116910999,-33.418145215414995],[150.67979776553,-33.418119714475004],[150.67882131956,-33.418145023717997],[150.67914355984999,-33.417733393443996],[150.67773787573,-33.417707058643003],[150.67767779285001,-33.417247472461995],[150.67849406810001,-33.417371278382006],[150.67930039029,-33.417004658619994],[150.6801067044,-33.416638034807015],[150.68028492280999,-33.416355083103994],[150.68036208884001,-33.415593098806006],[150.68061239396999,-33.414738925425006],[150.68056820959001,-33.414260956223991],[150.68053798100999,-33.413258390940996],[150.67933006555,-33.411613507322016],[150.67735911436,-33.408713749878984],[150.67633916119999,-33.407006815969005],[150.67466943884,-33.394229887639007],[150.6747406657,-33.393825544673987],[150.67569477655999,-33.392173426419994],[150.67735517873001,-33.389627952326975],[150.68140949566001,-33.386888651783998],[150.68396147796,-33.385027745614003],[150.68696687002,-33.383222953960001],[150.68909041364,-33.382499098728005],[150.68984582556999,-33.381892876865003],[150.69126698859,-33.381919333241974],[150.69228644476999,-33.38208144706401],[150.69370005409999,-33.382394021959001],[150.69408538753001,-33.382878331272998],[150.69530707324,-33.383998470530997],[150.69607399993001,-33.385110152620008],[150.69655669866,-33.386216554583001],[150.69802247000999,-33.388868069389986],[150.69816409820001,-33.389968135545978],[150.69661258720001,-33.394768051898012],[150.69838465820001,-33.395516667990975],[150.69911785005999,-33.393597828674999],[150.70050874469001,-33.392621613693002],[150.70324526265,-33.392386025978013],[150.70656181736999,-33.392805254808991],[150.70899930190001,-33.394210171290972],[150.70929161179001,-33.396076445056998],[150.71019220331999,-33.397524517545989],[150.71016029027001,-33.398740655232999],[150.71085009641001,-33.398467099202009],[150.71299540109999,-33.398005671764999],[150.71434874817999,-33.398460051552995],[150.71475457650001,-33.399254823746006],[150.71316689378,-33.401229581306005],[150.71111055364,-33.401549506724997],[150.71133264580001,-33.402841905563996],[150.71119668098001,-33.40477184321999],[150.71131847047999,-33.406634964673991],[150.71163525457001,-33.407571247093998],[150.71089844510001,-33.409633238057005],[150.70992072282999,-33.41111819738299],[150.70895048307,-33.412316999406002],[150.70945101445,-33.412755677813998],[150.71266618887,-33.413817034155997],[150.71715538116001,-33.415116488536995],[150.72053574824,-33.416395403493986],[150.72231594696001,-33.416857551158003],[150.72477301865999,-33.417546811237003],[150.72637332560001,-33.418363460423009],[150.72746740899001,-33.418956095666012],[150.72932369716,-33.419777399505008],[150.72916425586001,-33.419345046243016],[150.72885469932999,-33.418122647773991],[150.72956882653,-33.416918996235999],[150.73019390107001,-33.415856855007],[150.73143098012,-33.414233330332991],[150.73299806167,-33.413045258611],[150.73510106242,-33.410936514238003],[150.73417018884999,-33.410633218808989],[150.7313459744,-33.410939446020002],[150.73295018251,-33.408320602011017],[150.73380873859,-33.408121577584993],[150.73605062412,-33.407232082423988],[150.73624163975001,-33.406448271745994],[150.73651980206,-33.405594478027993],[150.73705384574001,-33.404745354872993],[150.73902304506001,-33.404494978074993],[150.73963122859001,-33.404076628917991],[150.74162633219001,-33.40282466668701],[150.74175853630001,-33.402202303078987],[150.74389856035,-33.401943032187013],[150.74888934731001,-33.401437279943998],[150.74927548664999,-33.400251406612021],[150.75143849512,-33.399097757301014],[150.75285999725,-33.399123519757005],[150.75416641637,-33.403620492770003],[150.75448345206999,-33.405117338026017],[150.75552664788,-33.406030884124981],[150.75932917982001,-33.406967046744995],[150.75933252356,-33.406849508778009],[150.75955937053001,-33.406936226360983],[150.75978506829,-33.406180689465003],[150.75978905668001,-33.406182067079001],[150.75976923370001,-33.406998951133005],[150.76376542112001,-33.406406959640002],[150.76378868200001,-33.406402105559998],[150.76677675228001,-33.405778502550987],[150.77058053163,-33.404137916945999],[150.77562872047,-33.406744793245018],[150.77747606425001,-33.406465976656996],[150.77805914744999,-33.407168130439992],[150.77833786087001,-33.407685329408011],[150.77891719100001,-33.407906681897011],[150.77932749070999,-33.407511932135009],[150.77974332213,-33.407905498228985],[150.78002204788999,-33.408422694504992],[150.78075085814001,-33.408806753558004],[150.78155987956001,-33.409068906952001],[150.78185739593999,-33.408701467132012],[150.78190422143999,-33.407146963678009],[150.78122717085,-33.406641869515006],[150.7817714681,-33.406051892751996],[150.78209516707,-33.405474451218986],[150.78486745213999,-33.404774587603001],[150.78926847830999,-33.406980362694],[150.78922267844999,-33.407091628186997],[150.79476206428001,-33.410771512671012],[150.79778332167999,-33.409285931917019],[150.79808412067999,-33.407732947449993],[150.79877397153999,-33.407293506427003],[150.79933068336001,-33.406171434816976],[150.79995530035001,-33.405793966400985],[150.80115928324,-33.405637743958991],[150.80276223197001,-33.405648526407006],[150.80429217698,-33.406438067081005],[150.80462999192,-33.406368758234017],[150.80468977466001,-33.406591130543994],[150.80585532876,-33.406884648547006],[150.80573459996,-33.406869689307001],[150.80615891058,-33.409788199280001],[150.80643316528,-33.410964881695016],[150.80692305497999,-33.410910585919986],[150.80688998155,-33.411366170563987],[150.80779281725,-33.412152753205],[150.80879291744,-33.411650789397989],[150.80901222220999,-33.410314573572002],[150.80922569504,-33.41019338361],[150.81003293853999,-33.40823515125701],[150.81185172029001,-33.407306271540016],[150.81483060740999,-33.407402146076009],[150.81689558822001,-33.408711042865995],[150.81697975067999,-33.410642001545021],[150.81659015459999,-33.413647803788997],[150.81734455168001,-33.41730463074002],[150.81822406852001,-33.418712221516003],[150.82016073719001,-33.418777563269991],[150.82126763963001,-33.416872435422995],[150.82151397735001,-33.413995754521018],[150.82282185557,-33.411585459546011],[150.82628542226999,-33.410855344157014],[150.82970190232999,-33.410750302070994],[150.83128157361,-33.411658365782017],[150.83125405402001,-33.411684986555002],[150.83185515563,-33.412047129421005],[150.83174515761999,-33.412146406699001],[150.8357282753,-33.414423506040997],[150.83665687487999,-33.414939788083998],[150.84046507111,-33.417233661585001],[150.84056287755999,-33.417111305551011],[150.84091346008,-33.417306198071003],[150.84105208992,-33.417065612711987],[150.84432831454001,-33.418657480395993],[150.8475410229,-33.420678919463008],[150.84914043019,-33.421033702220015],[150.84896040160001,-33.421133911116009],[150.8522429869,-33.422884192317021],[150.85231803511999,-33.422647309926013],[150.85325469375999,-33.423211300616003],[150.85400334280001,-33.420798723710007],[150.85453846586,-33.419811824663014],[150.85501990806,-33.419939425251009],[150.85503327778,-33.420022490253004],[150.85645586391999,-33.421268721178983],[150.85729413409001,-33.422186573787002],[150.85905417487001,-33.42203646427599],[150.86084847763999,-33.419332225966002],[150.86329344101,-33.419853746721024],[150.86281772281001,-33.422431239933985],[150.86258943716999,-33.423109537728003],[150.86286818336001,-33.423669009263989],[150.86370805090999,-33.423379544284984],[150.86594123709,-33.424968552195999],[150.86866568210999,-33.425361824873008],[150.86899807371,-33.425177380592991],[150.87084211736999,-33.426249957358991],[150.87197247555,-33.426035609564018],[150.87374574063,-33.42586098720399],[150.87416203043,-33.425609094311014],[150.87370339527999,-33.423293673625004],[150.87344242469001,-33.422692534356003],[150.87353208674,-33.422641911910006],[150.87473352975999,-33.422425323637],[150.87489150640999,-33.421165960272006],[150.87347919211001,-33.41983598131899],[150.87230406963999,-33.419036233253983],[150.87005139095999,-33.418031027545013],[150.86942958629999,-33.416855640076989],[150.86868131838,-33.414429733835007],[150.86902904255001,-33.412626857575994],[150.86966653972999,-33.410934446819986],[150.87141049557999,-33.410103665585972],[150.87226658839,-33.408523914857007],[150.87123124544999,-33.407660074802997],[150.86998518120001,-33.406862513296993],[150.86864429650001,-33.405530265802994],[150.86740355473,-33.404851985746006],[150.86540156455001,-33.403062355353008],[150.86347604036001,-33.401389791721996],[150.86209578494001,-33.400775527135991],[150.86102907585999,-33.399195753889998],[150.86243868688001,-33.396363253771007],[150.86300764512001,-33.396366343695014],[150.86302830861999,-33.395883580397012],[150.86302863891001,-33.395883570148008],[150.86300796766,-33.39636634524598],[150.86365413715001,-33.39636985089399],[150.86377106675999,-33.396248254124991],[150.86403466876001,-33.396294918609982],[150.86454828820001,-33.396637388736984],[150.86561505835999,-33.396604266618013],[150.86670290801001,-33.395435500457005],[150.86728501490001,-33.394103228851002],[150.86728486704001,-33.394074474396],[150.86773697276999,-33.393212381791997],[150.86940948044,-33.392383836346006],[150.87215256549999,-33.391886033528976],[150.87257661217001,-33.391813105240004],[150.8734062387,-33.391249667752994],[150.87354974038001,-33.390898333275992],[150.87691830097,-33.391981407721005],[150.87821795263,-33.392393513572998],[150.87918996475,-33.392256207823017],[150.88081813406001,-33.392990097773009],[150.88213758558999,-33.392232118548989],[150.88283521842999,-33.390298801766995],[150.88380434365001,-33.389671205078976],[150.88417238177999,-33.389567784806999],[150.88467433050999,-33.389820041928999],[150.88515313216001,-33.389697574845016],[150.88529293309,-33.389563300340996],[150.88595887368999,-33.390081850651981],[150.88773667882,-33.390026336254991],[150.88849243047,-33.389405367290983],[150.88954850911,-33.389133424605021],[150.89037799977001,-33.388569873802005],[150.89144421941,-33.386923659961994],[150.8916960645,-33.386230849106987],[150.89229501705,-33.386320365293003],[150.89259078629999,-33.386176451177015],[150.89231169848,-33.386893186821005],[150.89265763756001,-33.388268253435996],[150.89368202044,-33.389526522688008],[150.89495904956999,-33.390060038079014],[150.89750041342,-33.390840694630015],[150.89797510021,-33.392546242049008],[150.89888369901001,-33.393760306949012],[150.90141082766999,-33.395497117681998],[150.90210681388001,-33.397052348096004],[150.90374663887999,-33.398052298161012],[150.90500830993,-33.397834992503],[150.9061269778,-33.39841108076601],[150.90805516271999,-33.398529774112994],[150.90968098535001,-33.398044414293992],[150.90997583756999,-33.398478060083995],[150.91006255958999,-33.399144386935987],[150.91117766766001,-33.399873985829991],[150.91332676997001,-33.400156266783007],[150.91500518838001,-33.401059283472016],[150.91561504711001,-33.403549046518989],[150.91503871383,-33.404674927422008],[150.91638080585,-33.404107030357991],[150.91849458336,-33.404231673535996],[150.91964750164999,-33.404529906040999],[150.92109346637,-33.40501005544499],[150.92157430047999,-33.405568383061016],[150.92255308764001,-33.407066814497007],[150.92356873643999,-33.406843650743021],[150.92390647829001,-33.406670738193974],[150.92443201218001,-33.407990633139001],[150.92716044004001,-33.406889068276008],[150.92975993569999,-33.406090197815971],[150.92992016431,-33.406085140006006],[150.93071883217999,-33.406188000517993],[150.93142304688999,-33.406643659192007],[150.93275531315999,-33.407127266520007],[150.93401023772,-33.408425729788021],[150.93554441082,-33.408329452728999],[150.93561566706001,-33.408306998275002],[150.93584963250001,-33.408466521121007],[150.93715939882,-33.409082216565004],[150.93964480555999,-33.407330951228005],[150.94102285962001,-33.407407117565008],[150.94215028559,-33.407610064528015],[150.94371234870999,-33.407500855873984],[150.94455652372,-33.408848068794995],[150.94532422061999,-33.410078227759989],[150.94524772809001,-33.411346038131981],[150.94526259158999,-33.411872299754997],[150.94614032677001,-33.412382118901007],[150.94853180691001,-33.411708924845009],[150.94997823407999,-33.409034595979001],[150.95132538830001,-33.407319199472006],[150.95171983521999,-33.40658983027199],[150.95097629887999,-33.405896578842984],[150.95102051011,-33.40529780120599],[150.95087134265,-33.403570147017],[150.95211653521,-33.402754036048002],[150.95472645525999,-33.402193250958],[150.95619572901001,-33.40160892654],[150.95685571928999,-33.400452935956984],[150.95836641157999,-33.399210153852003],[150.95949350955999,-33.398935358295013],[150.96179085719001,-33.399340167978991],[150.96386229477,-33.397900254458989],[150.96460947375999,-33.397099867374003],[150.96498215874999,-33.395893239808977],[150.96524501305001,-33.395406962740985],[150.96702017363,-33.395290665288016],[150.96826509805999,-33.394474390355001],[150.96912469803999,-33.393013270893],[150.97093576021999,-33.392119175911994],[150.97240205157999,-33.391475007923013],[150.97318503215001,-33.389896825405017],[150.97155569884001,-33.38851510871401],[150.97070239204001,-33.388542332040004],[150.97050345023001,-33.388696760933016],[150.97055261313,-33.388391252253001],[150.97077095807001,-33.387298044525998],[150.97108943078001,-33.387344182546002],[150.97256367835001,-33.385935106322002],[150.97167793885001,-33.385246515759995],[150.96943996337001,-33.384887795537004],[150.96729705800001,-33.384741061843002],[150.96506883274,-33.38459701190898],[150.96347353107001,-33.385221307895037],[150.96322290603999,-33.387236484488],[150.95958488887001,-33.389932948795007],[150.95758405571999,-33.390224892026993],[150.95756333138999,-33.388990161958006],[150.95709397316,-33.387428003956018],[150.95703792104001,-33.386187239740998],[150.95659229684,-33.385150020105002],[150.95659960387999,-33.38405061134101],[150.95619579362,-33.382677529653009],[150.95684175100999,-33.381844559495008],[150.95583365005001,-33.382116295249013],[150.95582432154001,-33.382020271827024],[150.95593462676001,-33.380678637509],[150.95501890982999,-33.379321822267023],[150.95455955089,-33.379240837918985],[150.95359004260001,-33.379461270851003],[150.95326535043,-33.378664163421988],[150.95085697546,-33.378310529073019],[150.94975102587,-33.378417318517009],[150.94947247008,-33.377924361037017],[150.9491810108,-33.377145070304998],[150.94866263654001,-33.377018148575999],[150.94739573624,-33.377345079443003],[150.94273772209999,-33.377984255436999],[150.94274528157001,-33.377465117835008],[150.94161946124001,-33.376497186792001],[150.94055054470999,-33.375527444410004],[150.94175035412999,-33.374342485849994],[150.94330857936001,-33.373528478367],[150.94425616794001,-33.37306833739099],[150.94408225551999,-33.371735723208005],[150.94390834980999,-33.370403109546004],[150.94273646912001,-33.369675600323006],[150.94179210927999,-33.368940875006999],[150.94082629831999,-33.367728919648989],[150.94055158078999,-33.366686235351999],[150.94015668628001,-33.365503983706013],[150.94009444974,-33.364120039452011],[150.93942594462001,-33.363185402048018],[150.93813616679,-33.362366006548996],[150.9371329084,-33.361585320427977],[150.93661147890001,-33.360120323960004],[150.93522089499999,-33.359590827491004],[150.93633254887001,-33.358982182297993],[150.93668774679,-33.358015141654008],[150.93585301045999,-33.357181325768011],[150.93462450669,-33.35645553718097],[150.93410100700001,-33.35494280545101],[150.93440149208999,-33.354025289608003],[150.93473954826001,-33.352676473831004],[150.93417634598001,-33.351547318361995],[150.93384275309,-33.350458691907981],[150.93354527279999,-33.350042665129983],[150.93546402571999,-33.352007088613],[150.93510525318001,-33.354721319278006],[150.93547623723001,-33.355264316836006],[150.93653435868001,-33.355604007917982],[150.9373367163,-33.355939440417991],[150.93818001887001,-33.35634712558101],[150.93871732962,-33.357071818989006],[150.93903559162001,-33.358043392567005],[150.93976161889,-33.35980908013601],[150.94021201230001,-33.360603902632008],[150.94093253654,-33.360794801050005],[150.94140232852999,-33.360766806128005],[150.94198251661001,-33.360535283268973],[150.94198978623001,-33.360644079503004],[150.94446691165001,-33.360494258774985],[150.94406976882999,-33.359247015268991],[150.94444559308999,-33.357773983225002],[150.94476624641999,-33.356228459104024],[150.9453520205,-33.355498528934014],[150.94762627923001,-33.354295487923004],[150.94848277265999,-33.354142634275014],[150.95004694235001,-33.354120759202004],[150.95204186921001,-33.353915100259997],[150.95375539046,-33.353585474035015],[150.95547280407001,-33.353088876161998],[150.95706481955,-33.353091230156991],[150.95834255669001,-33.353159971293003],[150.95961306136999,-33.35353874909498],[150.96172280832999,-33.354503915985994],[150.96277377233,-33.354545030305999],[150.96374392464,-33.354393934888002],[150.96384103578001,-33.354216701530987],[150.96464572586001,-33.354493249443998],[150.96467788032001,-33.354576266478993],[150.96521962233001,-33.355730385911002],[150.96762422691,-33.35624696466499],[150.9692179713,-33.356177615481002],[150.97043726941001,-33.356316854329997],[150.97145873637001,-33.356405129773997],[150.97282622774,-33.356284317451006],[150.97408003531001,-33.356161633563012],[150.97502839853999,-33.355723785132994],[150.97564123869,-33.355041865920015],[150.97594918393,-33.354020943858991],[150.97613571451001,-33.353332069324011],[150.97636114868001,-33.352190504201985],[150.97681613435,-33.350957243330001],[150.97799038551,-33.34935395146401],[150.97805714866001,-33.348925572803005],[150.97818460784001,-33.348331167569988],[150.97928156907,-33.347609396444],[150.97931574122001,-33.346130679454006],[150.97885690549001,-33.34507340403399],[150.97827063209999,-33.344610532556999],[150.97709369543,-33.344681932996998],[150.97744765434999,-33.344549408781013],[150.97679904331,-33.344324106546985],[150.97664785734,-33.343486569692011],[150.97611596299001,-33.341903191645997],[150.97560146108,-33.340797278884004],[150.97478294198999,-33.340545337182007],[150.97491261677001,-33.339855535549987],[150.97546574896,-33.339291935906985],[150.97579542365,-33.33855767480101],[150.97593060316001,-33.337629369312019],[150.97657337159001,-33.336876350397006],[150.97704288693001,-33.336239802866999],[150.97702991564,-33.335571532065984],[150.97684205256999,-33.335091286956988],[150.97622799219999,-33.334604093552002],[150.97529697934999,-33.334302604843003],[150.9748818251,-33.333818648986011],[150.97477114362999,-33.333113184496007],[150.97465065540001,-33.333981893207998],[150.97381286976,-33.334564704369996],[150.97234831010999,-33.33494277098999],[150.97220234317999,-33.334837379772978],[150.97098526607999,-33.335306359021011],[150.97009259446,-33.336338463459015],[150.96909030606,-33.336836409897998],[150.96885118917001,-33.337434582031996],[150.96737000784,-33.338472442950021],[150.96319379674,-33.339028019795002],[150.96379204687,-33.338729701480993],[150.96297773617999,-33.338349424554991],[150.96379531278001,-33.336913544853005],[150.96363159657,-33.336440853310009],[150.96296483525001,-33.336175352310001],[150.96213506895,-33.336082307533978],[150.96158309889,-33.335837037684996],[150.96126216664999,-33.335034813973976],[150.96120570238,-33.33441533125302],[150.96105748950001,-33.333655397259008],[150.96060738099999,-33.333144031130992],[150.96053435676001,-33.332787924081003],[150.96020172006999,-33.332695127147979],[150.96256090244,-33.33259583384099],[150.96373059934001,-33.329966651181998],[150.96389731799999,-33.329664722011998],[150.96457151883999,-33.329529010230004],[150.96543648437,-33.329143005640979],[150.96568042882001,-33.328872378854996],[150.96572359710001,-33.327939077531006],[150.96570744955,-33.327582173023011],[150.96666497576001,-33.326995648645998],[150.96708018242001,-33.327584039452006],[150.96747514427,-33.327396741484009],[150.96754076217999,-33.32745228027099],[150.96778699668999,-33.327248853526989],[150.96802853958999,-33.327134306891004],[150.96813835987999,-33.32695857232698],[150.96843385032,-33.32671444862499],[150.96899625181999,-33.326663810211016],[150.96925340081,-33.326484709502992],[150.96933799954999,-33.32652262048699],[150.96956057305999,-33.32627076707999],[150.9697441113,-33.326142933607997],[150.96980031435999,-33.326196149882023],[150.96998102237001,-33.32597792627999],[150.97018279718,-33.32583738921403],[150.97019975056,-33.325713785678992],[150.97067751368999,-33.325136823249011],[150.97185509179999,-33.325202101334988],[150.97255999468999,-33.326074223697972],[150.97273124128,-33.327269982477006],[150.9747773741,-33.327279512215],[150.97601117571,-33.326774724434998],[150.97607102789999,-33.325415722316023],[150.9742914167,-33.32371655518299],[150.97344354488999,-33.323511846654014],[150.97237447924999,-33.323041070051005],[150.97188024277,-33.322293362567983],[150.97115266038,-33.321804292538005],[150.97047119293001,-33.320552475263007],[150.96983605047001,-33.319754738599009],[150.96924999013001,-33.319291829550998],[150.96915185072999,-33.318622167523998],[150.96893565404,-33.318141445923992],[150.96848389735999,-33.318014761111996],[150.96747174171,-33.31754487445702],[150.96713749694001,-33.317253092173992],[150.96623344391,-33.317023557919988],[150.96506698543001,-33.317323349552005],[150.96396240106,-33.316927724181994],[150.96260792971,-33.317185947447996],[150.96177472455,-33.317642612641009],[150.96181913359999,-33.317940144002023],[150.96059813694001,-33.317732979026999],[150.95976539022999,-33.317537919720976],[150.95972021310999,-33.317539730365006],[150.95972035240001,-33.317528822425999],[150.95835616244,-33.317572249554985],[150.95749869581999,-33.317492008332017],[150.95648847577999,-33.317810896799017],[150.95609060317,-33.319400652106012],[150.95605379617001,-33.320477117849002],[150.95632446051999,-33.320776899172998],[150.95615717759,-33.320873112853008],[150.95596113284,-33.321700709698007],[150.95537919073001,-33.321128884888005],[150.95475767897,-33.320778804882998],[150.95476943774,-33.319369051026015],[150.95340585784999,-33.319346586113987],[150.95305325014999,-33.319841817327003],[150.95134374294,-33.320028359997998],[150.94921206052999,-33.320981583232005],[150.94908982127001,-33.320930476898013],[150.94833705244,-33.320309633807007],[150.94724927034,-33.31943272888099],[150.94695434363001,-33.319284697536006],[150.94673121506,-33.319710473475006],[150.94672044353999,-33.319857737876994],[150.94604002483001,-33.319504280620009],[150.94455561583001,-33.319181480235017],[150.94215443652001,-33.318864481185003],[150.94205642032,-33.316684818069],[150.94326288847,-33.315725783334997],[150.94311404081,-33.315615770436992],[150.94360656027001,-33.315185152162982],[150.94359909932001,-33.315115709355993],[150.9464451714,-33.313465766606008],[150.94892089767001,-33.312590485715006],[150.94914011949001,-33.312464403450001],[150.95034707092,-33.312181687193998],[150.95125219357999,-33.312056344013001],[150.95133457351,-33.31195036309299],[150.95138629549999,-33.311938248549019],[150.95695875504001,-33.310150243806994],[150.95894099018,-33.309892451322],[150.96045277083999,-33.30940192555299],[150.9617653514,-33.308679065749999],[150.96182429468999,-33.308633785301971],[150.95952151198,-33.308611606528011],[150.96049041028999,-33.308293584455001],[150.96163462977,-33.308300642684024],[150.9617358493,-33.308222888575997],[150.96211844583999,-33.307936065634003],[150.96242275592999,-33.30816023810501],[150.96269029324,-33.307405028865993],[150.96289578848001,-33.307108246392993],[150.96287137159999,-33.306893869252022],[150.96338072709,-33.305455994265003],[150.96359606636,-33.303526921878991],[150.96525983052999,-33.301826570171009],[150.96643167943,-33.300823858632],[150.96830966144,-33.300597835487011],[150.96998776620001,-33.299909489702976],[150.97233386574999,-33.297979411647006],[150.97522914787001,-33.298098213323001],[150.97755326877001,-33.298959219369983],[150.97932194664,-33.299882728840984],[150.97955476570999,-33.299027577996],[150.97783531099,-33.29781856187801],[150.97747997381001,-33.296595948320011],[150.97724749343999,-33.295590070308016],[150.977609771,-33.294665451100009],[150.97814739454,-33.293528953020996],[150.97812460789001,-33.292669642604999],[150.97752243508,-33.292910364666987],[150.97615181077001,-33.293210146806004],[150.97548746167999,-33.293566661071004],[150.97537938697999,-33.293117226054981],[150.97390149540001,-33.293140852951005],[150.97303626000999,-33.293699363022],[150.97182579672,-33.294443106821987],[150.97068868532,-33.294472255948996],[150.97031310131999,-33.294552928058991],[150.97028333883,-33.294510180863981],[150.9684404516,-33.293120075752995],[150.96776549840999,-33.292822724494997],[150.96677068286999,-33.293188751998976],[150.96534870286001,-33.291410029015005],[150.96600714307999,-33.290633726312002],[150.96594948193001,-33.289201222213983],[150.96531766299,-33.288026540874995],[150.9647317397,-33.286833520878005],[150.96366476988001,-33.285804403412989],[150.96147310779,-33.285768464513012],[150.96096282300999,-33.284967389430989],[150.96126814591,-33.284295368511991],[150.96092419861,-33.283449875716968],[150.95971861664,-33.283014084794004],[150.95930700824999,-33.282367869745016],[150.95915632800001,-33.281327394139012],[150.95911443867999,-33.281038144375017],[150.95860335840001,-33.277508839127989],[150.96088936237999,-33.276726997351005],[150.96241964564001,-33.274706835517009],[150.96374434595,-33.273804354470009],[150.96460140933999,-33.27105291166599],[150.96621566629,-33.270893883649002],[150.96622643225001,-33.269244733143999],[150.96577446636999,-33.26868565881999],[150.96620268333999,-33.26777590432701],[150.96615736806001,-33.26677373030401],[150.96657048104001,-33.266473797676014],[150.9665035985,-33.265938278805017],[150.96605650000001,-33.26548657916301],[150.96598961992001,-33.264951058818006],[150.96670581736001,-33.264748985022997],[150.96693231181999,-33.264096571591999],[150.96700013335001,-33.264053374952987],[150.96700091099001,-33.264053987102997],[150.96700130769,-33.264052626514982],[150.96734702974001,-33.263832428274],[150.96753253137001,-33.26321716451401],[150.96732618854,-33.262938893763],[150.96823216505001,-33.259832922379005],[150.96963960863999,-33.258495983704009],[150.96987688505001,-33.258466129186999],[150.9714119548,-33.257819689237003],[150.97180827509001,-33.256460697940987],[150.97191515490999,-33.256369858590979],[150.97188465651001,-33.256198783835998],[150.97190435133001,-33.256131245748016],[150.97183890781,-33.255942172878001],[150.97172453764,-33.255300638992004],[150.97223312158999,-33.253970112908981],[150.97388847513,-33.252841877259016],[150.97440241698001,-33.251630649362994],[150.97379660465,-33.250813666940992],[150.97306756040999,-33.250535981856004],[150.97212122997001,-33.248358164937997],[150.97290986112,-33.243792736288015],[150.97021463583999,-33.242766018075997],[150.97260428733,-33.243324589713993],[150.97424862852,-33.241957734026002],[150.97503960547999,-33.243724625808007],[150.97633907917,-33.244160967140992],[150.97724642975999,-33.24222025477399],[150.97785676625,-33.241208151317991],[150.97791527742999,-33.242349101136007],[150.97921316356999,-33.241990912498999],[150.98199135261001,-33.238947520263991],[150.98126271686999,-33.236985050860987],[150.98009290979999,-33.234581936479991],[150.97954150069,-33.23332673492299],[150.97907574486999,-33.231151787578],[150.97860003736,-33.229410150726984],[150.97942450309,-33.227201984381999],[150.97814055468001,-33.226964378981002],[150.97729152431,-33.227438233301001],[150.97724184229,-33.226932274108002],[150.97817758322,-33.222393211575017],[150.97861229661001,-33.222522904614003],[150.97925389094999,-33.219312279918007],[150.97720804948,-33.215700077919003],[150.97402575321999,-33.213637259421994],[150.9739477951,-33.213336821982999],[150.97381354263001,-33.212428036957988],[150.97366363444999,-33.211858895865007],[150.97360638824,-33.211586903506998],[150.97335744809001,-33.211446576155979],[150.97336231446999,-33.211372862981015],[150.97311994808999,-33.20971356324101],[150.97381596207001,-33.210428909158004],[150.97991758102,-33.204656820566008],[150.98041902321,-33.205474276042032],[150.98196641595999,-33.204831315017003],[150.98629146924,-33.203111919503002],[150.98629995584,-33.203084349447991],[150.98637494286999,-33.203184850280003],[150.98739738999001,-33.203153675760987],[150.98911055789,-33.203944891445992],[150.99025742200999,-33.204679217159004],[150.99094378772,-33.204451705096986],[150.99252817664001,-33.203427453441009],[150.99345891271,-33.202440356061992],[150.99402741629001,-33.202401805287003],[150.99469354428999,-33.201816049202016],[150.99504921705,-33.201153707545011],[150.99611577458001,-33.200431236416989],[150.99611523175,-33.200431213422007],[150.99950132800001,-33.198881416831995],[150.99975188694,-33.199034300035997],[151.00154622999,-33.198752957311015],[151.00212392234999,-33.198308898343001],[151.00313256460001,-33.197633155369012],[151.00367374999001,-33.197546401248999],[151.00447188099,-33.197392185160005],[151.00608489906,-33.19634435130299],[151.00671388385999,-33.196139690448994],[151.01000846707001,-33.196025408152039],[151.01063744181999,-33.195820727382007],[151.01048611175,-33.194983210376016],[151.01067485401001,-33.193766316289],[151.01117002559999,-33.193539595263005],[151.01149354976999,-33.193653406234006],[151.0115799925,-33.193803550963999],[151.01184872337001,-33.194117446747008],[151.01512047949001,-33.195307187730002],[151.01602226249,-33.195881071929989],[151.01601154155,-33.195456465519008],[151.01655136026,-33.196032587129011],[151.01664312559001,-33.195916615678989],[151.01833057069999,-33.196990434896996],[151.01946590725001,-33.19633313717398],[151.02035770081,-33.195945824021017],[151.02145915814,-33.197033296639979],[151.02240347602,-33.198412607115991],[151.02314571639999,-33.197862841801985],[151.02529496309,-33.197004615192995],[151.02731876642,-33.197130175414003],[151.02923033515,-33.198525861394984],[151.03260857567,-33.197197488579995],[151.03310396337,-33.196225539394995],[151.03412992091,-33.195666491350003],[151.03668006257999,-33.19673066497699],[151.03747374893001,-33.196994500968998],[151.03755546754999,-33.197002671978993],[151.04052979299999,-33.194028344845002],[151.04439641815,-33.191648884488011],[151.04618101305999,-33.190459154363005],[151.04856047384001,-33.189864289361992],[151.04856047460001,-33.188079692758997],[151.05302196427999,-33.186592529485985],[151.05409721241,-33.186807586818006],[151.05519273151,-33.186468464483013],[151.05473401339,-33.185766539133006],[151.05406537672999,-33.184211182249996],[151.05404941161001,-33.182634513572019],[151.05510317664999,-33.181453057572007],[151.0564530792,-33.181146099423998],[151.05661442438,-33.181238745791994],[151.05897061598,-33.181238742823005],[151.05986291408001,-33.179156713812993],[151.06372953822,-33.179156714166012],[151.06610899924999,-33.178561848536994],[151.06610899867999,-33.177372118347996],[151.06657517214001,-33.173642774811995],[151.06692465027999,-33.173554873552],[151.06766816914001,-33.173043017720993],[151.06781961619001,-33.172263795165023],[151.06761887251,-33.171610815855999],[151.06728097602999,-33.17145900630301],[151.0673874016,-33.171246158714006],[151.06680463334001,-33.170963594793015],[151.06627073195,-33.170479246097003],[151.06692845146,-33.169955867272016],[151.06848846087999,-33.168829411136016],[151.06848845964001,-33.167556841399978],[151.06737596901999,-33.16727872584601],[151.06633048214999,-33.16735156651697],[151.06549041135,-33.167250036087999],[151.06485705607,-33.166826289866009],[151.06475715670001,-33.166141330308001],[151.06500433079,-33.165588386408011],[151.06611146148001,-33.164462428736002],[151.0674436077,-33.163042320838983],[151.06834885218001,-33.162711556217999],[151.06822284392999,-33.16219950960501],[151.06889485881999,-33.161618295470994],[151.07023424413001,-33.161459681684995],[151.07133200590999,-33.161237286671025],[151.07143485819,-33.161257184304006],[151.07354481511001,-33.160121026318997],[151.07622171023999,-33.157444132923999],[151.08038576493001,-33.154172372083018],[151.08060199107001,-33.150929028047024],[151.08028257550001,-33.149879641189003],[151.07979513110001,-33.149293455371001],[151.07911848834999,-33.14867047106101],[151.07943226883,-33.148086627906999],[151.08052811687,-33.148193988078006],[151.08211544885,-33.148088748212004],[151.08331236819001,-33.147789511760998],[151.0836002364,-33.14754809611199],[151.08418827489001,-33.146998230921007],[151.08485282378999,-33.145528191640999],[151.08548116484999,-33.145478833396993],[151.08676449193999,-33.145952763516988],[151.08887680340001,-33.145194952939015],[151.09007947858001,-33.143936566492989],[151.09294282183001,-33.143569744808005],[151.09340697082999,-33.143654806513993],[151.09365251880001,-33.143803533836014],[151.09365095307001,-33.143769938359],[151.09410173282001,-33.143974417322994],[151.09465698244,-33.144185514336996],[151.09525328155999,-33.144911435825009],[151.09528563485,-33.144966087698016],[151.09585226208,-33.145249394604008],[151.09638592713,-33.144775042829984],[151.09718193967001,-33.143141515909008],[151.0994178123,-33.141017292858002],[151.10092863228999,-33.137367094057012],[151.10093670614,-33.136679925987018],[151.10112316375,-33.135928166487986],[151.10171630331001,-33.134761488889993],[151.10286396225999,-33.133791552969001],[151.10437850046,-33.131920487842997],[151.10519343556001,-33.130760792756014],[151.10583227326001,-33.130209136393987],[151.10699025205,-33.129826693970017],[151.10727834561999,-33.128698757841008],[151.10754578807001,-33.127858274456003],[151.10907296712,-33.126990419809999],[151.10979521319001,-33.126765761449001],[151.11032332939999,-33.126762608391992],[151.110932902,-33.127043524004009],[151.11163917037999,-33.126961110429995],[151.11188422229,-33.126667854479997],[151.11222863607,-33.12644136431301],[151.11283937082999,-33.126140327201988],[151.11376698838001,-33.125631628070003],[151.11444664811,-33.125286476444003],[151.11512452432001,-33.125054894016017],[151.11615021962999,-33.124973079259007],[151.11689346451001,-33.124924526541001],[151.11713180177,-33.124707513902983],[151.11731659962001,-33.124408637172991],[151.11770065021,-33.123816376684005],[151.1182154736,-33.123136134464986],[151.11849441394,-33.122974080951991],[151.11863992670999,-33.122700346059013],[151.11902860193001,-33.122367198475018],[151.12057884973001,-33.120360829762006],[151.12128131186,-33.120079404932007],[151.12181320847,-33.11992330588],[151.12220204395999,-33.119557361626008],[151.1226709657,-33.11942378757],[151.12304312148001,-33.119184393952999],[151.12328431671,-33.118877658199992],[151.12340707073,-33.118423247367005],[151.12347104922,-33.118363032110999],[151.12358515994001,-33.117916729391986],[151.12353453482999,-33.117951397031987],[151.12353836835999,-33.117937208943999],[151.12366352102001,-33.117275864529013],[151.12386851639999,-33.116803047335004],[151.12408582891999,-33.116592693449995],[151.12507632422,-33.115914530507979],[151.12514995774001,-33.115700863242012],[151.13182536394001,-33.112225872383014],[151.13172852906001,-33.112206765631008],[151.13554615955999,-33.109876177093014],[151.13543002144999,-33.109628787158002],[151.13550249433001,-33.109618509747001],[151.13536833110001,-33.109430329079984],[151.13532162784,-33.109354836045],[151.13527082042,-33.109245141803001],[151.13521760144999,-33.109070568875005],[151.13517399201999,-33.108890042999001],[151.13516068960999,-33.108742701571011],[151.13516528837999,-33.108524895519992],[151.13520670147,-33.10825641501399],[151.13525873704,-33.10798810528501],[151.1353061554,-33.107709961676996],[151.13531809745999,-33.107464626311],[151.13529880626999,-33.107280605341003],[151.13526555688,-33.107136456075999],[151.13515794671,-33.106867867435014],[151.13500140848001,-33.106589195707969],[151.13484786353001,-33.106312925891991],[151.13479444718001,-33.106189366363004],[151.13473168239,-33.106005506350016],[151.13469133535,-33.105812224768002],[151.13467328223001,-33.105615213885009],[151.13467461741999,-33.105323382526983],[151.13466644164001,-33.105024901352991],[151.13465654531001,-33.104898740957999],[151.13461983816001,-33.104761609998015],[151.13454652140999,-33.104574344190993],[151.13443937457001,-33.104388188474005],[151.13432381165001,-33.104234438333989],[151.13408385564,-33.103979637906015],[151.13373785426,-33.103623247980998],[151.13347001116,-33.103316813762994],[151.13295774568999,-33.102647374787004],[151.13264681954001,-33.102231356512007],[151.13246318456001,-33.102008287743992],[151.13233001473,-33.10186564431902],[151.1320847714,-33.101632716904007],[151.13197663865,-33.101539220625995],[151.13187091675999,-33.101468539798994],[151.13170646410001,-33.101388841101013],[151.13148506328,-33.101307475675],[151.13130650956001,-33.101255206856017],[151.13099298531,-33.101145630832988],[151.13081721053999,-33.101062902099969],[151.13067428035001,-33.100961179239015],[151.13059047620001,-33.10085911530301],[151.13052803233001,-33.100733305518013],[151.13048582952999,-33.100600648057018],[151.13044714885001,-33.100414161063007],[151.13040981556,-33.100176758694012],[151.13035455292999,-33.099410930587993],[151.13031714534,-33.099033959042025],[151.13023910557001,-33.098568584858],[151.13012424949,-33.098336785652009],[151.12986987895999,-33.098010282270018],[151.12972359603,-33.097785607909991],[151.12957980431,-33.097547345809012],[151.12956596421,-33.097383735578987],[151.12959732890999,-33.097208551782998],[151.12964664886999,-33.097036184242995],[151.12979860665001,-33.096474258464994],[151.12993626541001,-33.095994228353],[151.13000965493001,-33.095675837599998],[151.13005184836001,-33.095461840448998],[151.13006160056,-33.095320531302008],[151.13005725308,-33.095206654682997],[151.13004274756,-33.095116198253031],[151.13000029592999,-33.094977354440999],[151.12988860435999,-33.094778936810997],[151.12961677192999,-33.094206587160002],[151.12930392007999,-33.093564524165018],[151.12917491979999,-33.093317066057992],[151.12904792722,-33.093065580127998],[151.1287278325,-33.093012333900994],[151.12868418674,-33.092933522921015],[151.12865706149,-33.092888720832008],[151.12793718434,-33.091700527042022],[151.12715517363,-33.091482523657007],[151.12636518655,-33.091825529464998],[151.12629868259,-33.091854348791998],[151.12611496689999,-33.091933967515004],[151.12595353619,-33.092003921742005],[151.12570519693,-33.092111534498997],[151.12529619718001,-33.092448543898023],[151.12501020097,-33.092694543073002],[151.12430221642001,-33.092533550321996],[151.12270420861,-33.09221756077099],[151.12090220675,-33.091229569005989],[151.12090196441,-33.091229585151012],[151.11877922209001,-33.091376578498007],[151.11809321731999,-33.091009583772987],[151.11712722332999,-33.090503585420009],[151.11594322547001,-33.090857599185007],[151.11503614166,-33.091059754732996],[151.11453423978,-33.091171606202003],[151.11405823254,-33.090849611830002],[151.11352823964,-33.090482608883008],[151.11313622648001,-33.089376598058998],[151.11234821207,-33.088155614126002],[151.11052020559001,-33.087179624826014],[151.10906619468,-33.086037631560004],[151.10883519179001,-33.085521629518006],[151.10851117132,-33.084392633810992],[151.10845716391,-33.083945635599008],[151.10798216169999,-33.083504644272011],[151.10700414696001,-33.082065637961989],[151.10644213318,-33.080941644412015],[151.10476511489,-33.078728653486017],[151.10444110315001,-33.077501655317981],[151.10435616996,-33.077405113310988],[151.10397269776001,-33.076969347487015],[151.10397209835,-33.076968656313007],[151.10379093636001,-33.076942518166007],[151.10312864222999,-33.076846952436007],[151.1027813691,-33.076855503826003],[151.10256459350001,-33.076860847250991],[151.10245636179999,-33.076863509611009],[151.10166564036001,-33.077608065954017],[151.10159370379,-33.077675807021016],[151.09967125348999,-33.078032627683029],[151.09931264924001,-33.078099185132999],[151.09843795335999,-33.078261523061002],[151.09834158160001,-33.078279405420005],[151.09779390057,-33.078104731879996],[151.09739027924999,-33.077976324957],[151.09637783273999,-33.077422736134984],[151.09536696539001,-33.076977450555013],[151.09490460359001,-33.076865912485005],[151.093962256,-33.076638621009025],[151.09299429792,-33.076650892531994],[151.09289038826,-33.076706469264991],[151.09278617314999,-33.076761652504985],[151.09268167803,-33.076816457596998],[151.09257689022999,-33.076870878021978],[151.09247183263,-33.076924903775989],[151.09233429847001,-33.07699559352298],[151.09219662948999,-33.077066193915016],[151.09205830731,-33.077135835318998],[151.09191880034001,-33.077203628885989],[151.09177761743001,-33.077268699455992],[151.09163165680999,-33.077332351711007],[151.0914842169,-33.077393817834988],[151.09133541476001,-33.077453016501003],[151.09118541249001,-33.077509919234984],[151.09103434284,-33.077564456912988],[151.09099927560001,-33.077571816191984],[151.09090328852,-33.077611813729995],[151.09081529117,-33.077651820488001],[151.09073329629999,-33.07769681895499],[151.09063129511,-33.077736834294022],[151.09054229966,-33.077776821746006],[151.09046130233,-33.077799823405016],[151.09037929058999,-33.077811826893985],[151.09028429935,-33.077839830008998],[151.09020231558,-33.077873832012983],[151.09011430614001,-33.077913827091002],[151.09003230434999,-33.07794883191599],[151.08995031077001,-33.07798283406899],[151.08986231076,-33.078022829806009],[151.08976030913001,-33.078056830351002],[151.08966431435999,-33.078090840826988],[151.08957631436999,-33.07811384043098],[151.08946732167001,-33.078153837917007],[151.08938531876001,-33.078182836362998],[151.08930332583,-33.078210840170989],[151.08921532731,-33.078239838499002],[151.08913333269999,-33.07826184552399],[151.08904532503001,-33.078279844835009],[151.08895633041999,-33.078296850000001],[151.08887533219999,-33.078318847121004],[151.08877333048,-33.078341848795993],[151.08868433593,-33.078347845318014],[151.08858233465,-33.078352848559987],[151.08849433622001,-33.078364850447002],[151.08840534070001,-33.078369852549017],[151.08831034140999,-33.078375858306018],[151.08808534503001,-33.07837585866401],[151.08799734615999,-33.078369870049016],[151.08790934791,-33.078340862130993],[151.08782735337999,-33.078306861893999],[151.08772535177999,-33.078260859374986],[151.08762335130999,-33.078225864018997],[151.08754235256001,-33.078191863151012],[151.08745334931001,-33.078150862233997],[151.08736534989001,-33.078104868479983],[151.08728335606,-33.078053862719017],[151.08719535575,-33.07799086372502],[151.08709335559001,-33.077927864754983],[151.08700535599999,-33.077863871359007],[151.08693735515999,-33.077795870786005],[151.08687635550999,-33.077726875279005],[151.08680835435001,-33.077645867310999],[151.0867403538,-33.077571869912013],[151.08669335574001,-33.07750287422099],[151.08663835281001,-33.077428876229],[151.08657735322001,-33.077359871337983],[151.08653035495001,-33.077284869632017],[151.08646934544001,-33.077198869116991],[151.08640135422999,-33.07712987370801],[151.08634035409,-33.077060877977992],[151.08628535131001,-33.076986870591988],[151.08621836286,-33.076917875577998],[151.0861293593,-33.076854876567985],[151.08606836056001,-33.076785872577005],[151.08598735071999,-33.076716878130007],[151.08589235303,-33.076642878413985],[151.08580335789,-33.076567877380995],[151.08572235875999,-33.07652188312899],[151.08564035686999,-33.07646988236899],[151.08555935792,-33.076429885880998],[151.08547735584,-33.076372883715003],[151.08539635738001,-33.076303879283991],[151.08531436382,-33.076240880020997],[151.08524636327999,-33.076171884333988],[151.08517836214,-33.076091881359005],[151.08489336157999,-33.075787884946983],[151.08394236359001,-33.075247895782994],[151.08301638462001,-33.075664900001996],[151.08287339264001,-33.07575090951601],[151.08190740575,-33.075869923246991],[151.08140341513999,-33.075988929824994],[151.08062743937001,-33.076285942002002],[151.07979876599001,-33.076327696207009],[151.07941646014001,-33.076346960369008],[151.07896046235001,-33.076455961718999],[151.07852547538999,-33.076454966730992],[151.07791248307001,-33.076528981461003],[151.07588452547,-33.077305012316003],[151.07443654795,-33.076816027109992],[151.07317756635999,-33.07675704362002],[151.07159959076,-33.077001060999017],[151.07105361263001,-33.077522074693022],[151.07035962165,-33.07752107964],[151.07020764674999,-33.078798089731983],[151.0699276663,-33.079428094423008],[151.06962766754,-33.079759099307992],[151.06868169040001,-33.079850101032008],[151.06723271729999,-33.079882111446999],[151.06661973234,-33.079984111296],[151.06591175746999,-33.08039611481],[151.06538677341999,-33.080910117235995],[151.06413480085001,-33.081224126370984],[151.06301883040001,-33.081342135933006],[151.06138085172,-33.080618134643984],[151.06018485921999,-33.079751130239998],[151.05969586738999,-33.079682125409015],[151.05879688626999,-33.080127133081021],[151.05786391478,-33.080338136134998],[151.05704192691999,-33.08017613942701],[151.05561895741999,-33.080403142761007],[151.05372198233999,-33.079999154671988],[151.05354833219999,-33.079990835845997],[151.05330808925001,-33.079979317345988],[151.05302655705,-33.079965826254025],[151.05296104496,-33.079962686118009],[151.05228206899,-33.079635050025011],[151.05227017567,-33.079614887963999],[151.05201828909,-33.080147009171988],[151.05231364738,-33.080313461661],[151.05216879612999,-33.08109859559098],[151.051564337,-33.08151863682702],[151.05065448176001,-33.082291809042005],[151.05064263751001,-33.082828484792003],[151.05054026677999,-33.08361428067299],[151.04953431600001,-33.084887009541006],[151.04862045554,-33.085839054535995],[151.04837609686999,-33.086012398530983],[151.04781107689999,-33.087388292839989],[151.04713150150999,-33.088212727106992],[151.04707594594001,-33.088391795669999],[151.04655246252,-33.088992033923013],[151.04560948079001,-33.089335155799013],[151.04466174121001,-33.08989294056002],[151.04404767745001,-33.090742281547996],[151.04327780126999,-33.090944954071013],[151.04274678332001,-33.092080952258016],[151.04234527411,-33.092114333813008],[151.0423583116,-33.092147382203997],[151.04247154639,-33.092793392874007],[151.042711505,-33.093477183800992],[151.04269564181001,-33.09419274817801],[151.04197054905001,-33.094878483989],[151.04073924107001,-33.096130489336979],[151.04034398031001,-33.096696924304979],[151.04002816437,-33.097515142187014],[151.04014297806,-33.098089596823002],[151.04012629846,-33.098840937085001],[151.03985218674001,-33.099695600825008],[151.03996382202999,-33.100413167582985],[151.04011717256,-33.101167181893999],[151.04001864994001,-33.101774072303996],[151.03975565226,-33.102127841827006],[151.03906278989001,-33.102689588398995],[151.03830832738001,-33.104109335474007],[151.0381561442,-33.105216447062006],[151.0386094445,-33.105867813611006],[151.03902501029,-33.106303841984982],[151.03948070882001,-33.10684787099499],[151.03967339542999,-33.107745667511999],[151.03944573381,-33.108422106686014],[151.03913940705999,-33.108810982106],[151.03912986585999,-33.109240317784995],[151.03912112111999,-33.109633876869005],[151.03905952583,-33.110491881248016],[151.03896257164001,-33.111027212651997],[151.03847663300999,-33.111842746131991],[151.03789929157,-33.112943158677005],[151.03786013773001,-33.113328598220996],[151.03784484302,-33.113479159744017],[151.03761157791001,-33.11440603882501],[151.03724997008999,-33.115366685569995],[151.03740650142001,-33.115977590393001],[151.03786064330001,-33.116593182518002],[151.03770842316001,-33.117700289973008],[151.03728597291001,-33.119483159516022],[151.03762133454001,-33.119703186610018],[151.03791363696001,-33.119564628507007],[151.03878017694001,-33.120379982190002],[151.03869687412001,-33.121065848467005],[151.03847623779001,-33.121806818322987],[151.03893844181999,-33.122444006366983],[151.03937774587999,-33.124111600031],[151.03901418205001,-33.123990306285982],[151.03896701193,-33.124219663151997],[151.03805056165001,-33.124061880201985],[151.03773663529,-33.124202227266998],[151.03646104939,-33.124182124951993],[151.0358609964,-33.124387407076007],[151.03509245559999,-33.124518446776001],[151.03483095967999,-33.124800644109996],[151.03480544729999,-33.125945536448],[151.03489817993,-33.126567788710993],[151.03539902130001,-33.126998017456003],[151.03500819995,-33.127356914502002],[151.03415570746,-33.127436517385995],[151.03331666874001,-33.127854720580991],[151.03253212911,-33.128701300496978],[151.03255767475,-33.127556411223992],[151.03206339133999,-33.12683279263198],[151.03199112548,-33.126259005948988],[151.03125131702001,-33.125102020966985],[151.03083730362999,-33.124594411055995],[151.03006715705999,-33.124796975883989],[151.02903549225999,-33.125281718688022],[151.02790307724001,-33.125147300852987],[151.02691612871001,-33.125197285817997],[151.02623715252,-33.125367290756991],[151.02624681684,-33.125353471938986],[151.02592906747,-33.125433030137991],[151.02465908414999,-33.125162364685018],[151.02365224188,-33.124537956898003],[151.0232357397,-33.124264634399005],[151.02266869339999,-33.123969985186008],[151.02204053712001,-33.123530527876994],[151.02080413958001,-33.122523074360991],[151.01953117543999,-33.122008936631985],[151.01879716822,-33.121919094092995],[151.01775278087999,-33.122016398188002],[151.01724979943,-33.12208001393801],[151.01674692290999,-33.122222389554004],[151.01618890547999,-33.122361244913996],[151.01619112878001,-33.122920797134981],[151.01584383913999,-33.122932037107013],[151.01583550114,-33.122449184559002],[151.01564371815999,-33.122496907935016],[151.01529938666999,-33.122564331602],[151.01469530810999,-33.122569022130989],[151.01356831561,-33.122751479888002],[151.01287210522,-33.123069645087021],[151.01286293289999,-33.123071655005994],[151.01233938102999,-33.124426399098006],[151.01040186814001,-33.124213871489005],[151.00957248776999,-33.124290482608998],[151.00719261661001,-33.124468553930008],[151.00563742407999,-33.125092035310999],[151.00466236291999,-33.125616728675006],[151.00394894167999,-33.125929484116021],[151.00323918262001,-33.126080200084992],[151.00234887094999,-33.125210123907991],[151.00187483817001,-33.125342407026011],[151.00072662611001,-33.125504554294018],[150.99987945434,-33.125009426428008],[150.9993196819,-33.124458718807013],[150.99831585774001,-33.124562974569983],[150.99773014339999,-33.125155468186996],[150.99777842782001,-33.126179486644006],[150.99654092150999,-33.127122639734011],[150.99604719826999,-33.126813743464993],[150.99628906506001,-33.125613820636012],[150.99536630763001,-33.125298019216011],[150.99417395251001,-33.124255579843002],[150.99317971138001,-33.123938612900005],[150.99193122977999,-33.125363067240023],[150.99084491607999,-33.125947455405999],[150.99013944103999,-33.125514739598998],[150.98901316587001,-33.124714082430991],[150.98785670824,-33.125237120464014],[150.98778011539,-33.125205151052008],[150.98686219955999,-33.126194798140006],[150.98598702590999,-33.127963663595992],[150.98515007856,-33.128058187227012],[150.98421491145999,-33.127535934645024],[150.98422141258999,-33.127630906229996],[150.98375452152001,-33.127440342168015],[150.98049886957,-33.126648554780992],[150.97924555265999,-33.12697763476401],[150.97534227947,-33.129013924375002],[150.97351054158,-33.129747650045992],[150.97101600402999,-33.129707037113995],[150.96943296981999,-33.129490358382014],[150.96692085002999,-33.130212892245005],[150.96444833583999,-33.129218111758],[150.96357208801999,-33.127867636989997],[150.96274102484,-33.127619343448018],[150.96161726621,-33.12741577781199],[150.95966986658999,-33.128242845035999],[150.95744304953001,-33.126440718341996],[150.95489194171,-33.126398854692006],[150.95425837884,-33.126817925914018],[150.95353135370999,-33.126376506151004],[150.95263869205999,-33.125741481028996],[150.95128476598001,-33.125432897157012],[150.95084343398,-33.124900723136008],[150.9495283448,-33.122922578474999],[150.94562460054999,-33.122524215440023],[150.94486764308999,-33.123370680284971],[150.94479079646001,-33.123375027268004],[150.94225550223999,-33.123518430396011],[150.94112617904,-33.123308889371984],[150.93997137039,-33.121762772097981],[150.93896548316999,-33.121125778799993],[150.93823189279999,-33.120970480309005],[150.93641678891001,-33.120988141967018],[150.93612522930999,-33.120866729964007],[150.93546204144999,-33.120590564732019],[150.93457404194001,-33.119764612961006],[150.93367041578,-33.119606467183004],[150.93362825705,-33.118985416491],[150.93353835302,-33.117981815636],[150.93308208792999,-33.11665262081101],[150.93289842729999,-33.116327648758997],[150.93240498910001,-33.115529318290001],[150.93157598732,-33.114608886987007],[150.93092264408,-33.113452772262022],[150.92809078376999,-33.113310264537013],[150.92753517148,-33.112823827630002],[150.92618266437,-33.112467284362005],[150.92410453982001,-33.11162144390601],[150.92278965518,-33.11207671967199],[150.92201369979,-33.112387208551006],[150.92187264814001,-33.112490899698997],[150.92166115315001,-33.112528272696991],[150.92164480033,-33.112534815955996],[150.92021652816999,-33.112988172429993],[150.91965196341999,-33.112883306767998],[150.91840835164001,-33.112719376164009],[150.91811210104001,-33.112595950226009],[150.9163779717,-33.112255958847989],[150.91435806067,-33.113749171748992],[150.91388445390001,-33.113919064995997],[150.91092666783999,-33.114980091027014],[150.90562238087,-33.116274876497009],[150.90039489295,-33.121483684666991],[150.9001935629,-33.121364867828987],[150.89993799586,-33.121619138476987],[150.88614437202,-33.119811087076016],[150.88445184427999,-33.119448319758],[150.88321280592999,-33.119093238216017],[150.88170181391001,-33.118256331609977],[150.88040955975001,-33.117757160662002],[150.87944480147999,-33.117788459344006],[150.87786800902001,-33.117332137004006],[150.87647161166001,-33.116449403632984],[150.87517941387,-33.11595018044499],[150.87405957695,-33.115358449332014],[150.87282409287999,-33.114860169160004],[150.87283904642001,-33.114240080881011],[150.87231020454999,-33.112656333051],[150.87203340324001,-33.110027075943982],[150.87188753125,-33.109022491082001],[150.87122581873999,-33.108247687557999],[150.87066941308001,-33.107808708817998],[150.87012452582999,-33.106892738493002],[150.87042862334999,-33.106039000432006],[150.87129600794,-33.105338042645009],[150.87176551085,-33.104678002034987],[150.87132362240999,-33.104193265304993],[150.86939938255,-33.103462486890983],[150.86800347674,-33.103070616550006],[150.86794585096999,-33.103100938891011],[150.86557950692,-33.102346827640005],[150.86518595294999,-33.101091293544997],[150.86532423416,-33.099755670757013],[150.86480535107,-33.09930078394099],[150.86170625263,-33.098177244686013],[150.86051181463,-33.097175546639001],[150.85955087926001,-33.095285858653014],[150.85856403073001,-33.094466109172998],[150.85734695648,-33.094400586602013],[150.85485768462999,-33.094357758534017],[150.85369032752001,-33.094426855786999],[150.85342117655,-33.094600618027009],[150.85307954656,-33.095575922665006],[150.85290222231001,-33.096331059957983],[150.85213252077,-33.097477381013],[150.85126554913001,-33.098265224692007],[150.84949922939001,-33.098992943463017],[150.84811994700999,-33.099058328043],[150.84701092872999,-33.098905371668991],[150.84660895576999,-33.098006435245004],[150.84690531530001,-33.096718172197001],[150.84746756876001,-33.095389901551016],[150.84770333150001,-33.094412785013013],[150.84761370899,-33.093742244130006],[150.84763001236001,-33.093073533009985],[150.84801161346999,-33.092634128865001],[150.84828728865,-33.092192894257977],[150.8497854149,-33.091594360626992],[150.85086417347,-33.090810177699012],[150.85147060642001,-33.089839444891005],[150.85127286984999,-33.089256240384998],[150.85075195102999,-33.088890460737993],[150.84996732452001,-33.088475528673001],[150.84891790995999,-33.08805602294197],[150.84850618461999,-33.087558319257006],[150.84836142803999,-33.086976025182977],[150.84950286825,-33.085791539195988],[150.85111221534001,-33.084971908767002],[150.85262103916,-33.083927524262009],[150.85269025411,-33.083259721807011],[150.85232714628,-33.08294126774598],[150.85170251528999,-33.082484505309012],[150.85055050526,-33.081929446861018],[150.84935640885001,-33.080927656070017],[150.84858488730001,-33.079977747390991],[150.84866172859,-33.07899787993199],[150.84878500521,-33.078286414114991],[150.84938914451001,-33.077695797342997],[150.84942946821999,-33.07755453274499],[150.84917818355001,-33.075653381666989],[150.84860247287,-33.074856089648009],[150.84899359952999,-33.074504950805995],[150.85103751457001,-33.073757343220997],[150.85191532452001,-33.07297843658101],[150.85416313272,-33.071769530288989],[150.85556093189001,-33.070825071743997],[150.85581995294999,-33.070285443062012],[150.85580170092001,-33.069719671338987],[150.85520428973001,-33.069267348723002],[150.85380321155,-33.068583881056007],[150.85384512885,-33.068439103928981],[150.85374756849001,-33.068388372054009],[150.85240643647001,-33.067425025063997],[150.85172642726999,-33.066820572896994],[150.85138642212999,-33.065932783161998],[150.85142419816,-33.065101659977991],[150.85185864934999,-33.064176092002],[150.85257643755,-33.063533859336012],[150.85314311132001,-33.063269411452005],[150.85474869111999,-33.063401635468985],[150.85563648055,-33.063854974484002],[150.85614648852001,-33.064006087903003],[150.85739317491999,-33.063930531222994],[150.85794095927,-33.063458300853],[150.85809731937999,-33.063426110460988],[150.85783108792,-33.063060685058993],[150.85878750712001,-33.06170318463699],[150.85903432558001,-33.060931877395987],[150.85869494940999,-33.060191423116983],[150.85865047342,-33.060179775407008],[150.85822475098999,-33.06038606916001],[150.85701138715999,-33.06018682018501],[150.8557418433,-33.060120391019019],[150.85363171687999,-33.059771880496001],[150.85322225103999,-33.059185032751003],[150.85339731386,-33.058519050101012],[150.85405101088,-33.057772106854991],[150.85428008698,-33.057062452839006],[150.85435142052,-33.056305483560998],[150.85437089477,-33.055503021103995],[150.85396901761001,-33.054604107604987],[150.85346776556,-33.053435883871998],[150.85232477304001,-33.052524204944987],[150.85100565710999,-33.05232307692701],[150.84909230389999,-33.052602284180985],[150.84755710438,-33.052575791919999],[150.84714445611999,-33.052122669623998],[150.84794937034999,-33.051690565933995],[150.84988655158,-33.050430591346014],[150.85199114912001,-33.048816670770009],[150.85373802964,-33.048846751741991],[150.85536498940999,-33.049454544139991],[150.85625302054001,-33.049960412917017],[150.85715618181999,-33.049842137726003],[150.85679642950001,-33.049389956638016],[150.85639671243999,-33.04840188724301],[150.85500204963,-33.046950708539001],[150.85406220349,-33.046399336255],[150.85284254838001,-33.046467541988982],[150.85061930462999,-33.046429239897009],[150.84956062035999,-33.046410986775001],[150.84920200466999,-33.045914204219009],[150.84949702431999,-33.044670496001991],[150.84999943009001,-33.043608763535993],[150.85060660319999,-33.042593433328008],[150.85072871512,-33.041926539329999],[150.85142440627999,-33.041626328104002],[150.85188888158001,-33.042124928335994],[150.85229718260001,-33.042756359458011],[150.85261044616001,-33.042940154010005],[150.85297556236,-33.043169440310997],[150.85356106398001,-33.043045720792001],[150.85456786047001,-33.043018445481998],[150.8554677118,-33.043033922871999],[150.85694982095001,-33.043059402092986],[150.85770059360999,-33.042670903731015],[150.85792635697001,-33.042094983778021],[150.85789393703001,-33.041247025899985],[150.85760441821,-33.040082453985988],[150.85731288229999,-33.039906988576995],[150.85685753755001,-33.038997365935977],[150.85613900792001,-33.038656506900992],[150.85527103192999,-33.038530571290003],[150.85335803173001,-33.037863627209987],[150.85287796732999,-33.037266822744016],[150.85286968955,-33.036559774373011],[150.85328367456,-33.035648437508009],[150.85415846595001,-33.034894819991003],[150.85516169483,-33.033965154513993],[150.85553115164001,-33.033074309433999],[150.85541622976999,-33.032523508446005],[150.85503269198,-33.032057526896999],[150.85419672643999,-33.031624727842001],[150.85308629818999,-33.031143106283004],[150.85249462921999,-33.03058800411501],[150.85168051661,-33.030135393887008],[150.85093263245,-33.030158630100999],[150.85049357829001,-33.030497248118998],[150.85026340336,-33.031460214270993],[150.85022967655999,-33.03224503379802],[150.85013892049,-33.032763994139984],[150.84972919679001,-33.033254627702],[150.84909617091,-33.033828658967991],[150.84848412974,-33.034363803687],[150.84726515360001,-33.035032479751003],[150.84664808319999,-33.035453071600017],[150.84607562516001,-33.035337018550003],[150.84582689442999,-33.035033973458987],[150.84516520278001,-33.034545118225999],[150.84402208014001,-33.033621733330008],[150.84314595488999,-33.033109552288003],[150.84201963320001,-33.033384173144988],[150.84143401234999,-33.033821815029007],[150.84059448442,-33.034147463488999],[150.83929312751999,-33.034487411259995],[150.83851157765,-33.034511613957996],[150.83796433960001,-33.034198957302991],[150.83743826769,-33.033556043981008],[150.83693598088999,-33.032642720631983],[150.83625478085,-33.031704967670002],[150.83589852490999,-33.030877012263005],[150.83533435635999,-33.030175342488988],[150.83504886752999,-33.030154211619006],[150.83449875561999,-33.030590720743987],[150.83422891735,-33.030928666327995],[150.83368140773001,-33.031425017136009],[150.83310227867,-33.03201223391099],[150.83249544072001,-33.032780086066005],[150.83176376981001,-33.033132304235011],[150.83062568042999,-33.033137513062009],[150.8301599525,-33.033062011824988],[150.82978646533999,-33.032654063188005],[150.82966289077001,-33.032145293207009],[150.82969326695999,-33.032147562673977],[150.82989633239001,-33.031092565646006],[150.82989798057,-33.030313462467007],[150.83000749988,-33.029560991083002],[150.82967476264,-33.029271635444005],[150.82812383229,-33.028780197163009],[150.82718461440001,-33.02844963737099],[150.82697835816001,-33.027796808017001],[150.82700420341999,-33.025938272037003],[150.82651769039001,-33.02538398525099],[150.82528133043999,-33.02476294933799],[150.82363174516999,-33.024454284877983],[150.82212035374999,-33.024051445849992],[150.82125225073,-33.023718650332007],[150.82071163974999,-33.023555534482988],[150.81961049527001,-33.02358947303],[150.81828453285999,-33.023360654911016],[150.81853362685999,-33.022543968126023],[150.81912882226001,-33.021506873528018],[150.81906342209999,-33.020819729206984],[150.81807886713,-33.019441780728009],[150.81757077652,-33.018408579506008],[150.8177962586,-33.018118232934],[150.81896920148,-33.017781947750009],[150.82014323327999,-33.017401071152996],[150.82078371036999,-33.017189262606998],[150.82079358553,-33.016788038705009],[150.82044731856001,-33.015800796573991],[150.81973504742999,-33.014628759336993],[150.81926321200999,-33.014442113523998],[150.81834719793,-33.015095092375994],[150.81711368250001,-33.015742509728007],[150.81609510590999,-33.016259878587014],[150.81440622766999,-33.016051900752984],[150.81277241404999,-33.013614890339014],[150.81249347625999,-33.012049014119007],[150.81258466633,-33.011783239049024],[150.81211380804001,-33.011369660782002],[150.81108786990001,-33.011227759886992],[150.80939584237001,-33.011260014938024],[150.80858703749001,-33.010658593517],[150.80728283392,-33.010493447078005],[150.80609017642999,-33.008658271057989],[150.80656329106,-33.006943090020002],[150.80657720284,-33.006381185146999],[150.80636418790999,-33.006002678563007],[150.80618262151,-33.005376811053978],[150.80591322453,-33.00493602915801],[150.80533644440001,-33.004068925370021],[150.80499800192001,-33.004022093463],[150.8021961693,-33.00125167130998],[150.80080281782,-32.999564226488992],[150.80404186307999,-32.999167753773001],[150.80796078697,-33.000294865641997],[150.81007907316999,-33.001692611527993],[150.80983162135001,-33.002224171951028],[150.80991044225999,-33.002194225494009],[150.80994863855,-33.002208573882996],[150.81021195433999,-33.002043300379995],[150.81057950197999,-33.001590502329002],[150.81092961643,-33.000763262309015],[150.81099380948001,-33.000696623901995],[150.81025832928,-33.000546519665015],[150.80911619024999,-33.000032556354995],[150.80871644138,-32.999747021777004],[150.80820247797999,-32.999689913811991],[150.80763140809,-32.998547773403992],[150.80807212067,-32.99834436723399],[150.80797405032999,-32.998033809868005],[150.80871644075,-32.997976701967985],[150.81042965097001,-32.998148022503003],[150.80984098951001,-32.996892221056996],[150.80823786286001,-32.996638039779988],[150.80818214582999,-32.996613328348005],[150.80626083948999,-32.997062989240987],[150.80374813226999,-32.996948774244011],[150.80260599092,-32.997862487167019],[150.80152095726999,-32.998148024195991],[150.80055013835999,-32.99809091683499],[150.79997906921,-32.997862487112002],[150.79980774837,-32.997691167303017],[150.79946510571,-32.997234310246],[150.79900825016,-32.996834560900986],[150.79843718014999,-32.996834561470997],[150.79735214579,-32.996491918556998],[150.79666686278,-32.996149276803017],[150.79678107672001,-32.99540688509299],[150.79752346773,-32.994835814010003],[150.79843717950001,-32.994321849990989],[150.79957034495999,-32.993868585769],[150.79938350080999,-32.993564956017998],[150.79962685434,-32.993443293194005],[150.79957910272,-32.992996071041006],[150.80006286574999,-32.992275481398998],[150.80153829791001,-32.990405642834993],[150.80152980394999,-32.990312220428017],[150.78020222713999,-32.987281053336986],[150.77982140937999,-32.987932549538009],[150.77870155675001,-32.988180775453991],[150.77823457515001,-32.987770236608988],[150.77868614866,-32.987208455122008],[150.77828776366999,-32.987234883124998],[150.77751898996999,-32.987757496274007],[150.7764744433,-32.988174635162004],[150.77653714473999,-32.988846128291982],[150.77633219031,-32.988686981372986],[150.77601360276,-32.989104950266004],[150.77587584144001,-32.989839907969994],[150.77575438891,-32.990262372727017],[150.77723028361001,-32.99002322481001],[150.77858324036001,-32.990262046935001],[150.77846965117001,-32.991405263350018],[150.77743114742,-32.992174124031003],[150.77651839031,-32.992212749676],[150.77498201102,-32.994133210589986],[150.77546720906,-32.995028032646985],[150.77702197171999,-32.994888144006985],[150.77803356033999,-32.99420226569999],[150.77927947875,-32.993688143627004],[150.7801395617,-32.992697882114001],[150.78158255436,-32.992254275104017],[150.78312301560001,-32.992683875480992],[150.78312317071999,-32.992687675100008],[150.78365484205,-32.992587984517996],[150.78397547496999,-32.992004193126995],[150.78482982169999,-32.991804628238],[150.78509442215,-32.992523715432],[150.78809902630999,-32.991609263687977],[150.78874148044,-32.992680022064988],[150.78788487612999,-32.993822163484005],[150.78659996846,-32.994678770157982],[150.78531506057001,-32.995749526863989],[150.78471178838001,-32.995880681752986],[150.78446065705,-32.99637903642401],[150.78409957666,-32.997231555752009],[150.78340066448001,-32.998006494620995],[150.78268072217,-32.998264258303998],[150.78318351518001,-32.998215557484976],[150.78481030716,-32.998378523011986],[150.78537615412,-32.99801985933599],[150.78697657692999,-32.997646025604993],[150.78858116762001,-32.997104651463005],[150.79004056216999,-32.997599769551016],[150.79106846073,-32.997852602526024],[150.79134260249,-32.998025048979009],[150.79168624428999,-32.998600952154007],[150.79194536143001,-32.999376471543997],[150.79121213581999,-33.00006739150701],[150.79014110723,-32.999947871375994],[150.78907426219001,-32.999660822269995],[150.78858710367001,-33.000054415968009],[150.78769229425001,-33.000843007181999],[150.78701217619999,-33.000998540353997],[150.78535310753,-33.000533360948985],[150.78509360378999,-33.001366725391001],[150.78550501398999,-33.002413111296022],[150.78727085214999,-33.003382964501014],[150.76899135087001,-33.00104634269001],[150.76371690361,-33.000420962288004],[150.76181112411001,-33.010556535360003],[150.76159651897001,-33.010507218945001],[150.76148164068999,-33.010574508660994],[150.76129596449999,-33.010774096114993],[150.76120965410999,-33.010733821849001],[150.75959320224999,-33.011680622724015],[150.75633825228999,-33.012680318698983],[150.75344959192,-33.013384183950002],[150.75256053786001,-33.013065831462001],[150.75226321277,-33.010641754276001],[150.75488283534,-33.006334202272001],[150.75325546931001,-33.006239516694997],[150.75182001127001,-33.004782124819975],[150.75173585191999,-33.003635380173023],[150.75394455725001,-33.003571840704993],[150.75245796402001,-33.001753654105009],[150.75195288293,-33.001934334988995],[150.75064796165,-33.002177733440007],[150.74950123747001,-33.003103498659009],[150.74933238112999,-33.003340563993021],[150.74588799079001,-33.002944360830988],[150.74576217559999,-33.002478166510009],[150.74575494250001,-33.002880351225016],[150.74574684724001,-33.003330570646995],[150.74558799879,-33.003311162419998],[150.74560097700001,-33.002806278661005],[150.74392991748999,-33.002002332548983],[150.74316176628,-33.001034087906],[150.74238899284001,-33.000534722342003],[150.74199630829,-33.000534105589999],[150.74199157961999,-33.000719618657996],[150.74169519332,-33.001239149932999],[150.74123142425,-33.001660214386],[150.74081938974001,-33.002273084752979],[150.74027589252,-33.003599338836011],[150.73919005956,-33.00620414114001],[150.73853085787999,-33.007623723125],[150.73789112700999,-33.008280173383],[150.73720574497,-33.00850633282203],[150.73635541345001,-33.008538625791978],[150.73511248647,-33.008420631811994],[150.73454885126,-33.008314963837975],[150.73407890992999,-33.008974474928017],[150.73361750357,-33.009300118437999],[150.73242507443001,-33.009421602973994],[150.73135318852999,-33.009258964395983],[150.73039452238999,-33.009098374179999],[150.72956130278999,-33.008462888113009],[150.72879693143,-33.007351473435016],[150.72852368264,-33.006964759334991],[150.72820117194999,-33.006290840714009],[150.72827612609001,-33.00557644341702],[150.72807172322001,-33.004713806585997],[150.72763968513999,-33.003894740748002],[150.72697512225,-33.003310025461012],[150.72614320132999,-33.002626822521997],[150.72552178883001,-33.002567777521989],[150.7245607582,-33.00250253760602],[150.7236046303,-33.002246510782015],[150.72281464053,-33.002136660325007],[150.72185361662,-33.002071399421993],[150.72106485802999,-33.001913844098006],[150.71942583529,-33.001788461622006],[150.71868263207,-33.002061180744995],[150.71783236160999,-33.002093348836993],[150.71726756384999,-33.002035300375994],[150.71682580647001,-33.001597760935013],[150.71659939740999,-33.001593617242996],[150.71467491741001,-33.001558384480987],[150.71418121705,-32.99972596273701],[150.71320441051,-32.998866263106997],[150.71040150414001,-32.997765082151005],[150.70967302432999,-32.997515790427975],[150.70818320090001,-32.99721236378398],[150.70716688419,-32.997098258549002],[150.70631362974001,-32.996422191591996],[150.70630603463999,-32.996421352969989],[150.70630265851,-32.996413498655997],[150.70605712806,-32.996218952079992],[150.70620882968001,-32.996195215589992],[150.70570134102999,-32.995014573371009],[150.70521162079001,-32.993294755777015],[150.70516192029999,-32.991087792294017],[150.70540347139999,-32.99001172032299],[150.70620209859999,-32.990116445486002],[150.7060197779,-32.990968501102984],[150.70625415724001,-32.992233407791026],[150.70735689963001,-32.99297401554],[150.70779689404,-32.992486862480007],[150.70739065862,-32.991669014749988],[150.70724443333,-32.991126070424997],[150.70769489418001,-32.990233917247998],[150.70783990404999,-32.990086546666994],[150.70735249411001,-32.989749069276016],[150.70650617351001,-32.989194709783],[150.7061811792,-32.989156475234012],[150.70535764292001,-32.988945312439029],[150.70512536321999,-32.988586335703005],[150.70451299056,-32.988480754106014],[150.70390062035,-32.988586336138994],[150.70335159488999,-32.988734151608],[150.70273922250001,-32.989050895622988],[150.70202126907,-32.989177593850002],[150.70143001184999,-32.989114245144016],[150.70128219508999,-32.988776384687995],[150.70071205475,-32.987868384492991],[150.70066020173999,-32.987786284816984],[150.70064019232001,-32.98796479669501],[150.69981845683,-32.987338872877004],[150.69704005112999,-32.987058591198988],[150.69502288413,-32.987116785982018],[150.69436293908001,-32.98723820175001],[150.69307272391001,-32.988951264361987],[150.69274586863,-32.989326957431004],[150.69227048146001,-32.989318166099004],[150.69186897038,-32.989081699892992],[150.69146646676001,-32.988883385303986],[150.69102713820001,-32.988359914152007],[150.69067389092001,-32.988009814499016],[150.68975372564,-32.987687394246997],[150.68928409251001,-32.987201544364993],[150.68574489282,-32.987474088665984],[150.68574399457,-32.987489517259007],[150.68412589069999,-32.99177978515101],[150.683689394,-32.99489900471702],[150.68424407540999,-32.997988755970994],[150.68452557598999,-33.001325570313],[150.68346765212999,-33.003149081033015],[150.68226308121001,-33.004857466848016],[150.67977394480999,-33.006365049157999],[150.68060622410999,-33.00704193414601],[150.67924740303999,-33.007336445605013],[150.67604506587,-33.00874565094999],[150.6747136031,-33.010816132611993],[150.67438342311999,-33.013095857429008],[150.67252020565999,-33.016018365204985],[150.67019711026001,-33.018118171603007],[150.66931018809001,-33.020653299835999],[150.66891513313999,-33.021381813136998],[150.66887302442001,-33.023772459646011],[150.67073207664001,-33.02754045889899],[150.67202964795001,-33.031444539020001],[150.67215418641001,-33.034427597453004],[150.67291729828,-33.035719163799023],[150.67506715837999,-33.036252799618985],[150.67676711319999,-33.036202394081968],[150.67821368108,-33.036876303699998],[150.67885677172001,-33.037964543828984],[150.67846024170001,-33.038766663129977],[150.67859476292,-33.040626406849],[150.67966800605001,-33.041019374517013],[150.67931745639001,-33.041684886277991],[150.67705283857001,-33.043813689904006],[150.67433534944999,-33.043912155403],[150.67101722382,-33.042674366229001],[150.6709495341,-33.042637119417016],[150.66924348482999,-33.040954083831998],[150.66901699893,-33.041486662008012],[150.66901473734001,-33.041572465994015],[150.66358763004001,-33.038585812959013],[150.66284374368999,-33.035844193392997],[150.66258562166999,-33.03477836311199],[150.66255039462999,-33.034762994186984],[150.66231420213001,-33.033892442065998],[150.66232567215999,-33.034664960809998],[150.6590854314,-33.033251390537991],[150.65732302092999,-33.034291913169007],[150.65688796538001,-33.036013458869988],[150.65717015265,-33.037390609048003],[150.65749799930001,-33.038380919365004],[150.65553181688,-33.039089534292984],[150.65417435071001,-33.039541167251997],[150.65353871994,-33.040811583980997],[150.65382007577,-33.042218544844999],[150.65634037977,-33.043743708089004],[150.65461890985,-33.043229403175992],[150.65301875448,-33.043199294370972],[150.6528856676,-33.042737768253005],[150.64997907716,-33.041519935840007],[150.6491003845,-33.042606809814991],[150.64798343984,-33.043331311080003],[150.64713692313001,-33.044538068425005],[150.64700922539001,-33.045121423615015],[150.64602866663,-33.044934666926011],[150.64442252781001,-33.045411317529002],[150.64286968017001,-33.04654505028099],[150.64225174244999,-33.048471833461001],[150.64179563862001,-33.050968302609029],[150.64119752228001,-33.052149889049986],[150.64042161518,-33.053357930822003],[150.63996838671,-33.054004946759015],[150.63994397069001,-33.054004987269998],[150.63908074004999,-33.053381717408016],[150.63894054698,-33.053317085394006],[150.63890705560999,-33.053316234958999],[150.63918796445,-33.05080485494301],[150.63890688660001,-33.053316230672003],[150.63886679564001,-33.053315213253015],[150.63854490239001,-33.053123947907999],[150.63753357511001,-33.052538159548007],[150.63529318165999,-33.048916985416],[150.63520603372999,-33.047623526669994],[150.63518571594,-33.047321956891984],[150.6351664332,-33.047035761758984],[150.63489935397999,-33.046979285471998],[150.63439178256999,-33.046871953384013],[150.63433235798001,-33.04691044205601],[150.63355799861,-33.04916952311801],[150.63350181691999,-33.049209076842978],[150.63349651018001,-33.049303044763001],[150.63261327795999,-33.048946299752025],[150.63227593440001,-33.048810040378008],[150.63113896664001,-33.048171227637987],[150.63101585814999,-33.048523255603016],[150.63012221069999,-33.048021141786002],[150.62825123504001,-33.046167589844991],[150.62759570617999,-33.046527302902007],[150.62735923346,-33.047041031408007],[150.62722414192001,-33.047016228811991],[150.62693204406,-33.047344681643985],[150.62672104699001,-33.047817823542992],[150.62650812794001,-33.048362503338005],[150.62620770237001,-33.049000947455013],[150.62571418898,-33.049444851258002],[150.62531074059001,-33.049699605030007],[150.62445681436,-33.049850342524984],[150.62397546374001,-33.049841171086008],[150.62366592513001,-33.049763699406007],[150.62367489578,-33.049429858573014],[150.62379456267999,-33.049193560244994],[150.62391871246001,-33.048790343131998],[150.62415932175,-33.04827005221],[150.62437033367999,-33.047796914689016],[150.62432395545,-33.047414303864009],[150.62396932799999,-33.046906530720989],[150.62358254549,-33.046541291934005],[150.62341971251001,-33.046275750412001],[150.62328583531001,-33.045986904167009],[150.62332632382001,-33.045534375968998],[150.62342407944999,-33.045059079764982],[150.62366660213999,-33.044467253710003],[150.62445218964001,-33.043694911595004],[150.62464071893001,-33.043412747948992],[150.62479512483,-33.043466170878986],[150.62488049110999,-33.042818861014005],[150.62455856350999,-33.041304905943981],[150.62401333292999,-33.040511977580991],[150.62358033069,-33.039759359024018],[150.62309793809001,-33.039158487967995],[150.62276118657999,-33.038197751024995],[150.62513265568001,-33.038491060622],[150.62599433765001,-33.038469294807001],[150.62618149050999,-33.038389506750001],[150.62634329508001,-33.038831397856001],[150.62783603271001,-33.038621223741991],[150.62808193247,-33.037373358057003],[150.6279787368,-33.035939915547019],[150.62653242352999,-33.034421272930999],[150.62608476782,-33.033975105758991],[150.62579448174,-33.033968380762005],[150.62420800704999,-33.032386688938999],[150.62455048375,-33.031246859924018],[150.62689034581001,-33.031877949685004],[150.62984884254001,-33.031068382311993],[150.63043755627999,-33.031017723907013],[150.63085907673999,-33.028984853218994],[150.63384058106001,-33.027309798186977],[150.63670822508001,-33.024395608844991],[150.63861356078999,-33.021772361173007],[150.64023769950001,-33.021432026596969],[150.63791364003001,-33.01773918030301],[150.63691778301001,-33.016545262482005],[150.63234401861001,-33.017386212190999],[150.62695598961,-33.015737707237996],[150.62214814110999,-33.011626241273994],[150.62046542313999,-33.008687452848982],[150.61870945173999,-33.005747246008021],[150.61760550404,-33.00312868732],[150.61829232195001,-33.002152282917997],[150.61937580674001,-33.000070236527989],[150.61622815105,-32.999762761817983],[150.61449424505,-32.998740109585007],[150.61367402547,-32.999219183846996],[150.61001628273999,-32.998778108172992],[150.60750554271999,-32.999348437004976],[150.60646187539001,-32.999946868789998],[150.60321752672999,-33.000503035842996],[150.60223044782001,-33.001720960753985],[150.60014967538001,-33.002670468700011],[150.60032820078001,-33.001498856284996],[150.60131028377,-33.000466384524991],[150.60127374723001,-32.999105102368979],[150.59998351055,-32.997967092047972],[150.59936184949001,-32.996532709086992],[150.59851680457999,-32.99521771470701],[150.59823177696001,-32.994903005745982],[150.59619808067001,-32.994121711615996],[150.59546122718001,-32.994231203597984],[150.59220192177,-32.995343399175006],[150.59098462061999,-32.996927858095994],[150.59055123159999,-32.996672114087993],[150.59045221254999,-32.998650997234996],[150.58904079176,-32.998791397878989],[150.58600942631,-32.999058099827984],[150.58599360209999,-32.999094459153994],[150.58406592451001,-32.999286139231984],[150.57875947287999,-33.001840010717004],[150.57587327134999,-33.001343797836],[150.57502585058,-32.999977589721013],[150.57473667234001,-32.997515425736992],[150.57509524202001,-32.995824931423002],[150.57753873707,-32.992874151296014],[150.57822398133001,-32.991792926640024],[150.57824087226999,-32.991797092562003],[150.57914878330999,-32.991206337225989],[150.57950883773,-32.990461801840013],[150.57996451347,-32.989325466449003],[150.58097679381001,-32.988020984149991],[150.58273541621,-32.987375112846017],[150.58334421654999,-32.986850103746995],[150.58486667144999,-32.985519679340982],[150.58541371633001,-32.985172576827985],[150.58559497242999,-32.985283264885993],[150.58559692274,-32.985211729208999],[150.58546961635,-32.985137107200011],[150.58568764757999,-32.984998763686001],[150.58498468355,-32.984305214585],[150.58389862078999,-32.984216239167004],[150.58262953260001,-32.983472310396991],[150.58384038288,-32.984211777736022],[150.58340759794001,-32.984525193803989],[150.58271686290001,-32.984941256549],[150.58202221632999,-32.985500387784988],[150.58157439739,-32.986350592232021],[150.58033093310999,-32.986791717306012],[150.57790596173001,-32.986959395355996],[150.57745066593,-32.987566758151999],[150.57441576196001,-32.988403024008988],[150.57205883694999,-32.989901633184985],[150.57181610088,-32.988718855724976],[150.57015910147999,-32.986486409049022],[150.57012695455001,-32.986625315724993],[150.56978548520999,-32.986171255919999],[150.56976515721001,-32.986086104633998],[150.56976627949999,-32.985998065150987],[150.56973365011001,-32.985954128362991],[150.56962291374001,-32.985490265976004],[150.56941991332999,-32.985531679087011],[150.56799725382999,-32.983616004449011],[150.56708589312001,-32.982166777720003],[150.56698307126999,-32.980962346024],[150.5668464124,-32.980930703918013],[150.56685370417,-32.980921898691022],[150.5669868354,-32.980952892166982],[150.56721641940001,-32.980483894955995],[150.56787261189999,-32.979691485897],[150.56918241432999,-32.979126104062992],[150.57095724921999,-32.977993492022001],[150.57166437664,-32.977800210275994],[150.57262170156,-32.976732369227008],[150.57203744339,-32.976727215643002],[150.57232118847,-32.976410708882007],[150.57270453485,-32.974814920989999],[150.57318983765001,-32.973131849883991],[150.57443171604999,-32.972250285976976],[150.57501268939001,-32.971187972648998],[150.57512493601999,-32.970188125270987],[150.57514400891,-32.969872000248003],[150.57569067989999,-32.969948700871022],[150.57619250893001,-32.968985046225995],[150.57650316281999,-32.967559608159988],[150.57654381149001,-32.966071668144998],[150.57603979533999,-32.964630412637007],[150.57641519095,-32.963320747635997],[150.57747412095,-32.961852569057015],[150.57812414433999,-32.960433709128012],[150.57911356369999,-32.959021425960991],[150.57943155644,-32.958090260447001],[150.57944315764999,-32.958077621675997],[150.58032164145001,-32.956276711422987],[150.58113340956001,-32.955705107023988],[150.58229998755999,-32.955503953874015],[150.58353972570001,-32.955052490328001],[150.58400924374001,-32.95486579915503],[150.58447343427,-32.95487477959],[150.58546508933,-32.955005832651977],[150.58662557030999,-32.955028271401993],[150.58776049536999,-32.95477051880701],[150.58830391376,-32.954305553564019],[150.58888124180999,-32.953813272614006],[150.5891239666,-32.953426400883998],[150.58901488071001,-32.952557274798984],[150.58890200165001,-32.95182791737701],[150.58930770975999,-32.950325457439014],[150.58960179336,-32.949268335150002],[150.58945044427,-32.948734014072997],[150.58930061398999,-32.948143784580999],[150.58905512108001,-32.947411866658996],[150.58880887155999,-32.946707901804011],[150.58892047750999,-32.946262563476004],[150.58909307767999,-32.946014177806994],[150.58936741199,-32.945683853899006],[150.58970805121999,-32.945354808200015],[150.58978801759,-32.944852920740999],[150.58967058370001,-32.944291286275011],[150.58931577183,-32.943920847215999],[150.58882531589001,-32.943659662824004],[150.58823236871001,-32.943508370697018],[150.58779655647001,-32.943334867005994],[150.58727063582,-32.942832864664993],[150.58686293399001,-32.940916347022998],[150.58685947121,-32.940912880163992],[150.58891711822,-32.941425737962014],[150.59339882603001,-32.940148885963993],[150.59538203029999,-32.938753285554995],[150.59884069046001,-32.940182009255011],[150.59898062637001,-32.939565222881001],[150.60035137771001,-32.940462803250981],[150.60597906241,-32.940353648132998],[150.60749963518001,-32.939545131571023],[150.60798340190999,-32.938712218847002],[150.60874366771,-32.938307950005004],[150.6089779811,-32.938126386317997],[150.61141546370001,-32.937917818100985],[150.61452456556,-32.937374443636003],[150.61702398387001,-32.939413898726002],[150.61881479249001,-32.941624904360005],[150.61982311477999,-32.941418515955007],[150.62227950850999,-32.942365887523017],[150.62385661146999,-32.942128597772992],[150.62427016353001,-32.941160745338998],[150.62583937903,-32.940732509984009],[150.62873561033999,-32.939500774381024],[150.62913118464999,-32.938693636767994],[150.63156949327001,-32.938127929556011],[150.63257362377999,-32.933994980596992],[150.63416746690999,-32.933798112698014],[150.63409655456999,-32.932079835903011],[150.63350086448,-32.93017814903601],[150.63457555186,-32.925753954736997],[150.63473420527001,-32.925561985183009],[150.63514756007001,-32.924594095469992],[150.63502003272001,-32.923924018517994],[150.63517390236001,-32.923290517508015],[150.63672431022999,-32.924356641659003],[150.63756672698,-32.922802685568016],[150.63680877086,-32.920913439749988],[150.63535521618999,-32.917790661611988],[150.63536584847,-32.917752309889018],[150.63273376852999,-32.914660895788991],[150.63250965056,-32.914596314915002],[150.63373777793001,-32.913423767699015],[150.63204478685,-32.911028554456017],[150.63220945585999,-32.910754704784992],[150.63492021705,-32.912045022489025],[150.63563814303001,-32.907991844106007],[150.63519949504999,-32.907414257671014],[150.63578855681999,-32.907180514835012],[150.6375046007,-32.904836284886024],[150.63971263348,-32.903433320148991],[150.63938376895999,-32.900958018817008],[150.63854291409001,-32.900236340201992],[150.63923820495,-32.899224230166006],[150.63766742460999,-32.89651220859799],[150.63834245804,-32.895988599929993],[150.63400710683001,-32.890191783357011],[150.63086765547001,-32.884769950217994],[150.63100437374999,-32.884573954346003],[150.63181503107,-32.882256352294],[150.63060554971,-32.879377144008998],[150.63062677400001,-32.879202707886023],[150.63048559988999,-32.879091588911997],[150.63030796251999,-32.878668698171992],[150.62994132144999,-32.87866318002299],[150.62675631083999,-32.876156083641007],[150.6268040562,-32.876095323615985],[150.62645093363,-32.873974565181996],[150.62662855532,-32.873951632255007],[150.62777381249001,-32.86875698194401],[150.63087964356001,-32.865798614196009],[150.63101212646001,-32.865274618556001],[150.63261175106999,-32.866607955520998],[150.64376262235001,-32.865133167545004],[150.64506442004,-32.861408873558013],[150.64770514291001,-32.861144551127012],[150.64765773080001,-32.85999903471599],[150.64756291021999,-32.857708000535006],[150.64793629491001,-32.855785466832991],[150.64669470704001,-32.853145935466003],[150.64583422108001,-32.852468643017993],[150.64720646857,-32.849835079858011],[150.64565603819,-32.849307322368986],[150.64227513143001,-32.849693639167995],[150.63792780105001,-32.847241006761983],[150.63782085907999,-32.846573855519999],[150.63787853264,-32.846536758825998],[150.63780927555999,-32.846501592718006],[150.63777828171999,-32.846308239175997],[150.63747768510001,-32.846501582625002],[150.63706317839001,-32.84582064331299],[150.63775656054,-32.846172730149014],[150.63769907456,-32.845814093288979],[150.63684816919999,-32.845467428109004],[150.63647030864999,-32.844846673320006],[150.63552399433999,-32.844927932009007],[150.63441705067001,-32.844476925309998],[150.63533682580999,-32.84494400249401],[150.63393177719001,-32.845064636078014],[150.63413645991,-32.846763483558],[150.63260577635,-32.846487818854989],[150.63220062716999,-32.847646625415997],[150.62520475939999,-32.848234136464995],[150.62726350989001,-32.85170250016899],[150.61957378625999,-32.855234276316011],[150.62301596235,-32.86459548979699],[150.62663687444001,-32.864756311028998],[150.62525697945,-32.865390028774996],[150.62447930646999,-32.867133170932014],[150.62446830900001,-32.867651964168985],[150.62078934039999,-32.868765551613983],[150.61966354002001,-32.867702616236997],[150.61671469072999,-32.867597693844999],[150.61407501495,-32.869985125893002],[150.61104595805,-32.869927283363999],[150.60265899206999,-32.864973213654999],[150.60131710255999,-32.872617120479006],[150.59271026363999,-32.875807146322032],[150.58845034625,-32.886270743507986],[150.58824557759999,-32.886389929407002],[150.57760971343001,-32.884569710994008],[150.57742238035999,-32.892688610404008],[150.57170888075001,-32.896012899866001],[150.57731874215,-32.897179485986001],[150.57727603732999,-32.899029945153984],[150.56972629136001,-32.902021343388],[150.56627142466999,-32.900385339289002],[150.56393695548999,-32.895910925986023],[150.56108140089,-32.896295891182021],[150.55600383298,-32.897787038598985],[150.55593234628,-32.897655025638009],[150.55577743423001,-32.897853520153994],[150.55079532405,-32.899316372600993],[150.55195161879001,-32.902755321695999],[150.54722946426,-32.908804634770014],[150.54841609716999,-32.911498833076998],[150.54677873155001,-32.912863411338989],[150.54739589636,-32.913729776545985],[150.54541461834,-32.913954410095009],[150.54376789196999,-32.917634849240002],[150.53948943930999,-32.918362785430006],[150.53974164958001,-32.920172218102998],[150.53485234621999,-32.919100812831999],[150.52762036523001,-32.917793215942005],[150.52267301904001,-32.919750713593011],[150.52040628898001,-32.923919894061001],[150.51941190619999,-32.922603977959994],[150.51710677657999,-32.922520148240984],[150.51690540971001,-32.92508949948899],[150.51579296001,-32.924789624456992],[150.51575494452001,-32.924748727755009],[150.51579138752001,-32.924789200971993],[150.51364868476,-32.924211575377015],[150.51253771222,-32.923556886465008],[150.51298375684999,-32.924032315175999],[150.51297985542001,-32.924031263043979],[150.51253143842999,-32.923553188749999],[150.51233827697999,-32.923439358685023],[150.5117202024,-32.92364553574199],[150.51156717321001,-32.923549217667997],[150.51151368545999,-32.923714424560011],[150.50989193737999,-32.924255383816991],[150.50643650836,-32.921964000698026],[150.50652045635999,-32.922955513306995],[150.50435007998999,-32.922115815398023],[150.50316260907999,-32.923805736140004],[150.49787956276001,-32.923254495442009],[150.49549258893001,-32.920215841428025],[150.48952124332999,-32.919729491658991],[150.48928905878,-32.919608184567977],[150.48921767016,-32.915250471485002],[150.48924680576999,-32.919586110938994],[150.48619780460999,-32.917993062097992],[150.48110445824,-32.918136373711008],[150.48109987218001,-32.919182681325992],[150.48079240659001,-32.919174789683005],[150.47803051437,-32.923266374056006],[150.48094446414001,-32.925243972816993],[150.48085968077999,-32.925238294049997],[150.48074021707001,-32.925230293575012],[150.48003876143,-32.926394043565004],[150.47732136211999,-32.927243727276],[150.47500424148001,-32.92791026519],[150.47466825385999,-32.929724156754993],[150.47413225963999,-32.930239639641002],[150.46904765502001,-32.931432646095004],[150.46692011601999,-32.930055311256993],[150.46138277303999,-32.929732370183004],[150.45655766171001,-32.929508767902007],[150.45587882414,-32.928591327680003],[150.45597328029999,-32.927305433654013],[150.45487023084999,-32.92518589219501],[150.45338975779001,-32.92522719167701],[150.45326681330999,-32.925061016790998],[150.45237549337,-32.924748876673014],[150.45269235814999,-32.921662770037017],[150.45101132209001,-32.922139700731996],[150.44951127421999,-32.922898273730993],[150.44906919976,-32.924630845622005],[150.44905703161001,-32.924835416674973],[150.4470661039,-32.926505474792997],[150.44756031932999,-32.924869778827016],[150.44336034502001,-32.921399280199012],[150.44265389715,-32.916066156269011],[150.44275122585,-32.912683543462997],[150.43800697180001,-32.908234709778],[150.43755249738999,-32.90411551420901],[150.43762212868,-32.901699366978001],[150.44205332203001,-32.89864948544701],[150.44364177937001,-32.898739015502002],[150.44695259317001,-32.896496542906],[150.44925314983001,-32.897388156919],[150.45406244935,-32.897254048332009],[150.45427116835,-32.891452214562996],[150.45485011666,-32.884798024086976],[150.45556523766001,-32.884095820093009],[150.45693756684,-32.879113738444012],[150.45459640427001,-32.873483500643999],[150.44904703767,-32.871795806921995],[150.44873427510001,-32.869391779942994],[150.44582108652,-32.863034004253997],[150.44036449788999,-32.861097340731988],[150.43934194421001,-32.860612006429989],[150.43791575706001,-32.859257903982005],[150.43776911251001,-32.85929584654302],[150.44249948056,-32.855335841222008],[150.44290964794999,-32.854966039926985],[150.44167954881999,-32.854462549925017],[150.44268244378,-32.8535583468],[150.43838724154,-32.847943607245014],[150.43488172615,-32.846108537781014],[150.43345073705001,-32.838122114190995],[150.43402410447001,-32.837320884477997],[150.43399387274999,-32.836751271306994],[150.43318784437,-32.836654737939007],[150.43270106706001,-32.833937585381996],[150.4328204896,-32.833838404952019],[150.43276922913,-32.833807507299987],[150.43277337723001,-32.833804827317998],[150.43282188783999,-32.833834054775011],[150.43569491251,-32.833066646725001],[150.44154765057999,-32.830753617749018],[150.43869627775999,-32.822948409289985],[150.44716213505001,-32.822354348666003],[150.44933810220999,-32.823727232884004],[150.45107612249001,-32.824753912308005],[150.45665829890001,-32.826389969542994],[150.45964039846001,-32.826664978874],[150.46325745908999,-32.832297985251991],[150.46826137766001,-32.830007435321001],[150.47147031774,-32.825258333755016],[150.47983714716,-32.832907823841992],[150.48584441589,-32.834530633524004],[150.48742729641,-32.831618875610019],[150.48802041424,-32.825151085102],[150.48332814432001,-32.824566544482991],[150.48526415723001,-32.819852902681006],[150.48992785061,-32.819721384453999],[150.49364429892,-32.817107700378983],[150.50121867105,-32.815459913230008],[150.50975463267,-32.816651528147005],[150.51280787617,-32.818715209669008],[150.51665209769999,-32.819322746812006],[150.52029627747001,-32.814918313536985],[150.51587127133001,-32.810385051173014],[150.51412872598999,-32.798607522205984],[150.51762940108,-32.790623258856989],[150.52623474158,-32.793603687266994],[150.53044448652,-32.79276675186901],[150.53342567890999,-32.793039982942005],[150.53444550037,-32.797311609776983],[150.53998437638,-32.797869945890007],[150.54218993903999,-32.799957170464019],[150.54436683303001,-32.801328384648009],[150.54637000290001,-32.801939362747007],[150.54714260911999,-32.803092742905008],[150.54966913825001,-32.804350864623999],[150.55094116019001,-32.806515751212999],[150.55518015022,-32.806393946927024],[150.55574541248001,-32.806175692299988],[150.55915705439,-32.806817014550006],[150.56209552052999,-32.806007531335005],[150.56211342106999,-32.806007435254998],[150.56211906223001,-32.806001045843999],[150.56230496856,-32.805949829281019],[150.56226590560999,-32.805834707998976],[150.56265451119,-32.805394509966987],[150.56216313873,-32.803736127063004],[150.56018019163,-32.803673771102979],[150.55952831809,-32.801542132841007],[150.56036694382999,-32.80072524659699],[150.56887898719,-32.798831277746984],[150.57354144044001,-32.798696607633019],[150.5752513887,-32.79900557608002],[150.57685707162,-32.80045235573499],[150.57580522090001,-32.800482780360994],[150.57632634678001,-32.80112478034701],[150.57746150790001,-32.801211408688005],[150.57762942177999,-32.801863622821003],[150.57669119683999,-32.803145177138013],[150.57685210669001,-32.80317309387501],[150.57688677589999,-32.804027880749999],[150.57735422523999,-32.805089566047002],[150.57791238516,-32.805529713996002],[150.57785982105,-32.805799390730009],[150.57933860166,-32.805637126109026],[150.57937734801001,-32.806591744952009],[150.57881941746001,-32.806787095321994],[150.57940841076999,-32.809099669738004],[150.57979557491001,-32.809924735884003],[150.57966638085,-32.810227145791011],[150.57912295764999,-32.810780481094021],[150.57862838693001,-32.810794793831001],[150.57846001075001,-32.811874877707993],[150.57841114701,-32.812413895569023],[150.5794003037,-32.812385267624983],[150.58092077037,-32.81150497179199],[150.58080650786999,-32.810433070893005],[150.58192967426999,-32.810221340247992],[150.58232935064001,-32.809612422000001],[150.58355618364001,-32.809187761156011],[150.5843788382,-32.809360711877012],[150.58460475466001,-32.809904887679011],[150.58406621287,-32.810577569712976],[150.58372992341,-32.811005454400004],[150.5840149606,-32.811056927845009],[150.58549624251,-32.810954251590012],[150.58697994793999,-32.810911221769999],[150.58792027995,-32.811421548091992],[150.58892642031,-32.81181048957599],[150.58960115987,-32.812746650570013],[150.58991535237999,-32.813514071770008],[150.59043908727,-32.814215675060012],[150.59078033101,-32.814187697352992],[150.59073871480999,-32.814625114172003],[150.59184976046001,-32.814114975286991],[150.59315801842999,-32.814972980969991],[150.59575271617999,-32.816151979398001],[150.59649821799999,-32.817086048199982],[150.59538716182001,-32.817596228794997],[150.59404466365001,-32.817635252530998],[150.59348426424,-32.817771006123003],[150.59306031532,-32.817783324495011],[150.59229523078,-32.818104222324003],[150.59237804361999,-32.818400487749997],[150.59430527789999,-32.81882236183101],[150.59614240535001,-32.818768953376022],[150.59653958875001,-32.818100326523016],[150.59729492004001,-32.817540748961001],[150.59799662853001,-32.817400866640014],[150.59864715673999,-32.817740343333995],[150.59952427846,-32.818431628089009],[150.59985564656,-32.817884373926972],[150.60133458786001,-32.817721845285],[150.60351278527,-32.817359721504019],[150.60429245411001,-32.817396734959992],[150.60501130752999,-32.819406750108023],[150.60490170042999,-32.820186492096006],[150.60547917690999,-32.820468329846008],[150.60653175287999,-32.820258434720017],[150.60668039366001,-32.820433303537001],[150.60647307137,-32.821099573538994],[150.60578143391001,-32.822669688876005],[150.60555734213,-32.824109846436002],[150.60701453248001,-32.825142576435006],[150.60844489486999,-32.825518992917999],[150.60871061174001,-32.826825397863985],[150.60914453459,-32.828783971922029],[150.60947116766999,-32.829849660487014],[150.61076272542999,-32.830289837201001],[150.61148141178001,-32.828835226138999],[150.61075031292,-32.828259227683006],[150.61162497665001,-32.827158468137007],[150.61358159007,-32.826563706381023],[150.61497041615999,-32.825925773883988],[150.61514081855,-32.824905306675014],[150.61555990525,-32.824773585466012],[150.61681715389,-32.824378416903009],[150.61743843091,-32.824001837733014],[150.61927158174001,-32.824536387907003],[150.62117518879,-32.826442180823989],[150.62310116206001,-32.830268531912004],[150.62458382560001,-32.830146564426975],[150.62454405151999,-32.829967582085011],[150.62461096077001,-32.829588432545016],[150.62375603491,-32.829099896160017],[150.62375603426,-32.82824329030602],[150.62422258725999,-32.827986690569013],[150.62408873081,-32.827903045045005],[150.62491784042001,-32.827166974203003],[150.62468964256999,-32.82689146485999],[150.62513357781,-32.826639318040009],[150.62568881127001,-32.826323949559026],[150.62587928465999,-32.825692209913001],[150.62590095979999,-32.824877906293004],[150.62591048973999,-32.824519839183999],[150.62582733558,-32.823934738953007],[150.62581783324001,-32.823812999218013],[150.62591497970001,-32.823396961637989],[150.62633437572001,-32.822022437586988],[150.62647446637999,-32.82152778490002],[150.62681403899001,-32.821018091177017],[150.62748160487001,-32.819857787027019],[150.62803084962999,-32.818792983409992],[150.62842085883,-32.817961607993993],[150.62821789844,-32.817914770001018],[150.62821801011,-32.817914522822001],[150.62836678330001,-32.817588366852007],[150.62835416825999,-32.817586731428989],[150.62836760760999,-32.81755733348799],[150.62627715317001,-32.817286490908003],[150.62277526001,-32.816950797259004],[150.62176436167999,-32.815873146853001],[150.62075346604999,-32.814391138251018],[150.62048643398001,-32.812235834334004],[150.62021559076999,-32.810956003156001],[150.62008207491999,-32.810011865383998],[150.61974256620999,-32.808867457044983],[150.61933820727,-32.807789804536988],[150.62008207238,-32.806576730911011],[150.61927335655,-32.806645396270007],[150.61792676721001,-32.806509974911997],[150.61603849091,-32.80576992399601],[150.61522977525999,-32.805163388507992],[150.61361615652001,-32.804152494351001],[150.61307446883001,-32.803748137170977],[150.61112134333001,-32.803412444742001],[150.61011044867999,-32.803612714894001],[150.60916821706999,-32.80287266436401],[150.60815732181999,-32.802266127964998],[150.60795514134,-32.801861770894995],[150.60701291193999,-32.802132615143989],[150.6057349875,-32.802468308263997],[150.60549450565,-32.802468309142014],[150.60316204743,-32.801716149127003],[150.60303799494,-32.801659594625981],[150.60095135385001,-32.799572956588989],[150.5993339199,-32.797282231275993],[150.59825817409001,-32.796675695493988],[150.59610286831,-32.796137825292995],[150.59408107849001,-32.796002403587991],[150.59253230873,-32.795866982597005],[150.59098354193,-32.795329110893],[150.58882823645001,-32.794318216525006],[150.58754649792999,-32.793240566008997],[150.58613505922,-32.792904874106014],[150.58397593933,-32.79222967357699],[150.58283152871999,-32.792096159174022],[150.58229365705,-32.792431853543995],[150.5806762247,-32.793173812424001],[150.57946315155999,-32.793173813915011],[150.57744517482001,-32.792836213458024],[150.57535472089,-32.792836214067002],[150.57434764103999,-32.792836214283994],[150.57293238603,-32.792431858052993],[150.57023539428999,-32.791758564946015],[150.56902613418001,-32.791085273032003],[150.56761088019999,-32.790276557632005],[150.56498255315,-32.790007623214009],[150.56410898582999,-32.789738687291965],[150.56296076172001,-32.789467843001013],[150.56215585914001,-32.788525613599994],[150.56000055224999,-32.786841425540992],[150.55919183459,-32.785763774946986],[150.55838311893999,-32.785494839216994],[150.55676568549001,-32.784686123591001],[150.55595696839001,-32.782530819919998],[150.55602563145001,-32.780644452473005],[150.55622780901001,-32.779095683704014],[150.55575478757001,-32.778153454782995],[150.55535042669999,-32.775929486572998],[150.55447686062001,-32.774718321106008],[150.55292809210999,-32.774245300173014],[150.55124199484999,-32.773438490898009],[150.55110847882,-32.771552123109998],[150.55265724545001,-32.770407714789002],[150.5527259097,-32.769127884161016],[150.55319511376999,-32.767848052122019],[150.55427467554,-32.767241514235998],[150.55514823908999,-32.766499555427998],[150.55689918665999,-32.765826261936013],[150.55730354350001,-32.766366040332997],[150.55730354689001,-32.767443691841983],[150.55797874895001,-32.767848049637998],[150.55898964163001,-32.766568218061018],[150.55844795300999,-32.765421901729006],[150.55770790231,-32.76427749297499],[150.55750572100999,-32.762526546853991],[150.55784141359999,-32.761380230486004],[150.55818092063001,-32.760975871931009],[150.55892097287,-32.760975872227014],[150.55912864451,-32.760250000058022],[150.55945193420999,-32.758455783814988],[150.55954922065999,-32.757893687756997],[150.55939282256,-32.757987754777993],[150.55938361871,-32.757783299702005],[150.55936729026001,-32.757420573092993],[150.55936719184001,-32.757418573888003],[150.55948562610999,-32.75732070735598],[150.55818553544,-32.757341278270005],[150.55666922449001,-32.757689204133001],[150.54947936281999,-32.759946573362022],[150.54945905911001,-32.759910025247024],[150.54932886762001,-32.759950895598998],[150.54891276904999,-32.759201842371013],[150.54882814461999,-32.759222324267995],[150.54846371145999,-32.758393458306998],[150.54671260275001,-32.755241141409982],[150.54538634023001,-32.754044802329005],[150.5437110005,-32.752895765350999],[150.54240609851999,-32.754075880241004],[150.54203067499,-32.754086639001024],[150.54078932838999,-32.755069219260001],[150.53524268832001,-32.757962215433992],[150.53509219580999,-32.757966520341007],[150.52958642823,-32.758123887963023],[150.52943593517,-32.758128185986003],[150.52688901240001,-32.755124933746011]],[[150.88158564465999,-33.18745700907499],[150.88084451979,-33.186763314116014],[150.88050993895999,-33.186733737435993],[150.87994176884999,-33.18594270618901],[150.88040804518999,-33.184925068262011],[150.88141031442001,-33.184801642388003],[150.89334416125999,-33.190819627232003],[150.90331140518001,-33.184147870324992],[150.91312902148999,-33.184555404751009],[150.91675798330999,-33.185599567966001],[150.91698086333,-33.185808043874019],[150.91716831878,-33.186173292396006],[150.91727143060001,-33.186079831022013],[150.92139542461999,-33.189937022719995],[150.92519855102,-33.190422483862001],[150.92836132235999,-33.187555328125015],[150.93126152616,-33.188788696155996],[150.93816966167,-33.196454643290004],[150.94191384935999,-33.196385867037996],[150.94434868171999,-33.19850057899199],[150.94415730048999,-33.199643662940005],[150.94563273937999,-33.200851329005992],[150.94565923675,-33.200851996991986],[150.94572025913999,-33.200955876517],[150.94743701029,-33.201878945519994],[150.94786950760999,-33.202023492631994],[150.94789144471,-33.202093821715998],[150.9480872227,-33.202096255999976],[150.94874047206,-33.202314577563996],[150.95262237125999,-33.205685361873989],[150.94651885747001,-33.207149559682982],[150.94424150639,-33.205257898528004],[150.93969379951,-33.205540554903003],[150.93452822195999,-33.207960134528989],[150.93376006924001,-33.210452614978983],[150.93569011552,-33.212870602051986],[150.93952876311999,-33.213745239492994],[150.94393725148001,-33.215760405008993],[150.94059967209,-33.216503861391999],[150.94015932668,-33.216129458902017],[150.93987308780001,-33.216381192668031],[150.93985605821999,-33.216272266692997],[150.93994343096,-33.216140209411002],[150.93982237188999,-33.216056803968002],[150.93981425549001,-33.216004887775007],[150.93977966827001,-33.216027382720988],[150.93890047072,-33.215421634386004],[150.93738849066,-33.215472385712999],[150.9368067474,-33.216239848145008],[150.93579805512999,-33.216943358857002],[150.93471192641999,-33.218062560737017],[150.93374783025001,-33.218785748643008],[150.93267859301,-33.219184966051991],[150.93114177998001,-33.219329998091986],[150.93055883260999,-33.219187621159996],[150.92940923467,-33.219168486816002],[150.92859596741999,-33.219230759661002],[150.92800677087001,-33.219353622463998],[150.92746891165001,-33.219211983444985],[150.92765907122001,-33.21879816780099],[150.92786307944999,-33.217797014323992],[150.92762853638001,-33.217224488646004],[150.92670839530999,-33.217038569018996],[150.92631429151999,-33.216539197282003],[150.92631473810999,-33.216520251078002],[150.92531026051,-33.216086515220006],[150.92408263124,-33.215554276700992],[150.92358630141001,-33.215564945511019],[150.92299443727001,-33.215801461842993],[150.92265319901,-33.215928441737994],[150.92253928981,-33.216050137232997],[150.91995363657,-33.21506358250101],[150.91752808574,-33.213037095416993],[150.91679001910001,-33.211448065077008],[150.91507869684,-33.212343216888002],[150.91214841191001,-33.212085038908],[150.91191309269999,-33.211189113476017],[150.91243786734,-33.210302973169995],[150.91215796607,-33.208806374470996],[150.91185782688001,-33.20781221667901],[150.91109214963001,-33.207897934615993],[150.91082876664001,-33.206798985439001],[150.90730417630999,-33.208171710762002],[150.90296152802,-33.208027843377003],[150.90242662943001,-33.208214771507016],[150.90184647935999,-33.208238588730993],[150.90134035547999,-33.208039175455994],[150.90075139209,-33.208030447664001],[150.90020410941,-33.207868417608019],[150.89932309112001,-33.207872182534985],[150.89924588242999,-33.208053822094996],[150.89919217432001,-33.208224086296013],[150.89792349317,-33.207999377924011],[150.8947930077,-33.207595775367011],[150.89271907563,-33.206979774040008],[150.89229777756,-33.206132744101993],[150.89243475794001,-33.205375749093996],[150.89179550086001,-33.20518086087101],[150.89126154076001,-33.201922916070004],[150.89310850959001,-33.201340213699993],[150.89357655097001,-33.200357781211011],[150.89295004946001,-33.199997226973984],[150.89244826808999,-33.198965055542992],[150.89244868756001,-33.198959413803991],[150.89227018062999,-33.197818031909982],[150.89206973182999,-33.197143295622006],[150.89163130417001,-33.196870289461984],[150.89027847068999,-33.197127731419009],[150.88912958093999,-33.197824973796017],[150.88811590328999,-33.197287304995015],[150.8845727959,-33.198609378966005],[150.88080964267999,-33.199029824756998],[150.87686661708,-33.199455769094996],[150.87423579567999,-33.201051862224979],[150.87344218543001,-33.201428949044001],[150.87095803936,-33.201287116276013],[150.87150535981999,-33.198567142796001],[150.87151336333,-33.198567259761006],[150.87151012368,-33.198543467440004],[150.87152109287999,-33.198488956629987],[150.87193421155001,-33.198495275801001],[150.87152121358,-33.198488357529001],[150.87155021731999,-33.198344213790001],[150.87148286722001,-33.198343275275995],[150.87135040115999,-33.197370348546009],[150.87135627711001,-33.197341148694996],[150.87142844701,-33.196982471505009],[150.87143462495999,-33.196951765215999],[150.87144629874999,-33.196893748255995],[150.87096019293,-33.196822811967003],[150.87100360939999,-33.196607042041009],[150.87094724075999,-33.196606032661002],[150.87020157211001,-33.191596553364],[150.88273874320001,-33.189836609548003],[150.88139103496999,-33.187960403254003],[150.88158564465999,-33.18745700907499]],[[150.51794481394001,-33.465387554762003],[150.51798500862,-33.465285496308006],[150.52035065717999,-33.464863188225003],[150.52320076373999,-33.464729353471995],[150.52703972194999,-33.465855698761985],[150.53119580741,-33.467847061537007],[150.53477148924,-33.469337588658],[150.53564780753001,-33.469355445927015],[150.53565076756999,-33.469357984460011],[150.53477165850001,-33.469340072310992],[150.53644124166999,-33.470035988311018],[150.53648708609001,-33.470075310314009],[150.53772319277999,-33.48053235973299],[150.53731207947999,-33.481044238796997],[150.53772682108001,-33.482483840553023],[150.53541005304001,-33.483869119154008],[150.53428814405001,-33.483274248116992],[150.53290346054001,-33.483914640030001],[150.53074914058001,-33.483585439868989],[150.52918015357,-33.482695340817969],[150.52477138756001,-33.481557657805993],[150.52258456713,-33.482372747413997],[150.52122936597999,-33.485971716302984],[150.52140534937999,-33.487788278309012],[150.52012616496,-33.488716903434003],[150.51829691047999,-33.48896653092298],[150.51689840993001,-33.49008357750801],[150.51472493399999,-33.490421672396998],[150.51252765991001,-33.487610294900001],[150.51027045219001,-33.486896980074],[150.50593455531001,-33.487191433371038],[150.50542457757999,-33.489089617015999],[150.50538079851,-33.490615499177991],[150.50533701653001,-33.492141380825004],[150.50530691481001,-33.493190423290002],[150.50515751391001,-33.49442790886998],[150.50500810731,-33.495665391645005],[150.5047366556,-33.497186685092991],[150.50290993209001,-33.497340707248021],[150.50155222090001,-33.497027053987004],[150.50054148646001,-33.496529545328009],[150.49883957483999,-33.496304337043007],[150.4977424896,-33.494850837691004],[150.49789199767,-33.493613366853985],[150.49940460953999,-33.492498849651007],[150.49913849877001,-33.492212528969993],[150.50012044331001,-33.491368230695002],[150.50124348976999,-33.487955681348005],[150.50349250319999,-33.486069968442983],[150.51089412233,-33.485001057099993],[150.51417083474001,-33.481917905245986],[150.52358737033001,-33.47914840690899],[150.52385027201001,-33.477913159163997],[150.5258202126,-33.476712018347996],[150.52317040014,-33.47379636155501],[150.52156906662,-33.474050603286976],[150.51946678556999,-33.469027205285997],[150.51922418314999,-33.469022230414005],[150.51922293101001,-33.469019694119986],[150.51946680047999,-33.469024695617996],[150.51794481394001,-33.465387554762003]],[[150.54388881886999,-33.482033639284005],[150.54417299030999,-33.480035372386993],[150.54463899356,-33.479662914327008],[150.54544601014001,-33.479381302014993],[150.54546636814001,-33.479883766773],[150.54498146835999,-33.480071317166001],[150.54499024664,-33.480544443967013],[150.54483020800001,-33.480781789184],[150.54467379325999,-33.480885864595983],[150.54468173545999,-33.481001981210007],[150.54463103872999,-33.481077166167992],[150.54471675903,-33.481614037313022],[150.54448648358999,-33.482513125512988],[150.54425211789001,-33.482811336982998],[150.54462574320999,-33.482612574612993],[150.54479908095999,-33.482478262881997],[150.54479992787,-33.482478093159976],[150.5446536135,-33.482725552673976],[150.54353863918001,-33.48335454442401],[150.54201820096,-33.484532602523011],[150.54325996343999,-33.485273767569979],[150.54284129086,-33.487256697446007],[150.53983642546001,-33.486983716551002],[150.53957213480999,-33.489260887358981],[150.53980584030001,-33.48984139245001],[150.53946484396999,-33.490086291559976],[150.53497403454,-33.490054803416022],[150.53445597686999,-33.48951508481602],[150.53412727151999,-33.48914214917599],[150.53228994251,-33.490245447609013],[150.53196781777001,-33.493186534169006],[150.52904209163,-33.497872693785013],[150.52283047404001,-33.496560770732991],[150.52285309982,-33.497737552208001],[150.52278338356999,-33.497815801729992],[150.52285490449,-33.497831396900999],[150.52285798499,-33.49799159791101],[150.52271981205001,-33.498125258601988],[150.52235944492,-33.498101972495007],[150.52261055736,-33.498230944102012],[150.52035446567999,-33.500413254811015],[150.51668841627,-33.504347547837995],[150.51765188205999,-33.499328539155997],[150.50952318878001,-33.503974622823002],[150.50465472609,-33.502158999956009],[150.50292494454001,-33.500521031636985],[150.49532863712,-33.505634918808006],[150.49539499834,-33.510445539077992],[150.49420738025,-33.511337559983005],[150.49320258398001,-33.510630179891024],[150.49105863995001,-33.511502804757001],[150.49067028124,-33.510750641907016],[150.49117156086999,-33.509959256192985],[150.49104155827001,-33.509727608901017],[150.49113464897999,-33.508870697121999],[150.49052485954999,-33.50868657853097],[150.49041634631999,-33.507711075006],[150.48924690787999,-33.507973631095993],[150.48918139746999,-33.505510415219007],[150.48912427184001,-33.505518678468],[150.48926290388999,-33.505068734532976],[150.49281713373,-33.503720908098998],[150.49504598275999,-33.501475884825005],[150.49626517361,-33.502645609281984],[150.49970215851999,-33.501951679187989],[150.49820182459999,-33.498677015182999],[150.49802291179,-33.497924898041006],[150.50057304516,-33.499392856514],[150.50330223892999,-33.499543336080997],[150.50591487859,-33.499786830183012],[150.50707781227001,-33.498951443728998],[150.50806053329001,-33.492482480453994],[150.50662187271001,-33.491022181725015],[150.50714277588,-33.488742522011982],[150.50999913025001,-33.488418290062008],[150.51111546198999,-33.489204112141991],[150.51164906961,-33.490455331935017],[150.51183304474,-33.491985795354999],[150.51316071529001,-33.493348383428007],[150.51577048518001,-33.493687032665989],[150.51774362152,-33.492390674613979],[150.51950538195999,-33.490517510463008],[150.52223164129001,-33.490762931305014],[150.52386859245999,-33.489268898853993],[150.52430779737,-33.485842441768],[150.52470081788999,-33.484037253355979],[150.52664647931999,-33.483694429419998],[150.52798240785,-33.484770756804984],[150.52839700512001,-33.486210381674013],[150.52903925046999,-33.487654548252991],[150.52957853461999,-33.488714962614999],[150.5301449191,-33.48882168283],[150.53094707132999,-33.488646830905004],[150.53131289506999,-33.487795310321999],[150.53285476120001,-33.485631293660994],[150.53367581085001,-33.484788833968999],[150.53708483982999,-33.485047517442005],[150.53781944076999,-33.487256866472002],[150.54058343819,-33.486166698458987],[150.54130947901001,-33.484654332645995],[150.54186956702,-33.482566124411996],[150.54205166558,-33.482569738579983],[150.54388881886999,-33.482033639284005]],[[150.09296092606999,-33.167722854490997],[150.09285316109001,-33.16813714766198],[150.09036380373999,-33.167840795196014],[150.08985329404999,-33.167660760887991],[150.08996021767999,-33.167614495161992],[150.0894256247,-33.166927391486993],[150.08868360834001,-33.167216975176999],[150.08835516675001,-33.167044394217008],[150.08784743091999,-33.166356614962005],[150.08693392199999,-33.165588547552012],[150.08647287476001,-33.165464446734006],[150.08579472807,-33.16527795701802],[150.08502960343,-33.164144688549001],[150.08374161761,-33.164335066801009],[150.08313468965,-33.164198211804006],[150.08311688481001,-33.164203953992008],[150.08255319394999,-33.164002847929993],[150.08052364905001,-33.164346933727018],[150.07970815761001,-33.16407344428201],[150.07863614044001,-33.164145215375015],[150.07796364169999,-33.165466448629012],[150.0711149752,-33.167303438801987],[150.07087440239999,-33.165805656516],[150.06997297454001,-33.163419916751998],[150.06639928556001,-33.162590876910997],[150.06475867776001,-33.162459379162009],[150.06300202354001,-33.160954708904008],[150.06295408302,-33.159579875308012],[150.06153505342999,-33.15852719395199],[150.06118972313999,-33.152393458379983],[150.06384203971001,-33.147012686623],[150.06355470011999,-33.140808582251985],[150.06326909504,-33.138725323089005],[150.06475587017999,-33.138277093837985],[150.06444638108999,-33.138534809325996],[150.06490185375,-33.140260243928999],[150.06562580267001,-33.142126846252999],[150.06578837499001,-33.143009646797999],[150.06501123288001,-33.144654662133995],[150.06514279697001,-33.145907733243995],[150.06519174392,-33.147310646426988],[150.06562151054999,-33.14829769926699],[150.06596608701,-33.149360756410012],[150.06578770934999,-33.153060215829981],[150.06561850617001,-33.154505464799009],[150.06582756897001,-33.155461015984002],[150.06646653018001,-33.156147296756998],[150.06792010204001,-33.156259190398998],[150.06850487684,-33.156651195240002],[150.06964084218001,-33.158987951117005],[150.07150240839999,-33.159459222309003],[150.07305158053001,-33.159790395647015],[150.07458267035,-33.159604689147983],[150.07566577590001,-33.159171407709003],[150.07771847442999,-33.16008125897001],[150.07844146708999,-33.16065454671601],[150.07989771906,-33.160840136712004],[150.0813719686,-33.160286249925008],[150.08277007378001,-33.160066792039984],[150.08356274272001,-33.160121009863992],[150.08550312014,-33.160331461849992],[150.0853495904,-33.160963438475008],[150.08558462056001,-33.161401006014998],[150.08655936516999,-33.161635434951997],[150.08788656383999,-33.16189804219902],[150.08900987974999,-33.162609116121011],[150.08933895960001,-33.161972765700028],[150.08966803608999,-33.161336415474985],[150.09076018184999,-33.161161431068997],[150.09216896890999,-33.16249353425399],[150.09376736504001,-33.162971027529004],[150.09605898394,-33.163172565841009],[150.09757055641001,-33.162432800643003],[150.09860669867999,-33.160670257839001],[150.09888815100999,-33.159901958797001],[150.09890985513999,-33.15996360166401],[150.09901241763001,-33.159650479584002],[150.09950131414999,-33.159017152669996],[150.10048187973999,-33.158634328451988],[150.10176474981,-33.15876951243699],[150.10246559844001,-33.158575632384],[150.10409602697999,-33.158730136974008],[150.10677441047,-33.159293828679985],[150.10838340486001,-33.160457587326022],[150.10779759799999,-33.163166981644991],[150.10715906721001,-33.164386989900002],[150.10568091466001,-33.16499731633499],[150.10561562658,-33.165413971581991],[150.10522237079999,-33.16552479565199],[150.10423185424,-33.166611615728002],[150.10235508306999,-33.166638271269989],[150.10076413512999,-33.166630231021998],[150.10068154627001,-33.166754194973009],[150.09836948434,-33.166441328767014],[150.09629383666001,-33.165575751056977],[150.09415012202999,-33.164711836888983],[150.09183438351999,-33.164769520194007],[150.09179853543,-33.165687763815008],[150.09296092606999,-33.167722854490997]],[[150.50232939764999,-33.454100086797006],[150.50240774512,-33.447503378665992],[150.50375394656999,-33.447009395087008],[150.50577968703999,-33.446531192492998],[150.50852121857,-33.447247899607987],[150.51003755299999,-33.449950229778004],[150.50921309590001,-33.454895671116006],[150.51005396773999,-33.454870122189],[150.50959169512001,-33.454914219888018],[150.50799068468001,-33.455168303948987],[150.5070094962,-33.45762956848499],[150.50683563205999,-33.459725379167004],[150.51036369046,-33.459427565010003],[150.50978298164,-33.460166343283007],[150.50910218333999,-33.464065007731996],[150.50950274292001,-33.465981522685993],[150.50791761940999,-33.468787328005988],[150.50797351935,-33.468788479564019],[150.50797224352999,-33.468790986579997],[150.50791746710999,-33.468789858867993],[150.50758374745999,-33.469380547391012],[150.50412075896,-33.471028440178991],[150.50394366647001,-33.473021924024017],[150.49864497210999,-33.471395108876997],[150.49891770022001,-33.468604161662007],[150.49818231585999,-33.468588958722002],[150.49818244829001,-33.468586406476987],[150.49891778437001,-33.468601609615988],[150.49912894849999,-33.466440510195014],[150.49690947599001,-33.460479474998991],[150.50191420203001,-33.456668139293029],[150.50232939764999,-33.454100086797006]],[[150.12220602065,-33.185298113952001],[150.12100110339,-33.184970055177992],[150.12017939577001,-33.184632359465994],[150.11944981639999,-33.183288986754022],[150.1193512831,-33.181714757261993],[150.11903478706,-33.180002663325013],[150.11885365616999,-33.178502176054003],[150.11934990635001,-33.176877171571995],[150.12136038616001,-33.175894965125003],[150.12342230748001,-33.175162271662991],[150.12440149666,-33.175137639776999],[150.12556934061999,-33.174427399736999],[150.12631398961,-33.173799472866996],[150.12740253004,-33.174452915556998],[150.12935020651,-33.175299709065015],[150.13204535546001,-33.175799220245977],[150.13209402755001,-33.175781514341004],[150.13181717705001,-33.176458516191992],[150.13227059248999,-33.178173919783987],[150.13251701912,-33.178613965950014],[150.13280471168,-33.178917150901015],[150.13291351874,-33.179380071334982],[150.13281692788999,-33.179906380158009],[150.13262950757999,-33.180473784618982],[150.13219979893,-33.180717455409997],[150.13173158568,-33.181175524615],[150.13183831719999,-33.181580288840998],[150.13208739897999,-33.181683631442993],[150.13180021368001,-33.181867302177004],[150.13061572878999,-33.182112170989996],[150.12940954666001,-33.181748392574015],[150.12836475258001,-33.181129696757999],[150.12788061693999,-33.181894411924993],[150.12775621578999,-33.183187579177016],[150.12749770158999,-33.184304952548018],[150.12636722151001,-33.184870926592986],[150.12554931713001,-33.184640674359009],[150.12476890037999,-33.184266133999003],[150.12372610406999,-33.184901548440997],[150.12220602065,-33.185298113952001]],[[150.97780488167999,-33.238856947063979],[150.97804555868001,-33.237893404535015],[150.97754933085,-33.236356054016994],[150.97757772784999,-33.233846068868004],[150.97741656477001,-33.233631412713017],[150.97761045621999,-33.233186974502992],[150.97881882432,-33.233911019873005],[150.98001599759999,-33.235122531651982],[150.98062066698,-33.236866257203012],[150.98047556307,-33.237568298445986],[150.97905008762001,-33.237870243731003],[150.97836189207999,-33.239755511797007],[150.97788058303999,-33.240526745935007],[150.97780488167999,-33.238856947063979]],[[150.57214424823999,-32.990317807590003],[150.5727563156,-32.990810714293005],[150.57260488962999,-32.991036542610019],[150.57236420833999,-32.991253742095999],[150.57233986560999,-32.991270959473994],[150.57214424823999,-32.990317807590003]],[[150.59195028191999,-33.452354479382002],[150.59232623874999,-33.452342806136024],[150.59248714194999,-33.45260082002499],[150.59195028191999,-33.452354479382002]],[[150.58766690383999,-32.952980160033007],[150.58779898200001,-32.952730795901985],[150.58770889300001,-32.953007512188009],[150.58758401169999,-32.953069025806002],[150.58766690383999,-32.952980160033007]],[[150.69503256012001,-32.99534948632899],[150.69504851519,-32.995234768926004],[150.69512480490999,-32.995152854626014],[150.69503256012001,-32.99534948632899]],[[151.03143555793,-33.164713856401981],[151.03144002594999,-33.16471848356499],[151.03143956244,-33.164722189947007],[151.03143555793,-33.164713856401981]]]},"properties":{"OBJECTID":129583,"FireName":"Gospers Mountain","FireNo":"19102652934","FireType":1,"StartDate":1572008400000,"EndDate":1581253200000,"AreaHa":479513.85436911002}},{"type":"Feature","id":333802,"geometry":{"type":"Polygon","coordinates":[[[150.313292365,-33.640738360378016],[150.31262617406,-33.639852155446995],[150.31213050648,-33.639292111460996],[150.31151365881999,-33.638316407810009],[150.31115672101001,-33.638634516937024],[150.31095981866,-33.639697943029994],[150.31064210623001,-33.641051168153986],[150.31085692921999,-33.641155701319008],[150.31095717816001,-33.642409658693012],[150.31153262725999,-33.644378527405017],[150.31164458033001,-33.64594081586899],[150.3113523536,-33.647271317379996],[150.31223136720999,-33.647512554395981],[150.31237850753999,-33.647222054051021],[150.31288261362999,-33.646613441202021],[150.31299172225999,-33.646015308423991],[150.31317982608999,-33.645415078138001],[150.31350460208,-33.644943495763997],[150.31374452972,-33.644319843291001],[150.31468580137999,-33.644118491707999],[150.31546823926001,-33.643899303797021],[150.31510168221001,-33.643269705544],[150.31457045321,-33.642468109938008],[150.31428164133001,-33.642497822436006],[150.313292365,-33.640738360378016]]]},"properties":{"OBJECTID":333802,"FireName":"Grose Valley","FireNo":"19122065204","FireType":1,"StartDate":1576800000000,"EndDate":1580774400000,"AreaHa":20.51434969}}]}